ISO-10303-21;
HEADER;
/* Generated by software containing ST-Developer
 * from STEP Tools, Inc. (www.steptools.com) 
 */

FILE_DESCRIPTION(
/* description */ (''),
/* implementation_level */ '2;1');

FILE_NAME(
/* name */ 'Roda.step',
/* time_stamp */ '2026-05-17T12:22:08-03:00',
/* author */ (''),
/* organization */ (''),
/* preprocessor_version */ 'ST-DEVELOPER v20.1',
/* originating_system */ 'Autodesk Translation Framework v15.8.0.0',
/* authorisation */ '');

FILE_SCHEMA (('AUTOMOTIVE_DESIGN { 1 0 10303 214 3 1 1 }'));
ENDSEC;

DATA;
#10=MECHANICAL_DESIGN_GEOMETRIC_PRESENTATION_REPRESENTATION('',(#29,#30,
#31),#4933);
#11=ITEM_DEFINED_TRANSFORMATION($,$,#1472,#1593);
#12=ITEM_DEFINED_TRANSFORMATION($,$,#1560,#1594);
#13=ITEM_DEFINED_TRANSFORMATION($,$,#1584,#1595);
#14=(
REPRESENTATION_RELATIONSHIP($,$,#4950,#4949)
REPRESENTATION_RELATIONSHIP_WITH_TRANSFORMATION(#11)
SHAPE_REPRESENTATION_RELATIONSHIP()
);
#15=(
REPRESENTATION_RELATIONSHIP($,$,#4951,#4949)
REPRESENTATION_RELATIONSHIP_WITH_TRANSFORMATION(#12)
SHAPE_REPRESENTATION_RELATIONSHIP()
);
#16=(
REPRESENTATION_RELATIONSHIP($,$,#4952,#4949)
REPRESENTATION_RELATIONSHIP_WITH_TRANSFORMATION(#13)
SHAPE_REPRESENTATION_RELATIONSHIP()
);
#17=CONTEXT_DEPENDENT_SHAPE_REPRESENTATION(#14,#4946);
#18=CONTEXT_DEPENDENT_SHAPE_REPRESENTATION(#15,#4947);
#19=CONTEXT_DEPENDENT_SHAPE_REPRESENTATION(#16,#4948);
#20=NEXT_ASSEMBLY_USAGE_OCCURRENCE('Roda - Estrutura:1',
'Roda - Estrutura:1','Roda - Estrutura:1',#4954,#4955,
'Roda - Estrutura:1');
#21=NEXT_ASSEMBLY_USAGE_OCCURRENCE('Roda - Fixador de eixo:1',
'Roda - Fixador de eixo:1','Roda - Fixador de eixo:1',#4954,#4956,
'Roda - Fixador de eixo:1');
#22=NEXT_ASSEMBLY_USAGE_OCCURRENCE('Roda - Pneu:1','Roda - Pneu:1',
'Roda - Pneu:1',#4954,#4957,'Roda - Pneu:1');
#23=SHAPE_REPRESENTATION_RELATIONSHIP('SRR','None',#4950,#26);
#24=SHAPE_REPRESENTATION_RELATIONSHIP('SRR','None',#4951,#27);
#25=SHAPE_REPRESENTATION_RELATIONSHIP('SRR','None',#4952,#28);
#26=ADVANCED_BREP_SHAPE_REPRESENTATION('',(#32),#4930);
#27=ADVANCED_BREP_SHAPE_REPRESENTATION('',(#33),#4931);
#28=ADVANCED_BREP_SHAPE_REPRESENTATION('',(#34),#4932);
#29=STYLED_ITEM('',(#4974),#32);
#30=STYLED_ITEM('',(#4975),#33);
#31=STYLED_ITEM('',(#4976),#34);
#32=MANIFOLD_SOLID_BREP('Corpo1',#1434);
#33=MANIFOLD_SOLID_BREP('Corpo1',#1435);
#34=MANIFOLD_SOLID_BREP('Corpo1',#1436);
#35=(
BOUNDED_CURVE()
B_SPLINE_CURVE(2,(#4244,#4245,#4246),.UNSPECIFIED.,.F.,.F.)
B_SPLINE_CURVE_WITH_KNOTS((3,3),(-1.46244049655387,-1.32562578877914),
 .UNSPECIFIED.)
CURVE()
GEOMETRIC_REPRESENTATION_ITEM()
RATIONAL_B_SPLINE_CURVE((1.,0.99580728445339,0.996288263568573))
REPRESENTATION_ITEM('')
);
#36=(
BOUNDED_CURVE()
B_SPLINE_CURVE(2,(#4248,#4249,#4250),.UNSPECIFIED.,.F.,.F.)
B_SPLINE_CURVE_WITH_KNOTS((3,3),(-1.24675399603447,-1.21697082264413),
 .UNSPECIFIED.)
CURVE()
GEOMETRIC_REPRESENTATION_ITEM()
RATIONAL_B_SPLINE_CURVE((0.998396057867367,0.99908728837614,1.))
REPRESENTATION_ITEM('')
);
#37=(
BOUNDED_SURFACE()
B_SPLINE_SURFACE(2,2,((#4217,#4218,#4219,#4220,#4221,#4222,#4223,#4224,
#4225),(#4226,#4227,#4228,#4229,#4230,#4231,#4232,#4233,#4234),(#4235,#4236,
#4237,#4238,#4239,#4240,#4241,#4242,#4243)),.UNSPECIFIED.,.F.,.T.,.F.)
B_SPLINE_SURFACE_WITH_KNOTS((3,3),(3,2,2,2,3),(1.21697082264413,1.46244049655387),
(-3.14159265358979,-1.5707963267949,0.,1.5707963267949,3.14159265358979),
 .UNSPECIFIED.)
GEOMETRIC_REPRESENTATION_ITEM()
RATIONAL_B_SPLINE_SURFACE(((1.,0.707106781186548,1.,0.707106781186548,1.,
0.707106781186548,1.,0.707106781186548,1.),(0.992477530122586,0.701787591724956,
0.992477530122586,0.701787591724956,0.992477530122586,0.701787591724956,
0.992477530122586,0.701787591724956,0.992477530122586),(1.,0.707106781186548,
1.,0.707106781186548,1.,0.707106781186548,1.,0.707106781186548,1.)))
REPRESENTATION_ITEM('')
SURFACE()
);
#38=CONICAL_SURFACE('',#1543,2.5,1.37834184105338);
#39=FACE_BOUND('',#240,.T.);
#40=FACE_BOUND('',#252,.T.);
#41=FACE_BOUND('',#256,.T.);
#42=FACE_BOUND('',#257,.T.);
#43=FACE_BOUND('',#258,.T.);
#44=FACE_BOUND('',#259,.T.);
#45=FACE_BOUND('',#260,.T.);
#46=FACE_BOUND('',#261,.T.);
#47=FACE_BOUND('',#262,.T.);
#48=FACE_BOUND('',#263,.T.);
#49=FACE_BOUND('',#265,.T.);
#50=FACE_BOUND('',#268,.T.);
#51=FACE_BOUND('',#270,.T.);
#52=FACE_BOUND('',#272,.T.);
#53=FACE_BOUND('',#275,.T.);
#54=FACE_BOUND('',#298,.T.);
#55=FACE_BOUND('',#302,.T.);
#56=FACE_BOUND('',#304,.T.);
#57=CIRCLE('',#1500,1.5);
#58=CIRCLE('',#1501,1.5);
#59=CIRCLE('',#1504,1.35);
#60=CIRCLE('',#1505,1.35);
#61=CIRCLE('',#1507,1.35);
#62=CIRCLE('',#1508,1.35);
#63=CIRCLE('',#1510,1.35);
#64=CIRCLE('',#1511,1.35);
#65=CIRCLE('',#1513,1.35);
#66=CIRCLE('',#1514,1.35);
#67=CIRCLE('',#1516,1.35);
#68=CIRCLE('',#1517,1.35);
#69=CIRCLE('',#1519,1.35);
#70=CIRCLE('',#1520,1.35);
#71=CIRCLE('',#1522,1.35);
#72=CIRCLE('',#1523,1.35);
#73=CIRCLE('',#1525,1.35);
#74=CIRCLE('',#1526,1.35);
#75=CIRCLE('',#1528,1.35);
#76=CIRCLE('',#1529,1.35);
#77=CIRCLE('',#1531,9.);
#78=CIRCLE('',#1532,9.);
#79=CIRCLE('',#1533,9.);
#80=CIRCLE('',#1534,9.);
#81=CIRCLE('',#1535,9.);
#82=CIRCLE('',#1536,9.);
#83=CIRCLE('',#1537,9.);
#84=CIRCLE('',#1538,9.);
#85=CIRCLE('',#1539,9.);
#86=CIRCLE('',#1540,3.5);
#87=CIRCLE('',#1542,3.5);
#88=CIRCLE('',#1544,10.);
#89=CIRCLE('',#1546,13.);
#90=CIRCLE('',#1548,13.);
#91=CIRCLE('',#1550,11.);
#92=CIRCLE('',#1552,11.);
#93=CIRCLE('',#1554,13.);
#94=CIRCLE('',#1556,13.);
#95=CIRCLE('',#1558,9.);
#96=CIRCLE('',#1562,1.5);
#97=CIRCLE('',#1564,1.5);
#98=CIRCLE('',#1569,1.5);
#99=CIRCLE('',#1571,1.25);
#100=CIRCLE('',#1579,1.5);
#101=CIRCLE('',#1586,11.);
#102=CIRCLE('',#1587,11.);
#103=CIRCLE('',#1589,15.);
#104=CIRCLE('',#1590,15.);
#105=PLANE('',#1488);
#106=PLANE('',#1489);
#107=PLANE('',#1530);
#108=PLANE('',#1545);
#109=PLANE('',#1549);
#110=PLANE('',#1553);
#111=PLANE('',#1557);
#112=PLANE('',#1570);
#113=PLANE('',#1572);
#114=PLANE('',#1573);
#115=PLANE('',#1574);
#116=PLANE('',#1575);
#117=PLANE('',#1576);
#118=PLANE('',#1577);
#119=PLANE('',#1580);
#120=PLANE('',#1581);
#121=PLANE('',#1582);
#122=PLANE('',#1583);
#123=PLANE('',#1591);
#124=PLANE('',#1592);
#125=B_SPLINE_SURFACE_WITH_KNOTS('',3,3,((#2399,#2400,#2401,#2402),(#2403,
#2404,#2405,#2406),(#2407,#2408,#2409,#2410),(#2411,#2412,#2413,#2414)),
 .UNSPECIFIED.,.F.,.F.,.F.,(4,4),(4,4),(0.,0.0559016994374947),(0.,0.750838856394696),
 .UNSPECIFIED.);
#126=B_SPLINE_SURFACE_WITH_KNOTS('',3,3,((#2434,#2435,#2436,#2437,#2438),
(#2439,#2440,#2441,#2442,#2443),(#2444,#2445,#2446,#2447,#2448),(#2449,
#2450,#2451,#2452,#2453)),.UNSPECIFIED.,.F.,.F.,.F.,(4,4),(4,1,4),(0.,0.0559016994374947),
(2.3524737703831,3.16954387456507,3.98661397874704),.UNSPECIFIED.);
#127=B_SPLINE_SURFACE_WITH_KNOTS('',3,3,((#2509,#2510,#2511,#2512,#2513),
(#2514,#2515,#2516,#2517,#2518),(#2519,#2520,#2521,#2522,#2523),(#2524,
#2525,#2526,#2527,#2528)),.UNSPECIFIED.,.F.,.F.,.F.,(4,4),(4,1,4),(0.,0.0559016994374947),
(5.37639437837624,6.37443553890483,7.37247669943342),.UNSPECIFIED.);
#128=B_SPLINE_SURFACE_WITH_KNOTS('',3,3,((#2580,#2581,#2582,#2583,#2584,
#2585,#2586,#2587,#2588,#2589,#2590,#2591,#2592,#2593,#2594,#2595,#2596,
#2597,#2598,#2599,#2600,#2601,#2602,#2603,#2604,#2605,#2606,#2607,#2608,
#2609,#2610,#2611,#2612,#2613,#2614,#2615,#2616,#2617,#2618,#2619,#2620,
#2621,#2622,#2623,#2624,#2625,#2626,#2627,#2628,#2629,#2630,#2631,#2632,
#2633,#2634,#2635,#2636,#2637,#2638,#2639,#2640,#2641,#2642,#2643,#2644,
#2645,#2646,#2647,#2648,#2649,#2650,#2651,#2652,#2653,#2654,#2655,#2656,
#2657,#2658,#2659,#2660,#2661,#2662,#2663,#2664,#2665),(#2666,#2667,#2668,
#2669,#2670,#2671,#2672,#2673,#2674,#2675,#2676,#2677,#2678,#2679,#2680,
#2681,#2682,#2683,#2684,#2685,#2686,#2687,#2688,#2689,#2690,#2691,#2692,
#2693,#2694,#2695,#2696,#2697,#2698,#2699,#2700,#2701,#2702,#2703,#2704,
#2705,#2706,#2707,#2708,#2709,#2710,#2711,#2712,#2713,#2714,#2715,#2716,
#2717,#2718,#2719,#2720,#2721,#2722,#2723,#2724,#2725,#2726,#2727,#2728,
#2729,#2730,#2731,#2732,#2733,#2734,#2735,#2736,#2737,#2738,#2739,#2740,
#2741,#2742,#2743,#2744,#2745,#2746,#2747,#2748,#2749,#2750,#2751),(#2752,
#2753,#2754,#2755,#2756,#2757,#2758,#2759,#2760,#2761,#2762,#2763,#2764,
#2765,#2766,#2767,#2768,#2769,#2770,#2771,#2772,#2773,#2774,#2775,#2776,
#2777,#2778,#2779,#2780,#2781,#2782,#2783,#2784,#2785,#2786,#2787,#2788,
#2789,#2790,#2791,#2792,#2793,#2794,#2795,#2796,#2797,#2798,#2799,#2800,
#2801,#2802,#2803,#2804,#2805,#2806,#2807,#2808,#2809,#2810,#2811,#2812,
#2813,#2814,#2815,#2816,#2817,#2818,#2819,#2820,#2821,#2822,#2823,#2824,
#2825,#2826,#2827,#2828,#2829,#2830,#2831,#2832,#2833,#2834,#2835,#2836,
#2837),(#2838,#2839,#2840,#2841,#2842,#2843,#2844,#2845,#2846,#2847,#2848,
#2849,#2850,#2851,#2852,#2853,#2854,#2855,#2856,#2857,#2858,#2859,#2860,
#2861,#2862,#2863,#2864,#2865,#2866,#2867,#2868,#2869,#2870,#2871,#2872,
#2873,#2874,#2875,#2876,#2877,#2878,#2879,#2880,#2881,#2882,#2883,#2884,
#2885,#2886,#2887,#2888,#2889,#2890,#2891,#2892,#2893,#2894,#2895,#2896,
#2897,#2898,#2899,#2900,#2901,#2902,#2903,#2904,#2905,#2906,#2907,#2908,
#2909,#2910,#2911,#2912,#2913,#2914,#2915,#2916,#2917,#2918,#2919,#2920,
#2921,#2922,#2923)),.UNSPECIFIED.,.F.,.F.,.F.,(4,4),(4,1,1,1,1,1,1,1,1,
1,1,1,1,1,1,1,1,1,1,1,1,1,1,1,1,1,1,1,1,1,1,1,1,1,1,1,1,1,1,1,1,1,1,1,1,
1,1,1,1,1,1,1,1,1,1,1,1,1,1,1,1,1,1,1,1,1,1,1,1,1,1,1,1,1,1,1,1,1,1,1,1,
1,1,4),(0.,0.0559016994374947),(8.18115851227696,9.18025524049174,10.1793519687065,
11.1784486969213,12.1775454251361,13.1766421533509,14.1757388815657,15.1748356097804,
16.1739323379952,17.17302906621,18.1721257944248,19.1712225226396,20.1703192508544,
21.1694159790691,22.1685127072839,23.1676094354987,24.1667061637135,25.1658028919283,
26.1648996201431,27.1639963483578,28.1630930765726,29.1621898047874,30.1612865330022,
31.160383261217,32.1594799894318,33.1585767176466,34.1576734458613,35.1567701740761,
36.1558669022909,37.1549636305057,38.1540603587205,39.1531570869353,40.15225381515,
41.1513505433648,42.1504472715796,43.1495439997944,44.1486407280092,45.147737456224,
46.1468341844387,47.1459309126535,48.1450276408683,49.1441243690831,50.1432210972979,
51.1423178255127,52.1414145537274,53.1405112819422,54.139608010157,55.1387047383718,
56.1378014665866,57.1368981948014,58.1359949230161,59.1350916512309,60.1341883794457,
61.1332851076605,62.1323818358753,63.1314785640901,64.1305752923048,65.1296720205196,
66.1287687487344,67.1278654769492,68.126962205164,69.1260589333788,70.1251556615936,
71.1242523898083,72.1233491180231,73.1224458462379,74.1215425744527,75.1206393026675,
76.1197360308823,77.118832759097,78.1179294873118,79.1170262155266,80.1161229437414,
81.1152196719562,82.1143164001709,83.1134131283857,84.1125098566005,85.1116065848153,
86.1107033130301,87.1098000412449,88.1088967694597,89.1079934976744,90.1070902258892,
91.106186954104),.UNSPECIFIED.);
#129=B_SPLINE_SURFACE_WITH_KNOTS('',3,3,((#3095,#3096,#3097,#3098),(#3099,
#3100,#3101,#3102),(#3103,#3104,#3105,#3106),(#3107,#3108,#3109,#3110)),
 .UNSPECIFIED.,.F.,.F.,.F.,(4,4),(4,4),(0.,0.0559016994374947),(0.,0.750838856394696),
 .UNSPECIFIED.);
#130=B_SPLINE_SURFACE_WITH_KNOTS('',3,3,((#3129,#3130,#3131,#3132,#3133),
(#3134,#3135,#3136,#3137,#3138),(#3139,#3140,#3141,#3142,#3143),(#3144,
#3145,#3146,#3147,#3148)),.UNSPECIFIED.,.F.,.F.,.F.,(4,4),(4,1,4),(0.,0.0559016994374947),
(2.3524737703831,3.16954387456507,3.98661397874704),.UNSPECIFIED.);
#131=B_SPLINE_SURFACE_WITH_KNOTS('',3,3,((#3172,#3173,#3174,#3175,#3176),
(#3177,#3178,#3179,#3180,#3181),(#3182,#3183,#3184,#3185,#3186),(#3187,
#3188,#3189,#3190,#3191)),.UNSPECIFIED.,.F.,.F.,.F.,(4,4),(4,1,4),(0.,0.0559016994374947),
(5.37639437837624,6.33890199842511,7.30140961847397),.UNSPECIFIED.);
#132=B_SPLINE_SURFACE_WITH_KNOTS('',3,3,((#3215,#3216,#3217,#3218,#3219,
#3220),(#3221,#3222,#3223,#3224,#3225,#3226),(#3227,#3228,#3229,#3230,#3231,
#3232),(#3233,#3234,#3235,#3236,#3237,#3238)),.UNSPECIFIED.,.F.,.F.,.F.,
(4,4),(4,1,1,4),(0.,0.0559016994374947),(8.3301884094987,9.1689628456994,
10.0077372819001,10.8465117181008),.UNSPECIFIED.);
#133=B_SPLINE_SURFACE_WITH_KNOTS('',3,3,((#3281,#3282,#3283,#3284,#3285,
#3286,#3287,#3288,#3289,#3290,#3291,#3292,#3293,#3294,#3295,#3296,#3297,
#3298,#3299,#3300,#3301,#3302,#3303,#3304,#3305,#3306,#3307,#3308,#3309,
#3310,#3311,#3312,#3313,#3314,#3315,#3316,#3317,#3318,#3319,#3320,#3321,
#3322,#3323,#3324,#3325,#3326,#3327,#3328,#3329,#3330,#3331,#3332,#3333,
#3334,#3335,#3336,#3337,#3338,#3339,#3340,#3341,#3342,#3343,#3344,#3345,
#3346,#3347,#3348,#3349,#3350,#3351,#3352,#3353,#3354,#3355,#3356,#3357,
#3358,#3359,#3360,#3361,#3362,#3363,#3364),(#3365,#3366,#3367,#3368,#3369,
#3370,#3371,#3372,#3373,#3374,#3375,#3376,#3377,#3378,#3379,#3380,#3381,
#3382,#3383,#3384,#3385,#3386,#3387,#3388,#3389,#3390,#3391,#3392,#3393,
#3394,#3395,#3396,#3397,#3398,#3399,#3400,#3401,#3402,#3403,#3404,#3405,
#3406,#3407,#3408,#3409,#3410,#3411,#3412,#3413,#3414,#3415,#3416,#3417,
#3418,#3419,#3420,#3421,#3422,#3423,#3424,#3425,#3426,#3427,#3428,#3429,
#3430,#3431,#3432,#3433,#3434,#3435,#3436,#3437,#3438,#3439,#3440,#3441,
#3442,#3443,#3444,#3445,#3446,#3447,#3448),(#3449,#3450,#3451,#3452,#3453,
#3454,#3455,#3456,#3457,#3458,#3459,#3460,#3461,#3462,#3463,#3464,#3465,
#3466,#3467,#3468,#3469,#3470,#3471,#3472,#3473,#3474,#3475,#3476,#3477,
#3478,#3479,#3480,#3481,#3482,#3483,#3484,#3485,#3486,#3487,#3488,#3489,
#3490,#3491,#3492,#3493,#3494,#3495,#3496,#3497,#3498,#3499,#3500,#3501,
#3502,#3503,#3504,#3505,#3506,#3507,#3508,#3509,#3510,#3511,#3512,#3513,
#3514,#3515,#3516,#3517,#3518,#3519,#3520,#3521,#3522,#3523,#3524,#3525,
#3526,#3527,#3528,#3529,#3530,#3531,#3532),(#3533,#3534,#3535,#3536,#3537,
#3538,#3539,#3540,#3541,#3542,#3543,#3544,#3545,#3546,#3547,#3548,#3549,
#3550,#3551,#3552,#3553,#3554,#3555,#3556,#3557,#3558,#3559,#3560,#3561,
#3562,#3563,#3564,#3565,#3566,#3567,#3568,#3569,#3570,#3571,#3572,#3573,
#3574,#3575,#3576,#3577,#3578,#3579,#3580,#3581,#3582,#3583,#3584,#3585,
#3586,#3587,#3588,#3589,#3590,#3591,#3592,#3593,#3594,#3595,#3596,#3597,
#3598,#3599,#3600,#3601,#3602,#3603,#3604,#3605,#3606,#3607,#3608,#3609,
#3610,#3611,#3612,#3613,#3614,#3615,#3616)),.UNSPECIFIED.,.F.,.F.,.F.,(4,
4),(4,1,1,1,1,1,1,1,1,1,1,1,1,1,1,1,1,1,1,1,1,1,1,1,1,1,1,1,1,1,1,1,1,1,
1,1,1,1,1,1,1,1,1,1,1,1,1,1,1,1,1,1,1,1,1,1,1,1,1,1,1,1,1,1,1,1,1,1,1,1,
1,1,1,1,1,1,1,1,1,1,1,4),(0.,0.0559016994374947),(11.0605118467628,12.0487300579645,
13.0369482691663,14.025166480368,15.0133846915698,16.0016029027715,16.9898211139732,
17.978039325175,18.9662575363767,19.9544757475785,20.9426939587802,21.930912169982,
22.9191303811837,23.9073485923855,24.8955668035872,25.8837850147889,26.8720032259907,
27.8602214371924,28.8484396483942,29.8366578595959,30.8248760707977,31.8130942819994,
32.8013124932011,33.7895307044029,34.7777489156046,35.7659671268064,36.7541853380081,
37.7424035492099,38.7306217604116,39.7188399716133,40.7070581828151,41.6952763940168,
42.6834946052186,43.6717128164203,44.6599310276221,45.6481492388238,46.6363674500256,
47.6245856612273,48.612803872429,49.6010220836308,50.5892402948325,51.5774585060343,
52.565676717236,53.5538949284378,54.5421131396395,55.5303313508412,56.518549562043,
57.5067677732447,58.4949859844465,59.4832041956482,60.47142240685,61.4596406180517,
62.4478588292534,63.4360770404552,64.4242952516569,65.4125134628587,66.4007316740604,
67.3889498852622,68.3771680964639,69.3653863076657,70.3536045188674,71.3418227300691,
72.3300409412709,73.3182591524726,74.3064773636744,75.2946955748761,76.2829137860778,
77.2711319972796,78.2593502084814,79.2475684196831,80.2357866308848,81.2240048420866,
82.2122230532883,83.2004412644901,84.1886594756918,85.1768776868935,86.1650958980953,
87.153314109297,88.1415323204988,89.1297505317005,90.1179687429023,91.106186954104),
 .UNSPECIFIED.);
#134=B_SPLINE_SURFACE_WITH_KNOTS('',3,3,((#4452,#4453,#4454,#4455),(#4456,
#4457,#4458,#4459),(#4460,#4461,#4462,#4463),(#4464,#4465,#4466,#4467),
(#4468,#4469,#4470,#4471),(#4472,#4473,#4474,#4475),(#4476,#4477,#4478,
#4479),(#4480,#4481,#4482,#4483),(#4484,#4485,#4486,#4487),(#4488,#4489,
#4490,#4491),(#4492,#4493,#4494,#4495),(#4496,#4497,#4498,#4499),(#4500,
#4501,#4502,#4503),(#4504,#4505,#4506,#4507)),.UNSPECIFIED.,.T.,.F.,.F.,
(4,1,2,1,2,1,2,1,4),(4,4),(0.,0.125,0.25,0.375,0.5,0.625,0.75,0.875,1.),
(0.,1.),.UNSPECIFIED.);
#135=B_SPLINE_SURFACE_WITH_KNOTS('',3,3,((#4539,#4540,#4541,#4542,#4543,
#4544,#4545,#4546,#4547,#4548,#4549,#4550,#4551,#4552,#4553,#4554,#4555,
#4556,#4557,#4558,#4559,#4560,#4561,#4562,#4563,#4564,#4565,#4566,#4567,
#4568,#4569,#4570,#4571,#4572,#4573),(#4574,#4575,#4576,#4577,#4578,#4579,
#4580,#4581,#4582,#4583,#4584,#4585,#4586,#4587,#4588,#4589,#4590,#4591,
#4592,#4593,#4594,#4595,#4596,#4597,#4598,#4599,#4600,#4601,#4602,#4603,
#4604,#4605,#4606,#4607,#4608),(#4609,#4610,#4611,#4612,#4613,#4614,#4615,
#4616,#4617,#4618,#4619,#4620,#4621,#4622,#4623,#4624,#4625,#4626,#4627,
#4628,#4629,#4630,#4631,#4632,#4633,#4634,#4635,#4636,#4637,#4638,#4639,
#4640,#4641,#4642,#4643),(#4644,#4645,#4646,#4647,#4648,#4649,#4650,#4651,
#4652,#4653,#4654,#4655,#4656,#4657,#4658,#4659,#4660,#4661,#4662,#4663,
#4664,#4665,#4666,#4667,#4668,#4669,#4670,#4671,#4672,#4673,#4674,#4675,
#4676,#4677,#4678)),.UNSPECIFIED.,.F.,.F.,.F.,(4,4),(4,1,1,1,1,1,1,1,1,
1,1,1,1,1,1,1,1,1,1,1,1,1,1,1,1,1,1,1,1,1,1,1,4),(0.,0.0559016994374948),
(0.,0.98174770424681,1.96349540849362,2.94524311274043,3.92699081698724,
4.90873852123405,5.89048622548086,6.87223392972767,7.85398163397448,8.83572933822129,
9.8174770424681,10.7992247467149,11.7809724509617,12.7627201552085,13.7444678594553,
14.7262155637022,15.707963267949,16.6897109721958,17.6714586764426,18.6532063806894,
19.6349540849362,20.616701789183,21.5984494934298,22.5801971976766,23.5619449019234,
24.5436926061703,25.5254403104171,26.5071880146639,27.4889357189107,28.4706834231575,
29.4524311274043,30.4341788316511,31.4159265358979),.UNSPECIFIED.);
#136=B_SPLINE_SURFACE_WITH_KNOTS('',3,3,((#4726,#4727,#4728,#4729,#4730,
#4731,#4732,#4733,#4734,#4735,#4736,#4737,#4738,#4739,#4740,#4741,#4742,
#4743,#4744,#4745,#4746,#4747,#4748,#4749,#4750,#4751,#4752,#4753,#4754,
#4755,#4756,#4757,#4758,#4759,#4760),(#4761,#4762,#4763,#4764,#4765,#4766,
#4767,#4768,#4769,#4770,#4771,#4772,#4773,#4774,#4775,#4776,#4777,#4778,
#4779,#4780,#4781,#4782,#4783,#4784,#4785,#4786,#4787,#4788,#4789,#4790,
#4791,#4792,#4793,#4794,#4795),(#4796,#4797,#4798,#4799,#4800,#4801,#4802,
#4803,#4804,#4805,#4806,#4807,#4808,#4809,#4810,#4811,#4812,#4813,#4814,
#4815,#4816,#4817,#4818,#4819,#4820,#4821,#4822,#4823,#4824,#4825,#4826,
#4827,#4828,#4829,#4830),(#4831,#4832,#4833,#4834,#4835,#4836,#4837,#4838,
#4839,#4840,#4841,#4842,#4843,#4844,#4845,#4846,#4847,#4848,#4849,#4850,
#4851,#4852,#4853,#4854,#4855,#4856,#4857,#4858,#4859,#4860,#4861,#4862,
#4863,#4864,#4865)),.UNSPECIFIED.,.F.,.F.,.F.,(4,4),(4,1,1,1,1,1,1,1,1,
1,1,1,1,1,1,1,1,1,1,1,1,1,1,1,1,1,1,1,1,1,1,1,4),(0.,0.0559016994374947),
(0.,0.98174770424681,1.96349540849362,2.94524311274043,3.92699081698724,
4.90873852123405,5.89048622548086,6.87223392972767,7.85398163397448,8.83572933822129,
9.8174770424681,10.7992247467149,11.7809724509617,12.7627201552085,13.7444678594553,
14.7262155637022,15.707963267949,16.6897109721958,17.6714586764426,18.6532063806894,
19.6349540849362,20.616701789183,21.5984494934298,22.5801971976766,23.5619449019234,
24.5436926061703,25.5254403104171,26.5071880146639,27.4889357189107,28.4706834231575,
29.4524311274043,30.4341788316511,31.4159265358979),.UNSPECIFIED.);
#137=FACE_OUTER_BOUND('',#212,.T.);
#138=FACE_OUTER_BOUND('',#213,.T.);
#139=FACE_OUTER_BOUND('',#214,.T.);
#140=FACE_OUTER_BOUND('',#215,.T.);
#141=FACE_OUTER_BOUND('',#216,.T.);
#142=FACE_OUTER_BOUND('',#217,.T.);
#143=FACE_OUTER_BOUND('',#218,.T.);
#144=FACE_OUTER_BOUND('',#219,.T.);
#145=FACE_OUTER_BOUND('',#220,.T.);
#146=FACE_OUTER_BOUND('',#221,.T.);
#147=FACE_OUTER_BOUND('',#222,.T.);
#148=FACE_OUTER_BOUND('',#223,.T.);
#149=FACE_OUTER_BOUND('',#224,.T.);
#150=FACE_OUTER_BOUND('',#225,.T.);
#151=FACE_OUTER_BOUND('',#226,.T.);
#152=FACE_OUTER_BOUND('',#227,.T.);
#153=FACE_OUTER_BOUND('',#228,.T.);
#154=FACE_OUTER_BOUND('',#229,.T.);
#155=FACE_OUTER_BOUND('',#230,.T.);
#156=FACE_OUTER_BOUND('',#231,.T.);
#157=FACE_OUTER_BOUND('',#232,.T.);
#158=FACE_OUTER_BOUND('',#233,.T.);
#159=FACE_OUTER_BOUND('',#234,.T.);
#160=FACE_OUTER_BOUND('',#235,.T.);
#161=FACE_OUTER_BOUND('',#236,.T.);
#162=FACE_OUTER_BOUND('',#237,.T.);
#163=FACE_OUTER_BOUND('',#238,.T.);
#164=FACE_OUTER_BOUND('',#239,.T.);
#165=FACE_OUTER_BOUND('',#241,.T.);
#166=FACE_OUTER_BOUND('',#242,.T.);
#167=FACE_OUTER_BOUND('',#243,.T.);
#168=FACE_OUTER_BOUND('',#244,.T.);
#169=FACE_OUTER_BOUND('',#245,.T.);
#170=FACE_OUTER_BOUND('',#246,.T.);
#171=FACE_OUTER_BOUND('',#247,.T.);
#172=FACE_OUTER_BOUND('',#248,.T.);
#173=FACE_OUTER_BOUND('',#249,.T.);
#174=FACE_OUTER_BOUND('',#250,.T.);
#175=FACE_OUTER_BOUND('',#251,.T.);
#176=FACE_OUTER_BOUND('',#253,.T.);
#177=FACE_OUTER_BOUND('',#254,.T.);
#178=FACE_OUTER_BOUND('',#255,.T.);
#179=FACE_OUTER_BOUND('',#264,.T.);
#180=FACE_OUTER_BOUND('',#266,.T.);
#181=FACE_OUTER_BOUND('',#267,.T.);
#182=FACE_OUTER_BOUND('',#269,.T.);
#183=FACE_OUTER_BOUND('',#271,.T.);
#184=FACE_OUTER_BOUND('',#273,.T.);
#185=FACE_OUTER_BOUND('',#274,.T.);
#186=FACE_OUTER_BOUND('',#276,.T.);
#187=FACE_OUTER_BOUND('',#277,.T.);
#188=FACE_OUTER_BOUND('',#278,.T.);
#189=FACE_OUTER_BOUND('',#279,.T.);
#190=FACE_OUTER_BOUND('',#280,.T.);
#191=FACE_OUTER_BOUND('',#281,.T.);
#192=FACE_OUTER_BOUND('',#282,.T.);
#193=FACE_OUTER_BOUND('',#283,.T.);
#194=FACE_OUTER_BOUND('',#284,.T.);
#195=FACE_OUTER_BOUND('',#285,.T.);
#196=FACE_OUTER_BOUND('',#286,.T.);
#197=FACE_OUTER_BOUND('',#287,.T.);
#198=FACE_OUTER_BOUND('',#288,.T.);
#199=FACE_OUTER_BOUND('',#289,.T.);
#200=FACE_OUTER_BOUND('',#290,.T.);
#201=FACE_OUTER_BOUND('',#291,.T.);
#202=FACE_OUTER_BOUND('',#292,.T.);
#203=FACE_OUTER_BOUND('',#293,.T.);
#204=FACE_OUTER_BOUND('',#294,.T.);
#205=FACE_OUTER_BOUND('',#295,.T.);
#206=FACE_OUTER_BOUND('',#296,.T.);
#207=FACE_OUTER_BOUND('',#297,.T.);
#208=FACE_OUTER_BOUND('',#299,.T.);
#209=FACE_OUTER_BOUND('',#300,.T.);
#210=FACE_OUTER_BOUND('',#301,.T.);
#211=FACE_OUTER_BOUND('',#303,.T.);
#212=EDGE_LOOP('',(#890,#891,#892,#893,#894,#895));
#213=EDGE_LOOP('',(#896,#897,#898,#899));
#214=EDGE_LOOP('',(#900,#901,#902,#903));
#215=EDGE_LOOP('',(#904,#905,#906,#907));
#216=EDGE_LOOP('',(#908,#909,#910,#911));
#217=EDGE_LOOP('',(#912,#913,#914,#915));
#218=EDGE_LOOP('',(#916,#917,#918,#919));
#219=EDGE_LOOP('',(#920,#921,#922,#923));
#220=EDGE_LOOP('',(#924,#925,#926,#927));
#221=EDGE_LOOP('',(#928,#929,#930,#931));
#222=EDGE_LOOP('',(#932,#933,#934,#935));
#223=EDGE_LOOP('',(#936,#937,#938,#939));
#224=EDGE_LOOP('',(#940,#941,#942,#943));
#225=EDGE_LOOP('',(#944,#945,#946,#947));
#226=EDGE_LOOP('',(#948,#949,#950,#951));
#227=EDGE_LOOP('',(#952,#953,#954,#955));
#228=EDGE_LOOP('',(#956,#957,#958,#959,#960,#961,#962,#963,#964,#965,#966,
#967,#968,#969,#970,#971,#972,#973,#974));
#229=EDGE_LOOP('',(#975,#976,#977));
#230=EDGE_LOOP('',(#978,#979,#980,#981));
#231=EDGE_LOOP('',(#982,#983,#984,#985));
#232=EDGE_LOOP('',(#986,#987,#988,#989));
#233=EDGE_LOOP('',(#990,#991,#992,#993,#994,#995,#996,#997,#998,#999,#1000,
#1001,#1002,#1003,#1004,#1005));
#234=EDGE_LOOP('',(#1006,#1007,#1008));
#235=EDGE_LOOP('',(#1009,#1010,#1011));
#236=EDGE_LOOP('',(#1012,#1013,#1014));
#237=EDGE_LOOP('',(#1015,#1016,#1017,#1018,#1019));
#238=EDGE_LOOP('',(#1020,#1021,#1022,#1023));
#239=EDGE_LOOP('',(#1024,#1025,#1026,#1027));
#240=EDGE_LOOP('',(#1028,#1029,#1030,#1031,#1032,#1033,#1034,#1035,#1036,
#1037,#1038,#1039,#1040,#1041,#1042,#1043,#1044,#1045,#1046,#1047,#1048,
#1049,#1050));
#241=EDGE_LOOP('',(#1051,#1052,#1053,#1054,#1055,#1056,#1057));
#242=EDGE_LOOP('',(#1058,#1059,#1060,#1061,#1062,#1063));
#243=EDGE_LOOP('',(#1064,#1065,#1066,#1067,#1068,#1069,#1070));
#244=EDGE_LOOP('',(#1071,#1072,#1073,#1074,#1075,#1076));
#245=EDGE_LOOP('',(#1077,#1078,#1079,#1080,#1081,#1082));
#246=EDGE_LOOP('',(#1083,#1084,#1085,#1086,#1087,#1088));
#247=EDGE_LOOP('',(#1089,#1090,#1091,#1092,#1093,#1094));
#248=EDGE_LOOP('',(#1095,#1096,#1097,#1098,#1099,#1100));
#249=EDGE_LOOP('',(#1101,#1102,#1103,#1104,#1105,#1106));
#250=EDGE_LOOP('',(#1107,#1108,#1109,#1110,#1111,#1112));
#251=EDGE_LOOP('',(#1113,#1114,#1115,#1116,#1117,#1118,#1119,#1120,#1121,
#1122,#1123,#1124,#1125,#1126,#1127,#1128,#1129,#1130,#1131,#1132,#1133,
#1134,#1135,#1136,#1137,#1138,#1139));
#252=EDGE_LOOP('',(#1140));
#253=EDGE_LOOP('',(#1141,#1142,#1143,#1144));
#254=EDGE_LOOP('',(#1145,#1146,#1147,#1148));
#255=EDGE_LOOP('',(#1149,#1150,#1151,#1152,#1153,#1154,#1155,#1156,#1157));
#256=EDGE_LOOP('',(#1158,#1159));
#257=EDGE_LOOP('',(#1160,#1161));
#258=EDGE_LOOP('',(#1162,#1163));
#259=EDGE_LOOP('',(#1164,#1165));
#260=EDGE_LOOP('',(#1166,#1167));
#261=EDGE_LOOP('',(#1168,#1169));
#262=EDGE_LOOP('',(#1170,#1171));
#263=EDGE_LOOP('',(#1172,#1173));
#264=EDGE_LOOP('',(#1174));
#265=EDGE_LOOP('',(#1175));
#266=EDGE_LOOP('',(#1176,#1177,#1178,#1179));
#267=EDGE_LOOP('',(#1180));
#268=EDGE_LOOP('',(#1181));
#269=EDGE_LOOP('',(#1182,#1183,#1184,#1185));
#270=EDGE_LOOP('',(#1186,#1187));
#271=EDGE_LOOP('',(#1188));
#272=EDGE_LOOP('',(#1189));
#273=EDGE_LOOP('',(#1190,#1191,#1192,#1193));
#274=EDGE_LOOP('',(#1194));
#275=EDGE_LOOP('',(#1195));
#276=EDGE_LOOP('',(#1196,#1197,#1198,#1199,#1200,#1201,#1202,#1203,#1204,
#1205,#1206,#1207));
#277=EDGE_LOOP('',(#1208,#1209,#1210));
#278=EDGE_LOOP('',(#1211,#1212,#1213,#1214,#1215,#1216));
#279=EDGE_LOOP('',(#1217,#1218,#1219,#1220));
#280=EDGE_LOOP('',(#1221,#1222,#1223,#1224));
#281=EDGE_LOOP('',(#1225,#1226,#1227,#1228));
#282=EDGE_LOOP('',(#1229,#1230,#1231));
#283=EDGE_LOOP('',(#1232));
#284=EDGE_LOOP('',(#1233,#1234,#1235,#1236,#1237));
#285=EDGE_LOOP('',(#1238,#1239,#1240,#1241,#1242,#1243));
#286=EDGE_LOOP('',(#1244,#1245,#1246,#1247));
#287=EDGE_LOOP('',(#1248,#1249,#1250,#1251));
#288=EDGE_LOOP('',(#1252,#1253,#1254,#1255));
#289=EDGE_LOOP('',(#1256,#1257,#1258,#1259,#1260,#1261,#1262,#1263,#1264));
#290=EDGE_LOOP('',(#1265,#1266,#1267,#1268,#1269,#1270,#1271,#1272,#1273));
#291=EDGE_LOOP('',(#1274,#1275,#1276));
#292=EDGE_LOOP('',(#1277,#1278,#1279));
#293=EDGE_LOOP('',(#1280,#1281,#1282,#1283,#1284,#1285));
#294=EDGE_LOOP('',(#1286,#1287,#1288,#1289));
#295=EDGE_LOOP('',(#1290,#1291,#1292,#1293));
#296=EDGE_LOOP('',(#1294,#1295,#1296,#1297));
#297=EDGE_LOOP('',(#1298,#1299));
#298=EDGE_LOOP('',(#1300,#1301,#1302,#1303,#1304,#1305));
#299=EDGE_LOOP('',(#1306,#1307,#1308,#1309));
#300=EDGE_LOOP('',(#1310,#1311,#1312,#1313));
#301=EDGE_LOOP('',(#1314));
#302=EDGE_LOOP('',(#1315));
#303=EDGE_LOOP('',(#1316));
#304=EDGE_LOOP('',(#1317));
#305=ELLIPSE('',#1474,2.12132034355964,1.5);
#306=ELLIPSE('',#1475,2.12132034355964,1.5);
#307=ELLIPSE('',#1491,2.12132034355964,1.5);
#308=ELLIPSE('',#1492,2.12132034355964,1.5);
#309=ELLIPSE('',#1494,2.12132034355964,1.5);
#310=ELLIPSE('',#1495,2.12132034355964,1.5);
#311=ELLIPSE('',#1497,2.12132034355964,1.5);
#312=ELLIPSE('',#1498,2.12132034355964,1.5);
#313=B_SPLINE_CURVE_WITH_KNOTS('',3,(#1921,#1922,#1923,#1924,#1925,#1926,
#1927,#1928,#1929,#1930,#1931,#1932,#1933,#1934,#1935,#1936),
 .UNSPECIFIED.,.F.,.F.,(4,3,3,3,3,4),(-15.707963267949,-15.0133846915698,
-14.025166480368,-13.0369482691663,-12.0487300579645,-11.5227127041478),
 .UNSPECIFIED.);
#314=B_SPLINE_CURVE_WITH_KNOTS('',3,(#1940,#1941,#1942,#1943,#1944),
 .UNSPECIFIED.,.F.,.F.,(4,1,4),(5.44728323964418,6.37443553890483,7.37247669943342),
 .UNSPECIFIED.);
#315=B_SPLINE_CURVE_WITH_KNOTS('',3,(#1947,#1948,#1949,#1950,#1951),
 .UNSPECIFIED.,.F.,.F.,(4,1,4),(8.18115851227696,9.18025524049174,9.4247779607693),
 .UNSPECIFIED.);
#316=B_SPLINE_CURVE_WITH_KNOTS('',3,(#1956,#1957,#1958,#1959,#1960,#1961,
#1962,#1963,#1964,#1965,#1966,#1967,#1968,#1969,#1970,#1971,#1972,#1973,
#1974,#1975,#1976,#1977,#1978,#1979,#1980),.UNSPECIFIED.,.F.,.F.,(4,3,3,
3,3,3,3,3,4),(-21.9911485751286,-21.930912169982,-20.9426939587802,-19.9544757475785,
-18.9662575363767,-17.978039325175,-16.9898211139732,-16.0016029027715,
-15.707963267949),.UNSPECIFIED.);
#317=B_SPLINE_CURVE_WITH_KNOTS('',3,(#1981,#1982,#1983,#1984,#1985,#1986,
#1987,#1988,#1989,#1990),.UNSPECIFIED.,.F.,.F.,(4,1,1,1,1,1,1,4),(9.4247779607693,
10.1793519687065,11.1784486969213,12.1775454251361,13.1766421533509,14.1757388815657,
15.1748356097804,15.7079632679489),.UNSPECIFIED.);
#318=B_SPLINE_CURVE_WITH_KNOTS('',3,(#1995,#1996,#1997,#1998,#1999,#2000,
#2001,#2002,#2003,#2004,#2005,#2006,#2007,#2008,#2009,#2010,#2011,#2012,
#2013,#2014,#2015,#2016),.UNSPECIFIED.,.F.,.F.,(4,3,3,3,3,3,3,4),(-28.2743338823081,
-27.8602214371924,-26.8720032259907,-25.8837850147889,-24.8955668035872,
-23.9073485923855,-22.9191303811837,-21.9911485751286),.UNSPECIFIED.);
#319=B_SPLINE_CURVE_WITH_KNOTS('',3,(#2017,#2018,#2019,#2020,#2021,#2022,
#2023,#2024,#2025,#2026),.UNSPECIFIED.,.F.,.F.,(4,1,1,1,1,1,1,4),(15.7079632679489,
16.1739323379952,17.17302906621,18.1721257944248,19.1712225226396,20.1703192508544,
21.1694159790691,21.9911485751285),.UNSPECIFIED.);
#320=B_SPLINE_CURVE_WITH_KNOTS('',3,(#2031,#2032,#2033,#2034,#2035,#2036,
#2037,#2038,#2039,#2040,#2041,#2042,#2043,#2044,#2045,#2046,#2047,#2048,
#2049,#2050,#2051,#2052),.UNSPECIFIED.,.F.,.F.,(4,3,3,3,3,3,3,4),(-34.5575191894877,
-33.7895307044029,-32.8013124932011,-31.8130942819994,-30.8248760707977,
-29.8366578595959,-28.8484396483942,-28.2743338823081),.UNSPECIFIED.);
#321=B_SPLINE_CURVE_WITH_KNOTS('',3,(#2053,#2054,#2055,#2056,#2057,#2058,
#2059,#2060,#2061,#2062,#2063),.UNSPECIFIED.,.F.,.F.,(4,1,1,1,1,1,1,1,4),
(21.9911485751285,22.1685127072839,23.1676094354987,24.1667061637135,25.1658028919283,
26.1648996201431,27.1639963483578,28.1630930765726,28.2743338823081),
 .UNSPECIFIED.);
#322=B_SPLINE_CURVE_WITH_KNOTS('',3,(#2068,#2069,#2070,#2071,#2072,#2073,
#2074,#2075,#2076,#2077,#2078,#2079,#2080,#2081,#2082,#2083,#2084,#2085,
#2086,#2087,#2088,#2089,#2090,#2091,#2092),.UNSPECIFIED.,.F.,.F.,(4,3,3,
3,3,3,3,3,4),(-40.8407044966673,-40.7070581828151,-39.7188399716133,-38.7306217604116,
-37.7424035492099,-36.7541853380081,-35.7659671268064,-34.7777489156046,
-34.5575191894877),.UNSPECIFIED.);
#323=B_SPLINE_CURVE_WITH_KNOTS('',3,(#2093,#2094,#2095,#2096,#2097,#2098,
#2099,#2100,#2101,#2102),.UNSPECIFIED.,.F.,.F.,(4,1,1,1,1,1,1,4),(28.2743338823081,
29.1621898047874,30.1612865330022,31.160383261217,32.1594799894318,33.1585767176466,
34.1576734458613,34.5575191894876),.UNSPECIFIED.);
#324=B_SPLINE_CURVE_WITH_KNOTS('',3,(#2107,#2108,#2109,#2110,#2111,#2112,
#2113,#2114,#2115,#2116,#2117,#2118,#2119,#2120,#2121,#2122,#2123,#2124,
#2125,#2126,#2127,#2128),.UNSPECIFIED.,.F.,.F.,(4,3,3,3,3,3,3,4),(-47.1238898038469,
-46.6363674500256,-45.6481492388238,-44.6599310276221,-43.6717128164203,
-42.6834946052186,-41.6952763940168,-40.8407044966673),.UNSPECIFIED.);
#325=B_SPLINE_CURVE_WITH_KNOTS('',3,(#2129,#2130,#2131,#2132,#2133,#2134,
#2135,#2136,#2137,#2138),.UNSPECIFIED.,.F.,.F.,(4,1,1,1,1,1,1,4),(34.5575191894876,
35.1567701740761,36.1558669022909,37.1549636305057,38.1540603587205,39.1531570869353,
40.15225381515,40.8407044966672),.UNSPECIFIED.);
#326=B_SPLINE_CURVE_WITH_KNOTS('',3,(#2143,#2144,#2145,#2146,#2147,#2148,
#2149,#2150,#2151,#2152,#2153,#2154,#2155,#2156,#2157,#2158,#2159,#2160,
#2161,#2162,#2163,#2164),.UNSPECIFIED.,.F.,.F.,(4,3,3,3,3,3,3,4),(-53.4070751110265,
-52.565676717236,-51.5774585060343,-50.5892402948325,-49.6010220836308,
-48.612803872429,-47.6245856612273,-47.1238898038469),.UNSPECIFIED.);
#327=B_SPLINE_CURVE_WITH_KNOTS('',3,(#2165,#2166,#2167,#2168,#2169,#2170,
#2171,#2172,#2173,#2174),.UNSPECIFIED.,.F.,.F.,(4,1,1,1,1,1,1,4),(40.8407044966672,
41.1513505433648,42.1504472715796,43.1495439997944,44.1486407280092,45.147737456224,
46.1468341844387,47.1238898038468),.UNSPECIFIED.);
#328=B_SPLINE_CURVE_WITH_KNOTS('',3,(#2179,#2180,#2181,#2182,#2183,#2184,
#2185,#2186,#2187,#2188,#2189,#2190,#2191,#2192,#2193,#2194,#2195,#2196,
#2197,#2198,#2199,#2200,#2201,#2202,#2203),.UNSPECIFIED.,.F.,.F.,(4,3,3,
3,3,3,3,3,4),(-59.6902604182061,-59.4832041956482,-58.4949859844465,-57.5067677732447,
-56.518549562043,-55.5303313508412,-54.5421131396395,-53.5538949284378,
-53.4070751110265),.UNSPECIFIED.);
#329=B_SPLINE_CURVE_WITH_KNOTS('',3,(#2204,#2205,#2206,#2207,#2208,#2209,
#2210,#2211,#2212,#2213,#2214),.UNSPECIFIED.,.F.,.F.,(4,1,1,1,1,1,1,1,4),
(47.1238898038468,47.1459309126535,48.1450276408683,49.1441243690831,50.1432210972979,
51.1423178255127,52.1414145537274,53.1405112819422,53.4070751110264),
 .UNSPECIFIED.);
#330=B_SPLINE_CURVE_WITH_KNOTS('',3,(#2219,#2220,#2221,#2222,#2223,#2224,
#2225,#2226,#2227,#2228,#2229,#2230,#2231,#2232,#2233,#2234,#2235,#2236,
#2237,#2238,#2239,#2240),.UNSPECIFIED.,.F.,.F.,(4,3,3,3,3,3,3,4),(-65.9734457253857,
-65.4125134628587,-64.4242952516569,-63.4360770404552,-62.4478588292534,
-61.4596406180517,-60.47142240685,-59.6902604182061),.UNSPECIFIED.);
#331=B_SPLINE_CURVE_WITH_KNOTS('',3,(#2241,#2242,#2243,#2244,#2245,#2246,
#2247,#2248,#2249,#2250),.UNSPECIFIED.,.F.,.F.,(4,1,1,1,1,1,1,4),(53.4070751110264,
54.139608010157,55.1387047383718,56.1378014665866,57.1368981948014,58.1359949230161,
59.1350916512309,59.690260418206),.UNSPECIFIED.);
#332=B_SPLINE_CURVE_WITH_KNOTS('',3,(#2255,#2256,#2257,#2258,#2259,#2260,
#2261,#2262,#2263,#2264,#2265,#2266,#2267,#2268,#2269,#2270,#2271,#2272,
#2273,#2274,#2275,#2276),.UNSPECIFIED.,.F.,.F.,(4,3,3,3,3,3,3,4),(-72.2566310325653,
-71.3418227300691,-70.3536045188674,-69.3653863076657,-68.3771680964639,
-67.3889498852622,-66.4007316740604,-65.9734457253857),.UNSPECIFIED.);
#333=B_SPLINE_CURVE_WITH_KNOTS('',3,(#2277,#2278,#2279,#2280,#2281,#2282,
#2283,#2284,#2285,#2286),.UNSPECIFIED.,.F.,.F.,(4,1,1,1,1,1,1,4),(59.690260418206,
60.1341883794457,61.1332851076605,62.1323818358753,63.1314785640901,64.1305752923048,
65.1296720205196,65.9734457253856),.UNSPECIFIED.);
#334=B_SPLINE_CURVE_WITH_KNOTS('',3,(#2291,#2292,#2293,#2294,#2295,#2296,
#2297,#2298,#2299,#2300,#2301,#2302,#2303,#2304,#2305,#2306,#2307,#2308,
#2309,#2310,#2311,#2312,#2313,#2314,#2315),.UNSPECIFIED.,.F.,.F.,(4,3,3,
3,3,3,3,3,4),(-78.5398163397449,-78.2593502084814,-77.2711319972796,-76.2829137860778,
-75.2946955748761,-74.3064773636744,-73.3182591524726,-72.3300409412709,
-72.2566310325653),.UNSPECIFIED.);
#335=B_SPLINE_CURVE_WITH_KNOTS('',3,(#2316,#2317,#2318,#2319,#2320,#2321,
#2322,#2323,#2324,#2325,#2326),.UNSPECIFIED.,.F.,.F.,(4,1,1,1,1,1,1,1,4),
(65.9734457253856,66.1287687487344,67.1278654769492,68.126962205164,69.1260589333788,
70.1251556615936,71.1242523898083,72.1233491180231,72.2566310325652),
 .UNSPECIFIED.);
#336=B_SPLINE_CURVE_WITH_KNOTS('',3,(#2331,#2332,#2333,#2334,#2335,#2336,
#2337,#2338,#2339,#2340,#2341,#2342,#2343,#2344,#2345,#2346,#2347,#2348,
#2349,#2350,#2351,#2352),.UNSPECIFIED.,.F.,.F.,(4,3,3,3,3,3,3,4),(-84.8230016469245,
-84.1886594756918,-83.2004412644901,-82.2122230532883,-81.2240048420866,
-80.2357866308848,-79.2475684196831,-78.5398163397449),.UNSPECIFIED.);
#337=B_SPLINE_CURVE_WITH_KNOTS('',3,(#2353,#2354,#2355,#2356,#2357,#2358,
#2359,#2360,#2361,#2362),.UNSPECIFIED.,.F.,.F.,(4,1,1,1,1,1,1,4),(72.2566310325652,
73.1224458462379,74.1215425744527,75.1206393026675,76.1197360308823,77.118832759097,
78.1179294873118,78.5398163397448),.UNSPECIFIED.);
#338=B_SPLINE_CURVE_WITH_KNOTS('',3,(#2367,#2368,#2369,#2370,#2371,#2372,
#2373,#2374,#2375,#2376,#2377,#2378,#2379,#2380,#2381,#2382,#2383,#2384,
#2385,#2386,#2387,#2388),.UNSPECIFIED.,.F.,.F.,(4,3,3,3,3,3,3,4),(-91.106186954104,
-90.1179687429023,-89.1297505317005,-88.1415323204988,-87.153314109297,
-86.1650958980953,-85.1768776868935,-84.8230016469245),.UNSPECIFIED.);
#339=B_SPLINE_CURVE_WITH_KNOTS('',3,(#2389,#2390,#2391,#2392,#2393,#2394,
#2395,#2396,#2397,#2398),.UNSPECIFIED.,.F.,.F.,(4,1,1,1,1,1,1,4),(78.5398163397448,
79.1170262155266,80.1161229437414,81.1152196719562,82.1143164001709,83.1134131283857,
84.1125098566005,84.8230016469244),.UNSPECIFIED.);
#340=B_SPLINE_CURVE_WITH_KNOTS('',3,(#2417,#2418,#2419,#2420,#2421,#2422),
 .UNSPECIFIED.,.F.,.F.,(4,2,4),(0.,0.0473304352508672,0.0851325099296784),
 .UNSPECIFIED.);
#341=B_SPLINE_CURVE_WITH_KNOTS('',3,(#2424,#2425,#2426,#2427),
 .UNSPECIFIED.,.F.,.F.,(4,4),(0.,0.369381179086269),.UNSPECIFIED.);
#342=B_SPLINE_CURVE_WITH_KNOTS('',3,(#2430,#2431,#2432,#2433),
 .UNSPECIFIED.,.F.,.F.,(4,4),(0.,0.750838856394696),.UNSPECIFIED.);
#343=B_SPLINE_CURVE_WITH_KNOTS('',3,(#2456,#2457,#2458,#2459,#2460,#2461,
#2462,#2463,#2464,#2465,#2466,#2467,#2468,#2469,#2470,#2471,#2472,#2473,
#2474),.UNSPECIFIED.,.F.,.F.,(4,3,3,3,3,3,4),(0.,0.0108496156424694,0.0217438160211029,
0.0318142015759489,0.0452444566389374,0.0586918208222052,0.0625797411607912),
 .UNSPECIFIED.);
#344=B_SPLINE_CURVE_WITH_KNOTS('',3,(#2476,#2477,#2478,#2479,#2480),
 .UNSPECIFIED.,.F.,.F.,(4,1,4),(2.58616556588592,3.16954387456507,3.80910142191968),
 .UNSPECIFIED.);
#345=B_SPLINE_CURVE_WITH_KNOTS('',3,(#2482,#2483,#2484,#2485,#2486,#2487,
#2488,#2489,#2490,#2491,#2492,#2493,#2494,#2495,#2496,#2497,#2498,#2499,
#2500,#2501,#2502,#2503),.UNSPECIFIED.,.F.,.F.,(4,3,3,3,3,3,3,4),(0.,0.00120464854056219,
0.0170588148482891,0.0332111208966314,0.0353825762302291,0.0488285409630886,
0.0624525058767957,0.0700123703123957),.UNSPECIFIED.);
#346=B_SPLINE_CURVE_WITH_KNOTS('',3,(#2504,#2505,#2506,#2507,#2508),
 .UNSPECIFIED.,.F.,.F.,(4,1,4),(2.3524737703831,3.16954387456507,3.98661397874704),
 .UNSPECIFIED.);
#347=B_SPLINE_CURVE_WITH_KNOTS('',3,(#2530,#2531,#2532,#2533,#2534,#2535,
#2536,#2537,#2538,#2539,#2540,#2541,#2542,#2543,#2544,#2545,#2546,#2547,
#2548,#2549,#2550,#2551),.UNSPECIFIED.,.F.,.F.,(4,3,3,3,3,3,3,4),(0.,0.00852809021405904,
0.0172322275416669,0.0259001464130907,0.0288514991584774,0.0386960502146214,
0.0484408634744758,0.0581856767343302),.UNSPECIFIED.);
#348=B_SPLINE_CURVE_WITH_KNOTS('',3,(#2553,#2554,#2555,#2556,#2557,#2558,
#2559,#2560,#2561,#2562,#2563,#2564,#2565,#2566,#2567,#2568,#2569,#2570,
#2571,#2572,#2573,#2574),.UNSPECIFIED.,.F.,.F.,(4,3,3,3,3,3,3,4),(0.,0.00123847754123312,
0.0135088991971108,0.0258325599122112,0.03021866664254,0.0403650770660466,
0.050575864362717,0.0574690077247415),.UNSPECIFIED.);
#349=B_SPLINE_CURVE_WITH_KNOTS('',3,(#2575,#2576,#2577,#2578,#2579),
 .UNSPECIFIED.,.F.,.F.,(4,1,4),(5.37639437837624,6.37443553890483,7.30140961847397),
 .UNSPECIFIED.);
#350=B_SPLINE_CURVE_WITH_KNOTS('',3,(#2926,#2927,#2928,#2929,#2930,#2931,
#2932,#2933,#2934,#2935,#2936,#2937,#2938,#2939,#2940,#2941,#2942,#2943,
#2944,#2945,#2946,#2947,#2948,#2949,#2950,#2951,#2952,#2953,#2954,#2955,
#2956,#2957,#2958,#2959,#2960,#2961,#2962,#2963,#2964,#2965),
 .UNSPECIFIED.,.F.,.F.,(4,3,3,3,3,3,3,3,3,3,3,3,3,4),(0.,0.000428303232930606,
0.0100561048854955,0.0196839065380605,0.0213785014927765,0.0215936291761084,
0.0217027228466339,0.0217826459247731,0.0218687127653049,0.0219847326555307,
0.0222453167996683,0.0279659383108013,0.0377426942763808,0.0432082112248182),
 .UNSPECIFIED.);
#351=B_SPLINE_CURVE_WITH_KNOTS('',3,(#2967,#2968,#2969,#2970,#2971,#2972,
#2973,#2974,#2975,#2976,#2977,#2978,#2979,#2980,#2981,#2982,#2983,#2984,
#2985,#2986,#2987,#2988,#2989,#2990,#2991,#2992,#2993,#2994,#2995,#2996,
#2997,#2998,#2999,#3000,#3001,#3002,#3003,#3004,#3005,#3006,#3007,#3008,
#3009,#3010,#3011,#3012,#3013,#3014,#3015,#3016,#3017,#3018,#3019,#3020,
#3021,#3022,#3023,#3024,#3025,#3026,#3027,#3028,#3029,#3030,#3031,#3032,
#3033,#3034,#3035,#3036,#3037,#3038,#3039,#3040,#3041,#3042,#3043,#3044,
#3045,#3046,#3047,#3048,#3049,#3050),.UNSPECIFIED.,.F.,.F.,(4,1,1,1,1,1,
1,1,1,1,1,1,1,1,1,1,1,1,1,1,1,1,1,1,1,1,1,1,1,1,1,1,1,1,1,1,1,1,1,1,1,1,
1,1,1,1,1,1,1,1,1,1,1,1,1,1,1,1,1,1,1,1,1,1,1,1,1,1,1,1,1,1,1,1,1,1,1,1,
1,1,1,4),(11.0605118467628,11.1784486969213,12.1775454251361,13.1766421533509,
14.1757388815657,15.1748356097804,16.1739323379952,17.17302906621,18.1721257944248,
19.1712225226396,20.1703192508544,21.1694159790691,22.1685127072839,23.1676094354987,
24.1667061637135,25.1658028919283,26.1648996201431,27.1639963483578,28.1630930765726,
29.1621898047874,30.1612865330022,31.160383261217,32.1594799894318,33.1585767176466,
34.1576734458613,35.1567701740761,36.1558669022909,37.1549636305057,38.1540603587205,
39.1531570869353,40.15225381515,41.1513505433648,42.1504472715796,43.1495439997944,
44.1486407280092,45.147737456224,46.1468341844387,47.1459309126535,48.1450276408683,
49.1441243690831,50.1432210972979,51.1423178255127,52.1414145537274,53.1405112819422,
54.139608010157,55.1387047383718,56.1378014665866,57.1368981948014,58.1359949230161,
59.1350916512309,60.1341883794457,61.1332851076605,62.1323818358753,63.1314785640901,
64.1305752923048,65.1296720205196,66.1287687487344,67.1278654769492,68.126962205164,
69.1260589333788,70.1251556615936,71.1242523898083,72.1233491180231,73.1224458462379,
74.1215425744527,75.1206393026675,76.1197360308823,77.118832759097,78.1179294873118,
79.1170262155266,80.1161229437414,81.1152196719562,82.1143164001709,83.1134131283857,
84.1125098566005,85.1116065848153,86.1107033130301,87.1098000412449,88.1088967694597,
89.1079934976744,90.1070902258892,91.106186954104),.UNSPECIFIED.);
#352=B_SPLINE_CURVE_WITH_KNOTS('',3,(#3053,#3054,#3055,#3056,#3057,#3058,
#3059,#3060,#3061,#3062),.UNSPECIFIED.,.F.,.F.,(4,1,1,1,1,1,1,4),(84.8230016469244,
85.1116065848153,86.1107033130301,87.1098000412449,88.1088967694597,89.1079934976744,
90.1070902258892,91.106186954104),.UNSPECIFIED.);
#353=B_SPLINE_CURVE_WITH_KNOTS('',3,(#3064,#3065,#3066,#3067,#3068,#3069,
#3070,#3071,#3072,#3073,#3074,#3075,#3076,#3077,#3078,#3079,#3080,#3081,
#3082,#3083,#3084,#3085,#3086,#3087,#3088),.UNSPECIFIED.,.F.,.F.,(4,3,3,
3,3,3,3,3,4),(0.,0.000638394599598464,0.0109444406502759,0.0213460226025411,
0.0296016835320476,0.0400843289085491,0.0502944775875653,0.0599584634330479,
0.0616341069563076),.UNSPECIFIED.);
#354=B_SPLINE_CURVE_WITH_KNOTS('',3,(#3089,#3090,#3091,#3092,#3093,#3094),
 .UNSPECIFIED.,.F.,.F.,(4,1,1,4),(8.3301884094987,9.18025524049174,10.1793519687065,
10.8465117181008),.UNSPECIFIED.);
#355=B_SPLINE_CURVE_WITH_KNOTS('',3,(#3112,#3113,#3114,#3115,#3116,#3117,
#3118,#3119,#3120,#3121,#3122,#3123,#3124,#3125,#3126,#3127),
 .UNSPECIFIED.,.F.,.F.,(4,2,2,2,2,2,2,4),(0.,0.0468460872808826,0.144345347009109,
0.154812930299815,0.156115271331121,0.156557849998706,0.156767824287013,
0.1569553403173),.UNSPECIFIED.);
#356=B_SPLINE_CURVE_WITH_KNOTS('',3,(#3150,#3151,#3152,#3153,#3154,#3155,
#3156,#3157),.UNSPECIFIED.,.F.,.F.,(4,2,2,4),(0.,0.00122031614930447,0.0677889164688753,
0.111825208549916),.UNSPECIFIED.);
#357=B_SPLINE_CURVE_WITH_KNOTS('',3,(#3159,#3160,#3161,#3162,#3163,#3164,
#3165),.UNSPECIFIED.,.F.,.F.,(4,3,4),(-3.39940874805988,-3.16954387456507,
-2.92073458129063),.UNSPECIFIED.);
#358=B_SPLINE_CURVE_WITH_KNOTS('',3,(#3166,#3167,#3168,#3169,#3170,#3171),
 .UNSPECIFIED.,.F.,.F.,(4,2,4),(0.,0.0467817974115494,0.11629773922206),
 .UNSPECIFIED.);
#359=B_SPLINE_CURVE_WITH_KNOTS('',3,(#3193,#3194,#3195,#3196,#3197,#3198,
#3199,#3200),.UNSPECIFIED.,.F.,.F.,(4,2,2,4),(0.,0.00141706223785959,0.0536788281399554,
0.0949130758908981),.UNSPECIFIED.);
#360=B_SPLINE_CURVE_WITH_KNOTS('',3,(#3202,#3203,#3204,#3205,#3206,#3207,
#3208),.UNSPECIFIED.,.F.,.F.,(4,3,4),(-6.82016106586324,-6.3389019984251,
-5.83057267328985),.UNSPECIFIED.);
#361=B_SPLINE_CURVE_WITH_KNOTS('',3,(#3209,#3210,#3211,#3212,#3213,#3214),
 .UNSPECIFIED.,.F.,.F.,(4,2,4),(0.,0.0453447971587345,0.100994616569459),
 .UNSPECIFIED.);
#362=B_SPLINE_CURVE_WITH_KNOTS('',3,(#3240,#3241,#3242,#3243,#3244,#3245,
#3246,#3247,#3248,#3249,#3250,#3251,#3252,#3253,#3254,#3255,#3256,#3257,
#3258,#3259,#3260,#3261),.UNSPECIFIED.,.F.,.F.,(4,3,3,3,3,3,3,4),(0.,0.00171750142971331,
0.0169329731415525,0.0338213438431838,0.0462033732045564,0.0639121153532116,
0.0836299367024092,0.0851749990805091),.UNSPECIFIED.);
#363=B_SPLINE_CURVE_WITH_KNOTS('',3,(#3263,#3264,#3265,#3266,#3267,#3268,
#3269,#3270,#3271,#3272),.UNSPECIFIED.,.F.,.F.,(4,3,3,4),(-10.308632774881,
-10.0077372819001,-9.16896284569939,-8.71260431324644),.UNSPECIFIED.);
#364=B_SPLINE_CURVE_WITH_KNOTS('',3,(#3273,#3274,#3275,#3276,#3277,#3278,
#3279,#3280),.UNSPECIFIED.,.F.,.F.,(4,2,2,4),(0.,0.0200372965195179,0.0528316851934542,
0.110258118110386),.UNSPECIFIED.);
#365=B_SPLINE_CURVE_WITH_KNOTS('',3,(#3617,#3618,#3619,#3620,#3621,#3622,
#3623,#3624,#3625,#3626,#3627,#3628),.UNSPECIFIED.,.F.,.F.,(4,2,2,2,2,4),
(0.,0.00116070566965083,0.0444311274487449,0.0674745260043538,0.0808119940096293,
0.0982347732252472),.UNSPECIFIED.);
#366=B_SPLINE_CURVE_WITH_KNOTS('',3,(#3654,#3655,#3656,#3657,#3658,#3659,
#3660,#3661,#3662,#3663,#3664,#3665,#3666,#3667,#3668,#3669,#3670,#3671),
 .UNSPECIFIED.,.F.,.F.,(4,2,2,2,2,2,2,2,4),(0.,0.0565791007307081,0.113158201461416,
0.169736630875241,0.226315060289066,0.282893489702892,0.339471919116717,
0.396051019847425,0.452630120578133),.UNSPECIFIED.);
#367=B_SPLINE_CURVE_WITH_KNOTS('',3,(#3672,#3673,#3674,#3675,#3676,#3677,
#3678,#3679,#3680,#3681,#3682,#3683,#3684,#3685,#3686,#3687,#3688,#3689),
 .UNSPECIFIED.,.F.,.F.,(4,2,2,2,2,2,2,2,4),(0.452630120578133,0.509209221308841,
0.565788322039549,0.622366751453374,0.678945180867199,0.735523610281024,
0.792102039694849,0.848681140425558,0.905260241156266),.UNSPECIFIED.);
#368=B_SPLINE_CURVE_WITH_KNOTS('',3,(#3693,#3694,#3695,#3696,#3697,#3698,
#3699,#3700,#3701,#3702,#3703,#3704,#3705,#3706,#3707,#3708,#3709,#3710,
#3711,#3712),.UNSPECIFIED.,.F.,.F.,(4,2,2,2,2,2,2,2,2,4),(-0.867753896827046,
-0.836543515454985,-0.802365875373944,-0.747910121862139,-0.712788396604667,
-0.68755358926704,-0.663200523170551,-0.632215152745977,-0.582761467705528,
-0.572618315823733),.UNSPECIFIED.);
#369=B_SPLINE_CURVE_WITH_KNOTS('',3,(#3713,#3714,#3715,#3716,#3717,#3718,
#3719,#3720,#3721,#3722,#3723,#3724,#3725,#3726,#3727,#3728,#3729,#3730,
#3731,#3732,#3733,#3734,#3735,#3736,#3737,#3738,#3739,#3740),
 .UNSPECIFIED.,.F.,.F.,(4,2,2,2,2,2,2,2,2,2,2,2,2,4),(-0.572618315823733,
-0.527631863251949,-0.474163574467593,-0.423088320081174,-0.372613400096529,
-0.321939675990949,-0.265624739572032,-0.223457740540749,-0.195861267376039,
-0.171966552092789,-0.144651234353991,-0.103755625761983,-0.0516439987819096,
0.),.UNSPECIFIED.);
#370=B_SPLINE_CURVE_WITH_KNOTS('',3,(#3749,#3750,#3751,#3752,#3753,#3754,
#3755,#3756,#3757,#3758,#3759,#3760,#3761,#3762,#3763,#3764,#3765,#3766,
#3767,#3768,#3769,#3770,#3771,#3772),.UNSPECIFIED.,.F.,.F.,(4,2,2,2,2,2,
2,2,2,2,2,4),(-0.86782579844974,-0.821950060470614,-0.776353040679179,-0.726795419962755,
-0.699568899125045,-0.67811220902972,-0.655368662461536,-0.623456961135102,
-0.566652222599662,-0.512184578150391,-0.459481098327396,-0.43391766356849),
 .UNSPECIFIED.);
#371=B_SPLINE_CURVE_WITH_KNOTS('',3,(#3774,#3775,#3776,#3777,#3778,#3779,
#3780,#3781,#3782,#3783,#3784,#3785,#3786,#3787,#3788,#3789),
 .UNSPECIFIED.,.F.,.F.,(4,2,2,2,2,2,2,4),(-0.216966400424356,-0.216249868243502,
-0.192770493006282,-0.171510574457751,-0.145701878693146,-0.103481150270539,
-0.0516369709926378,0.),.UNSPECIFIED.);
#372=B_SPLINE_CURVE_WITH_KNOTS('',3,(#3795,#3796,#3797,#3798,#3799,#3800,
#3801,#3802,#3803,#3804,#3805,#3806),.UNSPECIFIED.,.F.,.F.,(4,2,2,2,2,4),
(-0.43391766356849,-0.408762008597029,-0.358463655466902,-0.308201477814917,
-0.251320110047598,-0.216966400424356),.UNSPECIFIED.);
#373=B_SPLINE_CURVE_WITH_KNOTS('',3,(#3810,#3811,#3812,#3813,#3814,#3815,
#3816,#3817,#3818,#3819,#3820,#3821,#3822,#3823,#3824,#3825,#3826,#3827,
#3828,#3829,#3830,#3831,#3832,#3833,#3834,#3835,#3836,#3837,#3838,#3839,
#3840,#3841,#3842,#3843,#3844,#3845,#3846,#3847),.UNSPECIFIED.,.F.,.F.,
(4,2,2,2,2,2,2,2,2,2,2,2,2,2,2,2,2,2,4),(-0.867757096908339,-0.835268194348301,
-0.799376769848244,-0.744812587288949,-0.71086403947995,-0.686187214352441,
-0.662091822211285,-0.631000956439996,-0.580512146045447,-0.525475891774031,
-0.472116750019126,-0.421094181653774,-0.370641794122614,-0.32001408616227,
-0.263612042019768,-0.222420157087401,-0.1954034651036,-0.17187548920115,
-0.148482139429849),.UNSPECIFIED.);
#374=B_SPLINE_CURVE_WITH_KNOTS('',3,(#3848,#3849,#3850,#3851,#3852,#3853,
#3854,#3855,#3856,#3857),.UNSPECIFIED.,.F.,.F.,(4,2,2,2,4),(-0.148482139429849,
-0.144767289024876,-0.103719129295528,-0.0516430099107388,0.),
 .UNSPECIFIED.);
#375=B_SPLINE_CURVE_WITH_KNOTS('',3,(#3866,#3867,#3868,#3869,#3870,#3871,
#3872,#3873,#3874,#3875,#3876,#3877,#3878,#3879,#3880,#3881,#3882,#3883,
#3884,#3885,#3886,#3887),.UNSPECIFIED.,.F.,.F.,(4,2,2,2,2,2,2,2,2,2,4),
(-0.867755242535599,-0.835938936220008,-0.800955048035781,-0.746447090347228,
-0.711880028957089,-0.686908051808107,-0.662675937553667,-0.631641835594062,
-0.581710678926282,-0.526624695823516,-0.505160736536154),.UNSPECIFIED.);
#376=B_SPLINE_CURVE_WITH_KNOTS('',3,(#3888,#3889,#3890,#3891,#3892,#3893,
#3894,#3895,#3896,#3897,#3898,#3899,#3900,#3901,#3902,#3903,#3904,#3905,
#3906,#3907,#3908,#3909,#3910,#3911,#3912,#3913),.UNSPECIFIED.,.F.,.F.,
(4,2,2,2,2,2,2,2,2,2,2,2,4),(-0.505160736536154,-0.473207452219296,-0.422156919832216,
-0.371692456446501,-0.321039811247426,-0.264683948706835,-0.222971703564961,
-0.195646349998143,-0.171922999381548,-0.144704379634292,-0.10373864819614,
-0.0516435372324753,0.),.UNSPECIFIED.);
#377=B_SPLINE_CURVE_WITH_KNOTS('',3,(#3922,#3923,#3924,#3925,#3926,#3927,
#3928,#3929,#3930,#3931),.UNSPECIFIED.,.F.,.F.,(4,2,2,2,4),(-0.867753896826936,
-0.836543515454875,-0.802365875373833,-0.747910121862027,-0.72917082983532),
 .UNSPECIFIED.);
#378=B_SPLINE_CURVE_WITH_KNOTS('',3,(#3932,#3933,#3934,#3935,#3936,#3937,
#3938,#3939,#3940,#3941,#3942,#3943,#3944,#3945,#3946,#3947,#3948,#3949,
#3950,#3951,#3952,#3953,#3954,#3955,#3956,#3957,#3958,#3959,#3960,#3961,
#3962,#3963,#3964,#3965,#3966,#3967,#3968,#3969),.UNSPECIFIED.,.F.,.F.,
(4,2,2,2,2,2,2,2,2,2,2,2,2,2,2,2,2,2,4),(-0.72917082983532,-0.712788396604552,
-0.687553589266924,-0.663200523170439,-0.632215152745868,-0.582761467705422,
-0.527631863251858,-0.474163574467523,-0.423088320081128,-0.372613400096501,
-0.321939675990926,-0.265624739572019,-0.223457740540741,-0.195861267376039,
-0.171966552092798,-0.144651234354,-0.103755625761984,-0.05164399878191,
0.),.UNSPECIFIED.);
#379=B_SPLINE_CURVE_WITH_KNOTS('',3,(#3978,#3979,#3980,#3981,#3982,#3983,
#3984,#3985,#3986,#3987,#3988,#3989,#3990,#3991,#3992,#3993,#3994,#3995,
#3996,#3997,#3998,#3999,#4000,#4001,#4002,#4003,#4004,#4005,#4006,#4007),
 .UNSPECIFIED.,.F.,.F.,(4,2,2,2,2,2,2,2,2,2,2,2,2,2,4),(-0.867757096907876,
-0.835268194347846,-0.799376769847817,-0.744812587288571,-0.710864039479597,
-0.686187214352099,-0.662091822210957,-0.631000956439682,-0.580512146045164,
-0.525475891773784,-0.472116750018914,-0.421094181653592,-0.370641794122459,
-0.320014086162141,-0.2854707969149),.UNSPECIFIED.);
#380=B_SPLINE_CURVE_WITH_KNOTS('',3,(#4008,#4009,#4010,#4011,#4012,#4013,
#4014,#4015,#4016,#4017,#4018,#4019,#4020,#4021,#4022,#4023,#4024,#4025),
 .UNSPECIFIED.,.F.,.F.,(4,2,2,2,2,2,2,2,4),(-0.2854707969149,-0.263612042019661,
-0.222420157087313,-0.195403465103529,-0.171875489201092,-0.144767289024829,
-0.1037191292955,-0.0516430099107324,0.),.UNSPECIFIED.);
#381=B_SPLINE_CURVE_WITH_KNOTS('',3,(#4034,#4035,#4036,#4037),
 .UNSPECIFIED.,.F.,.F.,(4,4),(-0.867827207839424,-0.863084646555877),
 .UNSPECIFIED.);
#382=B_SPLINE_CURVE_WITH_KNOTS('',3,(#4038,#4039,#4040,#4041,#4042,#4043,
#4044,#4045,#4046,#4047,#4048,#4049,#4050,#4051,#4052,#4053,#4054,#4055,
#4056,#4057,#4058,#4059,#4060,#4061,#4062,#4063,#4064,#4065,#4066,#4067,
#4068,#4069,#4070,#4071,#4072,#4073,#4074,#4075,#4076,#4077,#4078,#4079,
#4080,#4081),.UNSPECIFIED.,.F.,.F.,(4,2,2,2,2,2,2,2,2,2,2,2,2,2,2,2,2,2,
2,2,2,4),(-0.863084646555877,-0.821585327003889,-0.776004863952255,-0.726621335610176,
-0.699456999605715,-0.678026628119133,-0.655287083183444,-0.623341082928357,
-0.566540327903451,-0.512077210247499,-0.459378870425675,-0.408662086006015,
-0.358365121345879,-0.308106543832001,-0.25122188194147,-0.21620160684042,
-0.192750602888137,-0.171509148938921,-0.145711202307335,-0.103479134797506,
-0.0516369228372303,0.),.UNSPECIFIED.);
#383=B_SPLINE_CURVE_WITH_KNOTS('',3,(#4090,#4091,#4092,#4093,#4094,#4095,
#4096,#4097,#4098,#4099,#4100,#4101,#4102,#4103,#4104,#4105,#4106,#4107,
#4108,#4109,#4110,#4111,#4112,#4113),.UNSPECIFIED.,.F.,.F.,(4,2,2,2,2,2,
2,2,2,2,2,4),(-0.867827207839265,-0.821585327003735,-0.776004863952111,
-0.726621335610046,-0.699456999605595,-0.678026628119024,-0.655287083183343,
-0.623341082928265,-0.566540327903369,-0.512077210247429,-0.459378870425619,
-0.438684981621366),.UNSPECIFIED.);
#384=B_SPLINE_CURVE_WITH_KNOTS('',3,(#4114,#4115,#4116,#4117,#4118,#4119,
#4120,#4121,#4122,#4123,#4124,#4125,#4126,#4127,#4128,#4129,#4130,#4131,
#4132,#4133,#4134,#4135,#4136,#4137),.UNSPECIFIED.,.F.,.F.,(4,2,2,2,2,2,
2,2,2,2,2,4),(-0.438684981621366,-0.408662086005968,-0.358365121345834,
-0.308106543831951,-0.251221881941428,-0.216201606840376,-0.192750602888095,
-0.171509148938886,-0.145711202307311,-0.103479134797491,-0.0516369228372259,
0.),.UNSPECIFIED.);
#385=B_SPLINE_CURVE_WITH_KNOTS('',3,(#4146,#4147,#4148,#4149,#4150,#4151,
#4152,#4153),.UNSPECIFIED.,.F.,.F.,(4,2,2,4),(-0.867755242534674,-0.835938936219102,
-0.800955048034929,-0.796681357766694),.UNSPECIFIED.);
#386=B_SPLINE_CURVE_WITH_KNOTS('',3,(#4154,#4155,#4156,#4157,#4158,#4159,
#4160,#4161,#4162,#4163,#4164,#4165,#4166,#4167,#4168,#4169,#4170,#4171,
#4172,#4173,#4174,#4175,#4176,#4177,#4178,#4179,#4180,#4181,#4182,#4183,
#4184,#4185,#4186,#4187,#4188,#4189,#4190,#4191,#4192,#4193),
 .UNSPECIFIED.,.F.,.F.,(4,2,2,2,2,2,2,2,2,2,2,2,2,2,2,2,2,2,2,4),(-0.796681357766694,
-0.746447090346449,-0.711880028956359,-0.68690805180742,-0.662675937553022,
-0.631641835593462,-0.58171067892575,-0.526624695823055,-0.473207452218901,
-0.422156919831879,-0.371692456446216,-0.321039811247193,-0.264683948706654,
-0.222971703564815,-0.195646349998022,-0.171922999381446,-0.144704379634214,
-0.103738648196092,-0.0516435372324629,0.),.UNSPECIFIED.);
#387=B_SPLINE_CURVE_WITH_KNOTS('',3,(#4285,#4286,#4287,#4288,#4289,#4290,
#4291),.UNSPECIFIED.,.F.,.F.,(4,1,1,1,4),(0.,0.98174770424681,1.96349540849362,
2.94524311274043,3.14159265358979),.UNSPECIFIED.);
#388=B_SPLINE_CURVE_WITH_KNOTS('',3,(#4297,#4298,#4299,#4300,#4301,#4302,
#4303,#4304,#4305,#4306,#4307,#4308,#4309),.UNSPECIFIED.,.F.,.F.,(4,3,3,
3,4),(-3.14159265358979,-2.94524311274043,-1.96349540849362,-0.981747704246813,
-3.5527136788005E-15),.UNSPECIFIED.);
#389=B_SPLINE_CURVE_WITH_KNOTS('',3,(#4312,#4313,#4314,#4315,#4316,#4317,
#4318,#4319,#4320,#4321),.UNSPECIFIED.,.F.,.F.,(4,1,1,1,1,1,1,4),(3.14159265358979,
3.92699081698724,4.90873852123405,5.89048622548086,6.87223392972767,7.85398163397448,
8.83572933822129,9.42477796076938),.UNSPECIFIED.);
#390=B_SPLINE_CURVE_WITH_KNOTS('',3,(#4326,#4327,#4328,#4329,#4330,#4331,
#4332,#4333,#4334,#4335,#4336,#4337,#4338,#4339,#4340,#4341,#4342,#4343,
#4344,#4345,#4346,#4347),.UNSPECIFIED.,.F.,.F.,(4,3,3,3,3,3,3,4),(-9.42477796076938,
-8.8357293382213,-7.85398163397448,-6.87223392972767,-5.89048622548086,
-4.90873852123405,-3.92699081698724,-3.14159265358979),.UNSPECIFIED.);
#391=B_SPLINE_CURVE_WITH_KNOTS('',3,(#4348,#4349,#4350,#4351,#4352,#4353,
#4354,#4355,#4356,#4357),.UNSPECIFIED.,.F.,.F.,(4,1,1,1,1,1,1,4),(9.42477796076938,
9.8174770424681,10.7992247467149,11.7809724509617,12.7627201552085,13.7444678594553,
14.7262155637022,15.707963267949),.UNSPECIFIED.);
#392=B_SPLINE_CURVE_WITH_KNOTS('',3,(#4362,#4363,#4364,#4365,#4366,#4367,
#4368,#4369,#4370,#4371,#4372,#4373,#4374,#4375,#4376,#4377,#4378,#4379,
#4380,#4381,#4382,#4383),.UNSPECIFIED.,.F.,.F.,(4,3,3,3,3,3,3,4),(-15.707963267949,
-14.7262155637022,-13.7444678594553,-12.7627201552085,-11.7809724509617,
-10.7992247467149,-9.8174770424681,-9.42477796076938),.UNSPECIFIED.);
#393=B_SPLINE_CURVE_WITH_KNOTS('',3,(#4384,#4385,#4386,#4387,#4388,#4389,
#4390,#4391,#4392,#4393),.UNSPECIFIED.,.F.,.F.,(4,1,1,1,1,1,1,4),(15.707963267949,
16.6897109721958,17.6714586764426,18.6532063806894,19.6349540849362,20.616701789183,
21.5984494934298,21.9911485751286),.UNSPECIFIED.);
#394=B_SPLINE_CURVE_WITH_KNOTS('',3,(#4398,#4399,#4400,#4401,#4402,#4403,
#4404,#4405,#4406,#4407,#4408,#4409,#4410,#4411,#4412,#4413,#4414,#4415,
#4416,#4417,#4418,#4419),.UNSPECIFIED.,.F.,.F.,(4,3,3,3,3,3,3,4),(-21.9911485751285,
-21.5984494934298,-20.616701789183,-19.6349540849362,-18.6532063806894,
-17.6714586764426,-16.6897109721958,-15.707963267949),.UNSPECIFIED.);
#395=B_SPLINE_CURVE_WITH_KNOTS('',3,(#4420,#4421,#4422,#4423,#4424,#4425,
#4426,#4427,#4428,#4429),.UNSPECIFIED.,.F.,.F.,(4,1,1,1,1,1,1,4),(21.9911485751286,
22.5801971976766,23.5619449019234,24.5436926061703,25.5254403104171,26.5071880146639,
27.4889357189107,28.2743338823081),.UNSPECIFIED.);
#396=B_SPLINE_CURVE_WITH_KNOTS('',3,(#4436,#4437,#4438,#4439,#4440,#4441,
#4442,#4443,#4444,#4445,#4446,#4447,#4448),.UNSPECIFIED.,.F.,.F.,(4,3,3,
3,4),(-31.4159265358979,-30.4341788316511,-29.4524311274043,-28.4706834231575,
-28.2743338823081),.UNSPECIFIED.);
#397=B_SPLINE_CURVE_WITH_KNOTS('',3,(#4508,#4509,#4510,#4511),
 .UNSPECIFIED.,.F.,.F.,(4,4),(0.,1.),.UNSPECIFIED.);
#398=B_SPLINE_CURVE_WITH_KNOTS('',3,(#4682,#4683,#4684,#4685,#4686,#4687,
#4688,#4689,#4690,#4691,#4692,#4693,#4694,#4695,#4696,#4697,#4698,#4699,
#4700,#4701,#4702,#4703,#4704,#4705,#4706,#4707,#4708,#4709,#4710,#4711,
#4712,#4713,#4714,#4715,#4716),.UNSPECIFIED.,.F.,.F.,(4,1,1,1,1,1,1,1,1,
1,1,1,1,1,1,1,1,1,1,1,1,1,1,1,1,1,1,1,1,1,1,1,4),(0.,0.98174770424681,1.96349540849362,
2.94524311274043,3.92699081698724,4.90873852123405,5.89048622548086,6.87223392972767,
7.85398163397448,8.83572933822129,9.8174770424681,10.7992247467149,11.7809724509617,
12.7627201552085,13.7444678594553,14.7262155637022,15.707963267949,16.6897109721958,
17.6714586764426,18.6532063806894,19.6349540849362,20.616701789183,21.5984494934298,
22.5801971976766,23.5619449019234,24.5436926061703,25.5254403104171,26.5071880146639,
27.4889357189107,28.4706834231575,29.4524311274043,30.4341788316511,31.4159265358979),
 .UNSPECIFIED.);
#399=B_SPLINE_CURVE_WITH_KNOTS('',3,(#4719,#4720,#4721,#4722,#4723,#4724,
#4725),.UNSPECIFIED.,.F.,.F.,(4,1,1,1,4),(28.2743338823081,28.4706834231575,
29.4524311274043,30.4341788316511,31.4159265358979),.UNSPECIFIED.);
#400=B_SPLINE_CURVE_WITH_KNOTS('',3,(#4867,#4868,#4869,#4870,#4871,#4872,
#4873,#4874,#4875,#4876,#4877,#4878,#4879,#4880,#4881,#4882,#4883,#4884,
#4885,#4886,#4887,#4888),.UNSPECIFIED.,.F.,.F.,(4,3,3,3,3,3,3,4),(-28.2743338823081,
-27.4889357189107,-26.5071880146639,-25.5254403104171,-24.5436926061703,
-23.5619449019234,-22.5801971976766,-21.9911485751285),.UNSPECIFIED.);
#401=LINE('',#1919,#469);
#402=LINE('',#1955,#470);
#403=LINE('',#1994,#471);
#404=LINE('',#2030,#472);
#405=LINE('',#2067,#473);
#406=LINE('',#2106,#474);
#407=LINE('',#2142,#475);
#408=LINE('',#2178,#476);
#409=LINE('',#2218,#477);
#410=LINE('',#2254,#478);
#411=LINE('',#2290,#479);
#412=LINE('',#2330,#480);
#413=LINE('',#2366,#481);
#414=LINE('',#2429,#482);
#415=LINE('',#3052,#483);
#416=LINE('',#3128,#484);
#417=LINE('',#3629,#485);
#418=LINE('',#3631,#486);
#419=LINE('',#3633,#487);
#420=LINE('',#3648,#488);
#421=LINE('',#3652,#489);
#422=LINE('',#3742,#490);
#423=LINE('',#3791,#491);
#424=LINE('',#3859,#492);
#425=LINE('',#3915,#493);
#426=LINE('',#3971,#494);
#427=LINE('',#4027,#495);
#428=LINE('',#4083,#496);
#429=LINE('',#4139,#497);
#430=LINE('',#4195,#498);
#431=LINE('',#4213,#499);
#432=LINE('',#4216,#500);
#433=LINE('',#4258,#501);
#434=LINE('',#4265,#502);
#435=LINE('',#4272,#503);
#436=LINE('',#4277,#504);
#437=LINE('',#4282,#505);
#438=LINE('',#4295,#506);
#439=LINE('',#4310,#507);
#440=LINE('',#4325,#508);
#441=LINE('',#4361,#509);
#442=LINE('',#4397,#510);
#443=LINE('',#4433,#511);
#444=LINE('',#4515,#512);
#445=LINE('',#4517,#513);
#446=LINE('',#4519,#514);
#447=LINE('',#4521,#515);
#448=LINE('',#4523,#516);
#449=LINE('',#4524,#517);
#450=LINE('',#4527,#518);
#451=LINE('',#4529,#519);
#452=LINE('',#4530,#520);
#453=LINE('',#4533,#521);
#454=LINE('',#4534,#522);
#455=LINE('',#4537,#523);
#456=LINE('',#4538,#524);
#457=LINE('',#4680,#525);
#458=LINE('',#4718,#526);
#459=LINE('',#4866,#527);
#460=LINE('',#4889,#528);
#461=LINE('',#4892,#529);
#462=LINE('',#4897,#530);
#463=LINE('',#4899,#531);
#464=LINE('',#4900,#532);
#465=LINE('',#4902,#533);
#466=LINE('',#4904,#534);
#467=LINE('',#4911,#535);
#468=LINE('',#4917,#536);
#469=VECTOR('',#1602,1.5);
#470=VECTOR('',#1609,1.5);
#471=VECTOR('',#1612,1.5);
#472=VECTOR('',#1615,1.5);
#473=VECTOR('',#1618,1.5);
#474=VECTOR('',#1621,1.5);
#475=VECTOR('',#1624,1.5);
#476=VECTOR('',#1627,1.5);
#477=VECTOR('',#1630,1.5);
#478=VECTOR('',#1633,1.5);
#479=VECTOR('',#1636,1.5);
#480=VECTOR('',#1639,1.5);
#481=VECTOR('',#1642,1.5);
#482=VECTOR('',#1643,10.);
#483=VECTOR('',#1644,10.);
#484=VECTOR('',#1645,10.);
#485=VECTOR('',#1646,10.);
#486=VECTOR('',#1649,10.);
#487=VECTOR('',#1652,10.);
#488=VECTOR('',#1675,1.5);
#489=VECTOR('',#1680,1.5);
#490=VECTOR('',#1683,1.35);
#491=VECTOR('',#1690,1.35);
#492=VECTOR('',#1697,1.35);
#493=VECTOR('',#1704,1.35);
#494=VECTOR('',#1711,1.35);
#495=VECTOR('',#1718,1.35);
#496=VECTOR('',#1725,1.35);
#497=VECTOR('',#1732,1.35);
#498=VECTOR('',#1739,1.35);
#499=VECTOR('',#1768,3.5);
#500=VECTOR('',#1773,2.5);
#501=VECTOR('',#1784,13.);
#502=VECTOR('',#1793,11.);
#503=VECTOR('',#1802,13.);
#504=VECTOR('',#1809,9.);
#505=VECTOR('',#1814,1.5);
#506=VECTOR('',#1819,1.5);
#507=VECTOR('',#1820,10.);
#508=VECTOR('',#1825,1.5);
#509=VECTOR('',#1828,1.5);
#510=VECTOR('',#1831,1.5);
#511=VECTOR('',#1834,1.5);
#512=VECTOR('',#1843,10.);
#513=VECTOR('',#1844,10.);
#514=VECTOR('',#1845,10.);
#515=VECTOR('',#1846,10.);
#516=VECTOR('',#1847,10.);
#517=VECTOR('',#1848,10.);
#518=VECTOR('',#1851,10.);
#519=VECTOR('',#1852,10.);
#520=VECTOR('',#1853,10.);
#521=VECTOR('',#1856,10.);
#522=VECTOR('',#1857,10.);
#523=VECTOR('',#1860,10.);
#524=VECTOR('',#1861,10.);
#525=VECTOR('',#1862,10.);
#526=VECTOR('',#1863,10.);
#527=VECTOR('',#1864,10.);
#528=VECTOR('',#1865,10.);
#529=VECTOR('',#1870,10.);
#530=VECTOR('',#1877,10.);
#531=VECTOR('',#1878,10.);
#532=VECTOR('',#1879,10.);
#533=VECTOR('',#1882,10.);
#534=VECTOR('',#1885,10.);
#535=VECTOR('',#1894,11.);
#536=VECTOR('',#1901,15.);
#537=VERTEX_POINT('',#1917);
#538=VERTEX_POINT('',#1918);
#539=VERTEX_POINT('',#1920);
#540=VERTEX_POINT('',#1937);
#541=VERTEX_POINT('',#1939);
#542=VERTEX_POINT('',#1945);
#543=VERTEX_POINT('',#1953);
#544=VERTEX_POINT('',#1954);
#545=VERTEX_POINT('',#1992);
#546=VERTEX_POINT('',#1993);
#547=VERTEX_POINT('',#2028);
#548=VERTEX_POINT('',#2029);
#549=VERTEX_POINT('',#2065);
#550=VERTEX_POINT('',#2066);
#551=VERTEX_POINT('',#2104);
#552=VERTEX_POINT('',#2105);
#553=VERTEX_POINT('',#2140);
#554=VERTEX_POINT('',#2141);
#555=VERTEX_POINT('',#2176);
#556=VERTEX_POINT('',#2177);
#557=VERTEX_POINT('',#2216);
#558=VERTEX_POINT('',#2217);
#559=VERTEX_POINT('',#2252);
#560=VERTEX_POINT('',#2253);
#561=VERTEX_POINT('',#2288);
#562=VERTEX_POINT('',#2289);
#563=VERTEX_POINT('',#2328);
#564=VERTEX_POINT('',#2329);
#565=VERTEX_POINT('',#2364);
#566=VERTEX_POINT('',#2365);
#567=VERTEX_POINT('',#2415);
#568=VERTEX_POINT('',#2416);
#569=VERTEX_POINT('',#2423);
#570=VERTEX_POINT('',#2428);
#571=VERTEX_POINT('',#2454);
#572=VERTEX_POINT('',#2455);
#573=VERTEX_POINT('',#2475);
#574=VERTEX_POINT('',#2481);
#575=VERTEX_POINT('',#2529);
#576=VERTEX_POINT('',#2552);
#577=VERTEX_POINT('',#2924);
#578=VERTEX_POINT('',#2925);
#579=VERTEX_POINT('',#2966);
#580=VERTEX_POINT('',#3051);
#581=VERTEX_POINT('',#3063);
#582=VERTEX_POINT('',#3111);
#583=VERTEX_POINT('',#3149);
#584=VERTEX_POINT('',#3158);
#585=VERTEX_POINT('',#3192);
#586=VERTEX_POINT('',#3201);
#587=VERTEX_POINT('',#3239);
#588=VERTEX_POINT('',#3262);
#589=VERTEX_POINT('',#3635);
#590=VERTEX_POINT('',#3645);
#591=VERTEX_POINT('',#3647);
#592=VERTEX_POINT('',#3651);
#593=VERTEX_POINT('',#3653);
#594=VERTEX_POINT('',#3691);
#595=VERTEX_POINT('',#3692);
#596=VERTEX_POINT('',#3741);
#597=VERTEX_POINT('',#3743);
#598=VERTEX_POINT('',#3747);
#599=VERTEX_POINT('',#3748);
#600=VERTEX_POINT('',#3773);
#601=VERTEX_POINT('',#3790);
#602=VERTEX_POINT('',#3792);
#603=VERTEX_POINT('',#3808);
#604=VERTEX_POINT('',#3809);
#605=VERTEX_POINT('',#3858);
#606=VERTEX_POINT('',#3860);
#607=VERTEX_POINT('',#3864);
#608=VERTEX_POINT('',#3865);
#609=VERTEX_POINT('',#3914);
#610=VERTEX_POINT('',#3916);
#611=VERTEX_POINT('',#3920);
#612=VERTEX_POINT('',#3921);
#613=VERTEX_POINT('',#3970);
#614=VERTEX_POINT('',#3972);
#615=VERTEX_POINT('',#3976);
#616=VERTEX_POINT('',#3977);
#617=VERTEX_POINT('',#4026);
#618=VERTEX_POINT('',#4028);
#619=VERTEX_POINT('',#4032);
#620=VERTEX_POINT('',#4033);
#621=VERTEX_POINT('',#4082);
#622=VERTEX_POINT('',#4084);
#623=VERTEX_POINT('',#4088);
#624=VERTEX_POINT('',#4089);
#625=VERTEX_POINT('',#4138);
#626=VERTEX_POINT('',#4140);
#627=VERTEX_POINT('',#4144);
#628=VERTEX_POINT('',#4145);
#629=VERTEX_POINT('',#4194);
#630=VERTEX_POINT('',#4196);
#631=VERTEX_POINT('',#4209);
#632=VERTEX_POINT('',#4212);
#633=VERTEX_POINT('',#4247);
#634=VERTEX_POINT('',#4253);
#635=VERTEX_POINT('',#4256);
#636=VERTEX_POINT('',#4260);
#637=VERTEX_POINT('',#4263);
#638=VERTEX_POINT('',#4267);
#639=VERTEX_POINT('',#4270);
#640=VERTEX_POINT('',#4274);
#641=VERTEX_POINT('',#4280);
#642=VERTEX_POINT('',#4281);
#643=VERTEX_POINT('',#4283);
#644=VERTEX_POINT('',#4293);
#645=VERTEX_POINT('',#4294);
#646=VERTEX_POINT('',#4296);
#647=VERTEX_POINT('',#4323);
#648=VERTEX_POINT('',#4324);
#649=VERTEX_POINT('',#4359);
#650=VERTEX_POINT('',#4360);
#651=VERTEX_POINT('',#4395);
#652=VERTEX_POINT('',#4396);
#653=VERTEX_POINT('',#4431);
#654=VERTEX_POINT('',#4432);
#655=VERTEX_POINT('',#4434);
#656=VERTEX_POINT('',#4450);
#657=VERTEX_POINT('',#4513);
#658=VERTEX_POINT('',#4514);
#659=VERTEX_POINT('',#4516);
#660=VERTEX_POINT('',#4518);
#661=VERTEX_POINT('',#4520);
#662=VERTEX_POINT('',#4522);
#663=VERTEX_POINT('',#4526);
#664=VERTEX_POINT('',#4528);
#665=VERTEX_POINT('',#4532);
#666=VERTEX_POINT('',#4536);
#667=VERTEX_POINT('',#4679);
#668=VERTEX_POINT('',#4681);
#669=VERTEX_POINT('',#4717);
#670=VERTEX_POINT('',#4896);
#671=VERTEX_POINT('',#4898);
#672=VERTEX_POINT('',#4908);
#673=VERTEX_POINT('',#4910);
#674=VERTEX_POINT('',#4914);
#675=VERTEX_POINT('',#4916);
#676=EDGE_CURVE('',#537,#538,#401,.T.);
#677=EDGE_CURVE('',#537,#539,#313,.T.);
#678=EDGE_CURVE('',#540,#539,#305,.T.);
#679=EDGE_CURVE('',#540,#541,#314,.T.);
#680=EDGE_CURVE('',#542,#541,#306,.T.);
#681=EDGE_CURVE('',#542,#538,#315,.T.);
#682=EDGE_CURVE('',#543,#544,#402,.T.);
#683=EDGE_CURVE('',#543,#537,#316,.T.);
#684=EDGE_CURVE('',#538,#544,#317,.T.);
#685=EDGE_CURVE('',#545,#546,#403,.T.);
#686=EDGE_CURVE('',#545,#543,#318,.T.);
#687=EDGE_CURVE('',#544,#546,#319,.T.);
#688=EDGE_CURVE('',#547,#548,#404,.T.);
#689=EDGE_CURVE('',#547,#545,#320,.T.);
#690=EDGE_CURVE('',#546,#548,#321,.T.);
#691=EDGE_CURVE('',#549,#550,#405,.T.);
#692=EDGE_CURVE('',#549,#547,#322,.T.);
#693=EDGE_CURVE('',#548,#550,#323,.T.);
#694=EDGE_CURVE('',#551,#552,#406,.T.);
#695=EDGE_CURVE('',#551,#549,#324,.T.);
#696=EDGE_CURVE('',#550,#552,#325,.T.);
#697=EDGE_CURVE('',#553,#554,#407,.T.);
#698=EDGE_CURVE('',#553,#551,#326,.T.);
#699=EDGE_CURVE('',#552,#554,#327,.T.);
#700=EDGE_CURVE('',#555,#556,#408,.T.);
#701=EDGE_CURVE('',#555,#553,#328,.T.);
#702=EDGE_CURVE('',#554,#556,#329,.T.);
#703=EDGE_CURVE('',#557,#558,#409,.T.);
#704=EDGE_CURVE('',#557,#555,#330,.T.);
#705=EDGE_CURVE('',#556,#558,#331,.T.);
#706=EDGE_CURVE('',#559,#560,#410,.T.);
#707=EDGE_CURVE('',#559,#557,#332,.T.);
#708=EDGE_CURVE('',#558,#560,#333,.T.);
#709=EDGE_CURVE('',#561,#562,#411,.T.);
#710=EDGE_CURVE('',#561,#559,#334,.T.);
#711=EDGE_CURVE('',#560,#562,#335,.T.);
#712=EDGE_CURVE('',#563,#564,#412,.T.);
#713=EDGE_CURVE('',#563,#561,#336,.T.);
#714=EDGE_CURVE('',#562,#564,#337,.T.);
#715=EDGE_CURVE('',#565,#566,#413,.T.);
#716=EDGE_CURVE('',#565,#563,#338,.T.);
#717=EDGE_CURVE('',#564,#566,#339,.T.);
#718=EDGE_CURVE('',#567,#568,#340,.T.);
#719=EDGE_CURVE('',#569,#567,#341,.T.);
#720=EDGE_CURVE('',#570,#569,#414,.T.);
#721=EDGE_CURVE('',#570,#568,#342,.T.);
#722=EDGE_CURVE('',#571,#572,#343,.T.);
#723=EDGE_CURVE('',#573,#571,#344,.T.);
#724=EDGE_CURVE('',#574,#573,#345,.T.);
#725=EDGE_CURVE('',#574,#572,#346,.T.);
#726=EDGE_CURVE('',#541,#575,#347,.T.);
#727=EDGE_CURVE('',#576,#540,#348,.T.);
#728=EDGE_CURVE('',#576,#575,#349,.T.);
#729=EDGE_CURVE('',#577,#578,#350,.T.);
#730=EDGE_CURVE('',#577,#579,#351,.T.);
#731=EDGE_CURVE('',#579,#580,#415,.T.);
#732=EDGE_CURVE('',#566,#580,#352,.T.);
#733=EDGE_CURVE('',#581,#542,#353,.T.);
#734=EDGE_CURVE('',#581,#578,#354,.T.);
#735=EDGE_CURVE('',#568,#582,#355,.T.);
#736=EDGE_CURVE('',#582,#570,#416,.T.);
#737=EDGE_CURVE('',#583,#574,#356,.T.);
#738=EDGE_CURVE('',#584,#583,#357,.T.);
#739=EDGE_CURVE('',#572,#584,#358,.T.);
#740=EDGE_CURVE('',#585,#576,#359,.T.);
#741=EDGE_CURVE('',#586,#585,#360,.T.);
#742=EDGE_CURVE('',#575,#586,#361,.T.);
#743=EDGE_CURVE('',#587,#581,#362,.T.);
#744=EDGE_CURVE('',#588,#587,#363,.T.);
#745=EDGE_CURVE('',#578,#588,#364,.T.);
#746=EDGE_CURVE('',#539,#577,#365,.T.);
#747=EDGE_CURVE('',#565,#579,#417,.T.);
#748=EDGE_CURVE('',#580,#565,#418,.T.);
#749=EDGE_CURVE('',#582,#569,#419,.T.);
#750=EDGE_CURVE('',#589,#583,#307,.T.);
#751=EDGE_CURVE('',#584,#589,#308,.T.);
#752=EDGE_CURVE('',#582,#585,#309,.T.);
#753=EDGE_CURVE('',#586,#567,#310,.T.);
#754=EDGE_CURVE('',#573,#587,#311,.T.);
#755=EDGE_CURVE('',#588,#571,#312,.T.);
#756=EDGE_CURVE('',#590,#590,#57,.T.);
#757=EDGE_CURVE('',#590,#591,#420,.T.);
#758=EDGE_CURVE('',#591,#591,#58,.T.);
#759=EDGE_CURVE('',#592,#580,#421,.T.);
#760=EDGE_CURVE('',#593,#592,#366,.T.);
#761=EDGE_CURVE('',#592,#593,#367,.T.);
#762=EDGE_CURVE('',#594,#595,#368,.T.);
#763=EDGE_CURVE('',#595,#594,#369,.T.);
#764=EDGE_CURVE('',#595,#596,#422,.T.);
#765=EDGE_CURVE('',#597,#596,#59,.T.);
#766=EDGE_CURVE('',#596,#597,#60,.T.);
#767=EDGE_CURVE('',#598,#599,#370,.T.);
#768=EDGE_CURVE('',#600,#598,#371,.T.);
#769=EDGE_CURVE('',#600,#601,#423,.T.);
#770=EDGE_CURVE('',#602,#601,#61,.T.);
#771=EDGE_CURVE('',#601,#602,#62,.T.);
#772=EDGE_CURVE('',#599,#600,#372,.T.);
#773=EDGE_CURVE('',#603,#604,#373,.T.);
#774=EDGE_CURVE('',#604,#603,#374,.T.);
#775=EDGE_CURVE('',#604,#605,#424,.T.);
#776=EDGE_CURVE('',#606,#605,#63,.T.);
#777=EDGE_CURVE('',#605,#606,#64,.T.);
#778=EDGE_CURVE('',#607,#608,#375,.T.);
#779=EDGE_CURVE('',#608,#607,#376,.T.);
#780=EDGE_CURVE('',#608,#609,#425,.T.);
#781=EDGE_CURVE('',#610,#609,#65,.T.);
#782=EDGE_CURVE('',#609,#610,#66,.T.);
#783=EDGE_CURVE('',#611,#612,#377,.T.);
#784=EDGE_CURVE('',#612,#611,#378,.T.);
#785=EDGE_CURVE('',#612,#613,#426,.T.);
#786=EDGE_CURVE('',#614,#613,#67,.T.);
#787=EDGE_CURVE('',#613,#614,#68,.T.);
#788=EDGE_CURVE('',#615,#616,#379,.T.);
#789=EDGE_CURVE('',#616,#615,#380,.T.);
#790=EDGE_CURVE('',#616,#617,#427,.T.);
#791=EDGE_CURVE('',#618,#617,#69,.T.);
#792=EDGE_CURVE('',#617,#618,#70,.T.);
#793=EDGE_CURVE('',#619,#620,#381,.T.);
#794=EDGE_CURVE('',#620,#619,#382,.T.);
#795=EDGE_CURVE('',#620,#621,#428,.T.);
#796=EDGE_CURVE('',#622,#621,#71,.T.);
#797=EDGE_CURVE('',#621,#622,#72,.T.);
#798=EDGE_CURVE('',#623,#624,#383,.T.);
#799=EDGE_CURVE('',#624,#623,#384,.T.);
#800=EDGE_CURVE('',#624,#625,#429,.T.);
#801=EDGE_CURVE('',#626,#625,#73,.T.);
#802=EDGE_CURVE('',#625,#626,#74,.T.);
#803=EDGE_CURVE('',#627,#628,#385,.T.);
#804=EDGE_CURVE('',#628,#627,#386,.T.);
#805=EDGE_CURVE('',#628,#629,#430,.T.);
#806=EDGE_CURVE('',#630,#629,#75,.T.);
#807=EDGE_CURVE('',#629,#630,#76,.T.);
#808=EDGE_CURVE('',#597,#614,#77,.T.);
#809=EDGE_CURVE('',#614,#630,#78,.T.);
#810=EDGE_CURVE('',#630,#622,#79,.T.);
#811=EDGE_CURVE('',#622,#606,#80,.T.);
#812=EDGE_CURVE('',#606,#602,#81,.T.);
#813=EDGE_CURVE('',#602,#618,#82,.T.);
#814=EDGE_CURVE('',#618,#626,#83,.T.);
#815=EDGE_CURVE('',#626,#610,#84,.T.);
#816=EDGE_CURVE('',#610,#597,#85,.T.);
#817=EDGE_CURVE('',#631,#631,#86,.T.);
#818=EDGE_CURVE('',#631,#632,#431,.T.);
#819=EDGE_CURVE('',#632,#632,#87,.T.);
#820=EDGE_CURVE('',#632,#590,#432,.T.);
#821=EDGE_CURVE('',#591,#598,#35,.T.);
#822=EDGE_CURVE('',#599,#633,#36,.T.);
#823=EDGE_CURVE('',#633,#633,#88,.T.);
#824=EDGE_CURVE('',#634,#634,#89,.T.);
#825=EDGE_CURVE('',#635,#635,#90,.T.);
#826=EDGE_CURVE('',#635,#634,#433,.T.);
#827=EDGE_CURVE('',#636,#636,#91,.T.);
#828=EDGE_CURVE('',#637,#637,#92,.T.);
#829=EDGE_CURVE('',#637,#636,#434,.T.);
#830=EDGE_CURVE('',#638,#638,#93,.T.);
#831=EDGE_CURVE('',#639,#639,#94,.T.);
#832=EDGE_CURVE('',#639,#638,#435,.T.);
#833=EDGE_CURVE('',#640,#640,#95,.T.);
#834=EDGE_CURVE('',#640,#602,#436,.T.);
#835=EDGE_CURVE('',#641,#642,#437,.T.);
#836=EDGE_CURVE('',#642,#643,#96,.T.);
#837=EDGE_CURVE('',#643,#641,#387,.T.);
#838=EDGE_CURVE('',#644,#645,#438,.T.);
#839=EDGE_CURVE('',#645,#646,#388,.T.);
#840=EDGE_CURVE('',#646,#643,#439,.T.);
#841=EDGE_CURVE('',#643,#642,#97,.T.);
#842=EDGE_CURVE('',#641,#644,#389,.T.);
#843=EDGE_CURVE('',#647,#648,#440,.T.);
#844=EDGE_CURVE('',#648,#645,#390,.T.);
#845=EDGE_CURVE('',#644,#647,#391,.T.);
#846=EDGE_CURVE('',#649,#650,#441,.T.);
#847=EDGE_CURVE('',#650,#648,#392,.T.);
#848=EDGE_CURVE('',#647,#649,#393,.T.);
#849=EDGE_CURVE('',#651,#652,#442,.T.);
#850=EDGE_CURVE('',#652,#650,#394,.T.);
#851=EDGE_CURVE('',#649,#651,#395,.T.);
#852=EDGE_CURVE('',#653,#654,#443,.T.);
#853=EDGE_CURVE('',#655,#653,#98,.T.);
#854=EDGE_CURVE('',#655,#654,#396,.T.);
#855=EDGE_CURVE('',#656,#656,#99,.T.);
#856=EDGE_CURVE('',#642,#656,#397,.T.);
#857=EDGE_CURVE('',#657,#658,#444,.T.);
#858=EDGE_CURVE('',#659,#657,#445,.T.);
#859=EDGE_CURVE('',#660,#659,#446,.T.);
#860=EDGE_CURVE('',#661,#660,#447,.T.);
#861=EDGE_CURVE('',#662,#661,#448,.T.);
#862=EDGE_CURVE('',#658,#662,#449,.T.);
#863=EDGE_CURVE('',#660,#663,#450,.T.);
#864=EDGE_CURVE('',#664,#663,#451,.T.);
#865=EDGE_CURVE('',#661,#664,#452,.T.);
#866=EDGE_CURVE('',#659,#665,#453,.T.);
#867=EDGE_CURVE('',#663,#665,#454,.T.);
#868=EDGE_CURVE('',#657,#666,#455,.T.);
#869=EDGE_CURVE('',#665,#666,#456,.T.);
#870=EDGE_CURVE('',#667,#643,#457,.T.);
#871=EDGE_CURVE('',#667,#668,#398,.T.);
#872=EDGE_CURVE('',#669,#668,#458,.T.);
#873=EDGE_CURVE('',#651,#669,#399,.T.);
#874=EDGE_CURVE('',#646,#667,#459,.T.);
#875=EDGE_CURVE('',#654,#652,#400,.T.);
#876=EDGE_CURVE('',#668,#655,#460,.T.);
#877=EDGE_CURVE('',#669,#655,#461,.T.);
#878=EDGE_CURVE('',#653,#655,#100,.T.);
#879=EDGE_CURVE('',#662,#670,#462,.T.);
#880=EDGE_CURVE('',#671,#670,#463,.T.);
#881=EDGE_CURVE('',#658,#671,#464,.T.);
#882=EDGE_CURVE('',#666,#671,#465,.T.);
#883=EDGE_CURVE('',#670,#664,#466,.T.);
#884=EDGE_CURVE('',#672,#672,#101,.T.);
#885=EDGE_CURVE('',#672,#673,#467,.T.);
#886=EDGE_CURVE('',#673,#673,#102,.T.);
#887=EDGE_CURVE('',#674,#674,#103,.T.);
#888=EDGE_CURVE('',#674,#675,#468,.T.);
#889=EDGE_CURVE('',#675,#675,#104,.T.);
#890=ORIENTED_EDGE('',*,*,#676,.F.);
#891=ORIENTED_EDGE('',*,*,#677,.T.);
#892=ORIENTED_EDGE('',*,*,#678,.F.);
#893=ORIENTED_EDGE('',*,*,#679,.T.);
#894=ORIENTED_EDGE('',*,*,#680,.F.);
#895=ORIENTED_EDGE('',*,*,#681,.T.);
#896=ORIENTED_EDGE('',*,*,#682,.F.);
#897=ORIENTED_EDGE('',*,*,#683,.T.);
#898=ORIENTED_EDGE('',*,*,#676,.T.);
#899=ORIENTED_EDGE('',*,*,#684,.T.);
#900=ORIENTED_EDGE('',*,*,#685,.F.);
#901=ORIENTED_EDGE('',*,*,#686,.T.);
#902=ORIENTED_EDGE('',*,*,#682,.T.);
#903=ORIENTED_EDGE('',*,*,#687,.T.);
#904=ORIENTED_EDGE('',*,*,#688,.F.);
#905=ORIENTED_EDGE('',*,*,#689,.T.);
#906=ORIENTED_EDGE('',*,*,#685,.T.);
#907=ORIENTED_EDGE('',*,*,#690,.T.);
#908=ORIENTED_EDGE('',*,*,#691,.F.);
#909=ORIENTED_EDGE('',*,*,#692,.T.);
#910=ORIENTED_EDGE('',*,*,#688,.T.);
#911=ORIENTED_EDGE('',*,*,#693,.T.);
#912=ORIENTED_EDGE('',*,*,#694,.F.);
#913=ORIENTED_EDGE('',*,*,#695,.T.);
#914=ORIENTED_EDGE('',*,*,#691,.T.);
#915=ORIENTED_EDGE('',*,*,#696,.T.);
#916=ORIENTED_EDGE('',*,*,#697,.F.);
#917=ORIENTED_EDGE('',*,*,#698,.T.);
#918=ORIENTED_EDGE('',*,*,#694,.T.);
#919=ORIENTED_EDGE('',*,*,#699,.T.);
#920=ORIENTED_EDGE('',*,*,#700,.F.);
#921=ORIENTED_EDGE('',*,*,#701,.T.);
#922=ORIENTED_EDGE('',*,*,#697,.T.);
#923=ORIENTED_EDGE('',*,*,#702,.T.);
#924=ORIENTED_EDGE('',*,*,#703,.F.);
#925=ORIENTED_EDGE('',*,*,#704,.T.);
#926=ORIENTED_EDGE('',*,*,#700,.T.);
#927=ORIENTED_EDGE('',*,*,#705,.T.);
#928=ORIENTED_EDGE('',*,*,#706,.F.);
#929=ORIENTED_EDGE('',*,*,#707,.T.);
#930=ORIENTED_EDGE('',*,*,#703,.T.);
#931=ORIENTED_EDGE('',*,*,#708,.T.);
#932=ORIENTED_EDGE('',*,*,#709,.F.);
#933=ORIENTED_EDGE('',*,*,#710,.T.);
#934=ORIENTED_EDGE('',*,*,#706,.T.);
#935=ORIENTED_EDGE('',*,*,#711,.T.);
#936=ORIENTED_EDGE('',*,*,#712,.F.);
#937=ORIENTED_EDGE('',*,*,#713,.T.);
#938=ORIENTED_EDGE('',*,*,#709,.T.);
#939=ORIENTED_EDGE('',*,*,#714,.T.);
#940=ORIENTED_EDGE('',*,*,#715,.F.);
#941=ORIENTED_EDGE('',*,*,#716,.T.);
#942=ORIENTED_EDGE('',*,*,#712,.T.);
#943=ORIENTED_EDGE('',*,*,#717,.T.);
#944=ORIENTED_EDGE('',*,*,#718,.F.);
#945=ORIENTED_EDGE('',*,*,#719,.F.);
#946=ORIENTED_EDGE('',*,*,#720,.F.);
#947=ORIENTED_EDGE('',*,*,#721,.T.);
#948=ORIENTED_EDGE('',*,*,#722,.F.);
#949=ORIENTED_EDGE('',*,*,#723,.F.);
#950=ORIENTED_EDGE('',*,*,#724,.F.);
#951=ORIENTED_EDGE('',*,*,#725,.T.);
#952=ORIENTED_EDGE('',*,*,#726,.F.);
#953=ORIENTED_EDGE('',*,*,#679,.F.);
#954=ORIENTED_EDGE('',*,*,#727,.F.);
#955=ORIENTED_EDGE('',*,*,#728,.T.);
#956=ORIENTED_EDGE('',*,*,#729,.F.);
#957=ORIENTED_EDGE('',*,*,#730,.T.);
#958=ORIENTED_EDGE('',*,*,#731,.T.);
#959=ORIENTED_EDGE('',*,*,#732,.F.);
#960=ORIENTED_EDGE('',*,*,#717,.F.);
#961=ORIENTED_EDGE('',*,*,#714,.F.);
#962=ORIENTED_EDGE('',*,*,#711,.F.);
#963=ORIENTED_EDGE('',*,*,#708,.F.);
#964=ORIENTED_EDGE('',*,*,#705,.F.);
#965=ORIENTED_EDGE('',*,*,#702,.F.);
#966=ORIENTED_EDGE('',*,*,#699,.F.);
#967=ORIENTED_EDGE('',*,*,#696,.F.);
#968=ORIENTED_EDGE('',*,*,#693,.F.);
#969=ORIENTED_EDGE('',*,*,#690,.F.);
#970=ORIENTED_EDGE('',*,*,#687,.F.);
#971=ORIENTED_EDGE('',*,*,#684,.F.);
#972=ORIENTED_EDGE('',*,*,#681,.F.);
#973=ORIENTED_EDGE('',*,*,#733,.F.);
#974=ORIENTED_EDGE('',*,*,#734,.T.);
#975=ORIENTED_EDGE('',*,*,#735,.F.);
#976=ORIENTED_EDGE('',*,*,#721,.F.);
#977=ORIENTED_EDGE('',*,*,#736,.F.);
#978=ORIENTED_EDGE('',*,*,#737,.F.);
#979=ORIENTED_EDGE('',*,*,#738,.F.);
#980=ORIENTED_EDGE('',*,*,#739,.F.);
#981=ORIENTED_EDGE('',*,*,#725,.F.);
#982=ORIENTED_EDGE('',*,*,#740,.F.);
#983=ORIENTED_EDGE('',*,*,#741,.F.);
#984=ORIENTED_EDGE('',*,*,#742,.F.);
#985=ORIENTED_EDGE('',*,*,#728,.F.);
#986=ORIENTED_EDGE('',*,*,#743,.F.);
#987=ORIENTED_EDGE('',*,*,#744,.F.);
#988=ORIENTED_EDGE('',*,*,#745,.F.);
#989=ORIENTED_EDGE('',*,*,#734,.F.);
#990=ORIENTED_EDGE('',*,*,#746,.F.);
#991=ORIENTED_EDGE('',*,*,#677,.F.);
#992=ORIENTED_EDGE('',*,*,#683,.F.);
#993=ORIENTED_EDGE('',*,*,#686,.F.);
#994=ORIENTED_EDGE('',*,*,#689,.F.);
#995=ORIENTED_EDGE('',*,*,#692,.F.);
#996=ORIENTED_EDGE('',*,*,#695,.F.);
#997=ORIENTED_EDGE('',*,*,#698,.F.);
#998=ORIENTED_EDGE('',*,*,#701,.F.);
#999=ORIENTED_EDGE('',*,*,#704,.F.);
#1000=ORIENTED_EDGE('',*,*,#707,.F.);
#1001=ORIENTED_EDGE('',*,*,#710,.F.);
#1002=ORIENTED_EDGE('',*,*,#713,.F.);
#1003=ORIENTED_EDGE('',*,*,#716,.F.);
#1004=ORIENTED_EDGE('',*,*,#747,.T.);
#1005=ORIENTED_EDGE('',*,*,#730,.F.);
#1006=ORIENTED_EDGE('',*,*,#731,.F.);
#1007=ORIENTED_EDGE('',*,*,#747,.F.);
#1008=ORIENTED_EDGE('',*,*,#748,.F.);
#1009=ORIENTED_EDGE('',*,*,#749,.F.);
#1010=ORIENTED_EDGE('',*,*,#736,.T.);
#1011=ORIENTED_EDGE('',*,*,#720,.T.);
#1012=ORIENTED_EDGE('',*,*,#738,.T.);
#1013=ORIENTED_EDGE('',*,*,#750,.F.);
#1014=ORIENTED_EDGE('',*,*,#751,.F.);
#1015=ORIENTED_EDGE('',*,*,#741,.T.);
#1016=ORIENTED_EDGE('',*,*,#752,.F.);
#1017=ORIENTED_EDGE('',*,*,#749,.T.);
#1018=ORIENTED_EDGE('',*,*,#719,.T.);
#1019=ORIENTED_EDGE('',*,*,#753,.F.);
#1020=ORIENTED_EDGE('',*,*,#744,.T.);
#1021=ORIENTED_EDGE('',*,*,#754,.F.);
#1022=ORIENTED_EDGE('',*,*,#723,.T.);
#1023=ORIENTED_EDGE('',*,*,#755,.F.);
#1024=ORIENTED_EDGE('',*,*,#756,.T.);
#1025=ORIENTED_EDGE('',*,*,#757,.T.);
#1026=ORIENTED_EDGE('',*,*,#758,.F.);
#1027=ORIENTED_EDGE('',*,*,#757,.F.);
#1028=ORIENTED_EDGE('',*,*,#746,.T.);
#1029=ORIENTED_EDGE('',*,*,#729,.T.);
#1030=ORIENTED_EDGE('',*,*,#745,.T.);
#1031=ORIENTED_EDGE('',*,*,#755,.T.);
#1032=ORIENTED_EDGE('',*,*,#722,.T.);
#1033=ORIENTED_EDGE('',*,*,#739,.T.);
#1034=ORIENTED_EDGE('',*,*,#751,.T.);
#1035=ORIENTED_EDGE('',*,*,#750,.T.);
#1036=ORIENTED_EDGE('',*,*,#737,.T.);
#1037=ORIENTED_EDGE('',*,*,#724,.T.);
#1038=ORIENTED_EDGE('',*,*,#754,.T.);
#1039=ORIENTED_EDGE('',*,*,#743,.T.);
#1040=ORIENTED_EDGE('',*,*,#733,.T.);
#1041=ORIENTED_EDGE('',*,*,#680,.T.);
#1042=ORIENTED_EDGE('',*,*,#726,.T.);
#1043=ORIENTED_EDGE('',*,*,#742,.T.);
#1044=ORIENTED_EDGE('',*,*,#753,.T.);
#1045=ORIENTED_EDGE('',*,*,#718,.T.);
#1046=ORIENTED_EDGE('',*,*,#735,.T.);
#1047=ORIENTED_EDGE('',*,*,#752,.T.);
#1048=ORIENTED_EDGE('',*,*,#740,.T.);
#1049=ORIENTED_EDGE('',*,*,#727,.T.);
#1050=ORIENTED_EDGE('',*,*,#678,.T.);
#1051=ORIENTED_EDGE('',*,*,#715,.T.);
#1052=ORIENTED_EDGE('',*,*,#732,.T.);
#1053=ORIENTED_EDGE('',*,*,#759,.F.);
#1054=ORIENTED_EDGE('',*,*,#760,.F.);
#1055=ORIENTED_EDGE('',*,*,#761,.F.);
#1056=ORIENTED_EDGE('',*,*,#759,.T.);
#1057=ORIENTED_EDGE('',*,*,#748,.T.);
#1058=ORIENTED_EDGE('',*,*,#762,.F.);
#1059=ORIENTED_EDGE('',*,*,#763,.F.);
#1060=ORIENTED_EDGE('',*,*,#764,.T.);
#1061=ORIENTED_EDGE('',*,*,#765,.F.);
#1062=ORIENTED_EDGE('',*,*,#766,.F.);
#1063=ORIENTED_EDGE('',*,*,#764,.F.);
#1064=ORIENTED_EDGE('',*,*,#767,.F.);
#1065=ORIENTED_EDGE('',*,*,#768,.F.);
#1066=ORIENTED_EDGE('',*,*,#769,.T.);
#1067=ORIENTED_EDGE('',*,*,#770,.F.);
#1068=ORIENTED_EDGE('',*,*,#771,.F.);
#1069=ORIENTED_EDGE('',*,*,#769,.F.);
#1070=ORIENTED_EDGE('',*,*,#772,.F.);
#1071=ORIENTED_EDGE('',*,*,#773,.F.);
#1072=ORIENTED_EDGE('',*,*,#774,.F.);
#1073=ORIENTED_EDGE('',*,*,#775,.T.);
#1074=ORIENTED_EDGE('',*,*,#776,.F.);
#1075=ORIENTED_EDGE('',*,*,#777,.F.);
#1076=ORIENTED_EDGE('',*,*,#775,.F.);
#1077=ORIENTED_EDGE('',*,*,#778,.F.);
#1078=ORIENTED_EDGE('',*,*,#779,.F.);
#1079=ORIENTED_EDGE('',*,*,#780,.T.);
#1080=ORIENTED_EDGE('',*,*,#781,.F.);
#1081=ORIENTED_EDGE('',*,*,#782,.F.);
#1082=ORIENTED_EDGE('',*,*,#780,.F.);
#1083=ORIENTED_EDGE('',*,*,#783,.F.);
#1084=ORIENTED_EDGE('',*,*,#784,.F.);
#1085=ORIENTED_EDGE('',*,*,#785,.T.);
#1086=ORIENTED_EDGE('',*,*,#786,.F.);
#1087=ORIENTED_EDGE('',*,*,#787,.F.);
#1088=ORIENTED_EDGE('',*,*,#785,.F.);
#1089=ORIENTED_EDGE('',*,*,#788,.F.);
#1090=ORIENTED_EDGE('',*,*,#789,.F.);
#1091=ORIENTED_EDGE('',*,*,#790,.T.);
#1092=ORIENTED_EDGE('',*,*,#791,.F.);
#1093=ORIENTED_EDGE('',*,*,#792,.F.);
#1094=ORIENTED_EDGE('',*,*,#790,.F.);
#1095=ORIENTED_EDGE('',*,*,#793,.F.);
#1096=ORIENTED_EDGE('',*,*,#794,.F.);
#1097=ORIENTED_EDGE('',*,*,#795,.T.);
#1098=ORIENTED_EDGE('',*,*,#796,.F.);
#1099=ORIENTED_EDGE('',*,*,#797,.F.);
#1100=ORIENTED_EDGE('',*,*,#795,.F.);
#1101=ORIENTED_EDGE('',*,*,#798,.F.);
#1102=ORIENTED_EDGE('',*,*,#799,.F.);
#1103=ORIENTED_EDGE('',*,*,#800,.T.);
#1104=ORIENTED_EDGE('',*,*,#801,.F.);
#1105=ORIENTED_EDGE('',*,*,#802,.F.);
#1106=ORIENTED_EDGE('',*,*,#800,.F.);
#1107=ORIENTED_EDGE('',*,*,#803,.F.);
#1108=ORIENTED_EDGE('',*,*,#804,.F.);
#1109=ORIENTED_EDGE('',*,*,#805,.T.);
#1110=ORIENTED_EDGE('',*,*,#806,.F.);
#1111=ORIENTED_EDGE('',*,*,#807,.F.);
#1112=ORIENTED_EDGE('',*,*,#805,.F.);
#1113=ORIENTED_EDGE('',*,*,#808,.T.);
#1114=ORIENTED_EDGE('',*,*,#786,.T.);
#1115=ORIENTED_EDGE('',*,*,#787,.T.);
#1116=ORIENTED_EDGE('',*,*,#809,.T.);
#1117=ORIENTED_EDGE('',*,*,#806,.T.);
#1118=ORIENTED_EDGE('',*,*,#807,.T.);
#1119=ORIENTED_EDGE('',*,*,#810,.T.);
#1120=ORIENTED_EDGE('',*,*,#796,.T.);
#1121=ORIENTED_EDGE('',*,*,#797,.T.);
#1122=ORIENTED_EDGE('',*,*,#811,.T.);
#1123=ORIENTED_EDGE('',*,*,#776,.T.);
#1124=ORIENTED_EDGE('',*,*,#777,.T.);
#1125=ORIENTED_EDGE('',*,*,#812,.T.);
#1126=ORIENTED_EDGE('',*,*,#770,.T.);
#1127=ORIENTED_EDGE('',*,*,#771,.T.);
#1128=ORIENTED_EDGE('',*,*,#813,.T.);
#1129=ORIENTED_EDGE('',*,*,#791,.T.);
#1130=ORIENTED_EDGE('',*,*,#792,.T.);
#1131=ORIENTED_EDGE('',*,*,#814,.T.);
#1132=ORIENTED_EDGE('',*,*,#801,.T.);
#1133=ORIENTED_EDGE('',*,*,#802,.T.);
#1134=ORIENTED_EDGE('',*,*,#815,.T.);
#1135=ORIENTED_EDGE('',*,*,#781,.T.);
#1136=ORIENTED_EDGE('',*,*,#782,.T.);
#1137=ORIENTED_EDGE('',*,*,#816,.T.);
#1138=ORIENTED_EDGE('',*,*,#765,.T.);
#1139=ORIENTED_EDGE('',*,*,#766,.T.);
#1140=ORIENTED_EDGE('',*,*,#817,.F.);
#1141=ORIENTED_EDGE('',*,*,#817,.T.);
#1142=ORIENTED_EDGE('',*,*,#818,.T.);
#1143=ORIENTED_EDGE('',*,*,#819,.F.);
#1144=ORIENTED_EDGE('',*,*,#818,.F.);
#1145=ORIENTED_EDGE('',*,*,#819,.T.);
#1146=ORIENTED_EDGE('',*,*,#820,.T.);
#1147=ORIENTED_EDGE('',*,*,#756,.F.);
#1148=ORIENTED_EDGE('',*,*,#820,.F.);
#1149=ORIENTED_EDGE('',*,*,#758,.T.);
#1150=ORIENTED_EDGE('',*,*,#821,.T.);
#1151=ORIENTED_EDGE('',*,*,#767,.T.);
#1152=ORIENTED_EDGE('',*,*,#822,.T.);
#1153=ORIENTED_EDGE('',*,*,#823,.F.);
#1154=ORIENTED_EDGE('',*,*,#822,.F.);
#1155=ORIENTED_EDGE('',*,*,#772,.T.);
#1156=ORIENTED_EDGE('',*,*,#768,.T.);
#1157=ORIENTED_EDGE('',*,*,#821,.F.);
#1158=ORIENTED_EDGE('',*,*,#762,.T.);
#1159=ORIENTED_EDGE('',*,*,#763,.T.);
#1160=ORIENTED_EDGE('',*,*,#773,.T.);
#1161=ORIENTED_EDGE('',*,*,#774,.T.);
#1162=ORIENTED_EDGE('',*,*,#778,.T.);
#1163=ORIENTED_EDGE('',*,*,#779,.T.);
#1164=ORIENTED_EDGE('',*,*,#783,.T.);
#1165=ORIENTED_EDGE('',*,*,#784,.T.);
#1166=ORIENTED_EDGE('',*,*,#788,.T.);
#1167=ORIENTED_EDGE('',*,*,#789,.T.);
#1168=ORIENTED_EDGE('',*,*,#793,.T.);
#1169=ORIENTED_EDGE('',*,*,#794,.T.);
#1170=ORIENTED_EDGE('',*,*,#798,.T.);
#1171=ORIENTED_EDGE('',*,*,#799,.T.);
#1172=ORIENTED_EDGE('',*,*,#803,.T.);
#1173=ORIENTED_EDGE('',*,*,#804,.T.);
#1174=ORIENTED_EDGE('',*,*,#824,.F.);
#1175=ORIENTED_EDGE('',*,*,#823,.T.);
#1176=ORIENTED_EDGE('',*,*,#825,.F.);
#1177=ORIENTED_EDGE('',*,*,#826,.T.);
#1178=ORIENTED_EDGE('',*,*,#824,.T.);
#1179=ORIENTED_EDGE('',*,*,#826,.F.);
#1180=ORIENTED_EDGE('',*,*,#825,.T.);
#1181=ORIENTED_EDGE('',*,*,#827,.F.);
#1182=ORIENTED_EDGE('',*,*,#828,.F.);
#1183=ORIENTED_EDGE('',*,*,#829,.T.);
#1184=ORIENTED_EDGE('',*,*,#827,.T.);
#1185=ORIENTED_EDGE('',*,*,#829,.F.);
#1186=ORIENTED_EDGE('',*,*,#760,.T.);
#1187=ORIENTED_EDGE('',*,*,#761,.T.);
#1188=ORIENTED_EDGE('',*,*,#830,.F.);
#1189=ORIENTED_EDGE('',*,*,#828,.T.);
#1190=ORIENTED_EDGE('',*,*,#831,.F.);
#1191=ORIENTED_EDGE('',*,*,#832,.T.);
#1192=ORIENTED_EDGE('',*,*,#830,.T.);
#1193=ORIENTED_EDGE('',*,*,#832,.F.);
#1194=ORIENTED_EDGE('',*,*,#831,.T.);
#1195=ORIENTED_EDGE('',*,*,#833,.F.);
#1196=ORIENTED_EDGE('',*,*,#833,.T.);
#1197=ORIENTED_EDGE('',*,*,#834,.T.);
#1198=ORIENTED_EDGE('',*,*,#812,.F.);
#1199=ORIENTED_EDGE('',*,*,#811,.F.);
#1200=ORIENTED_EDGE('',*,*,#810,.F.);
#1201=ORIENTED_EDGE('',*,*,#809,.F.);
#1202=ORIENTED_EDGE('',*,*,#808,.F.);
#1203=ORIENTED_EDGE('',*,*,#816,.F.);
#1204=ORIENTED_EDGE('',*,*,#815,.F.);
#1205=ORIENTED_EDGE('',*,*,#814,.F.);
#1206=ORIENTED_EDGE('',*,*,#813,.F.);
#1207=ORIENTED_EDGE('',*,*,#834,.F.);
#1208=ORIENTED_EDGE('',*,*,#835,.T.);
#1209=ORIENTED_EDGE('',*,*,#836,.T.);
#1210=ORIENTED_EDGE('',*,*,#837,.T.);
#1211=ORIENTED_EDGE('',*,*,#838,.T.);
#1212=ORIENTED_EDGE('',*,*,#839,.T.);
#1213=ORIENTED_EDGE('',*,*,#840,.T.);
#1214=ORIENTED_EDGE('',*,*,#841,.T.);
#1215=ORIENTED_EDGE('',*,*,#835,.F.);
#1216=ORIENTED_EDGE('',*,*,#842,.T.);
#1217=ORIENTED_EDGE('',*,*,#843,.T.);
#1218=ORIENTED_EDGE('',*,*,#844,.T.);
#1219=ORIENTED_EDGE('',*,*,#838,.F.);
#1220=ORIENTED_EDGE('',*,*,#845,.T.);
#1221=ORIENTED_EDGE('',*,*,#846,.T.);
#1222=ORIENTED_EDGE('',*,*,#847,.T.);
#1223=ORIENTED_EDGE('',*,*,#843,.F.);
#1224=ORIENTED_EDGE('',*,*,#848,.T.);
#1225=ORIENTED_EDGE('',*,*,#849,.T.);
#1226=ORIENTED_EDGE('',*,*,#850,.T.);
#1227=ORIENTED_EDGE('',*,*,#846,.F.);
#1228=ORIENTED_EDGE('',*,*,#851,.T.);
#1229=ORIENTED_EDGE('',*,*,#852,.F.);
#1230=ORIENTED_EDGE('',*,*,#853,.F.);
#1231=ORIENTED_EDGE('',*,*,#854,.T.);
#1232=ORIENTED_EDGE('',*,*,#855,.F.);
#1233=ORIENTED_EDGE('',*,*,#836,.F.);
#1234=ORIENTED_EDGE('',*,*,#856,.T.);
#1235=ORIENTED_EDGE('',*,*,#855,.T.);
#1236=ORIENTED_EDGE('',*,*,#856,.F.);
#1237=ORIENTED_EDGE('',*,*,#841,.F.);
#1238=ORIENTED_EDGE('',*,*,#857,.F.);
#1239=ORIENTED_EDGE('',*,*,#858,.F.);
#1240=ORIENTED_EDGE('',*,*,#859,.F.);
#1241=ORIENTED_EDGE('',*,*,#860,.F.);
#1242=ORIENTED_EDGE('',*,*,#861,.F.);
#1243=ORIENTED_EDGE('',*,*,#862,.F.);
#1244=ORIENTED_EDGE('',*,*,#860,.T.);
#1245=ORIENTED_EDGE('',*,*,#863,.T.);
#1246=ORIENTED_EDGE('',*,*,#864,.F.);
#1247=ORIENTED_EDGE('',*,*,#865,.F.);
#1248=ORIENTED_EDGE('',*,*,#859,.T.);
#1249=ORIENTED_EDGE('',*,*,#866,.T.);
#1250=ORIENTED_EDGE('',*,*,#867,.F.);
#1251=ORIENTED_EDGE('',*,*,#863,.F.);
#1252=ORIENTED_EDGE('',*,*,#858,.T.);
#1253=ORIENTED_EDGE('',*,*,#868,.T.);
#1254=ORIENTED_EDGE('',*,*,#869,.F.);
#1255=ORIENTED_EDGE('',*,*,#866,.F.);
#1256=ORIENTED_EDGE('',*,*,#870,.F.);
#1257=ORIENTED_EDGE('',*,*,#871,.T.);
#1258=ORIENTED_EDGE('',*,*,#872,.F.);
#1259=ORIENTED_EDGE('',*,*,#873,.F.);
#1260=ORIENTED_EDGE('',*,*,#851,.F.);
#1261=ORIENTED_EDGE('',*,*,#848,.F.);
#1262=ORIENTED_EDGE('',*,*,#845,.F.);
#1263=ORIENTED_EDGE('',*,*,#842,.F.);
#1264=ORIENTED_EDGE('',*,*,#837,.F.);
#1265=ORIENTED_EDGE('',*,*,#874,.F.);
#1266=ORIENTED_EDGE('',*,*,#839,.F.);
#1267=ORIENTED_EDGE('',*,*,#844,.F.);
#1268=ORIENTED_EDGE('',*,*,#847,.F.);
#1269=ORIENTED_EDGE('',*,*,#850,.F.);
#1270=ORIENTED_EDGE('',*,*,#875,.F.);
#1271=ORIENTED_EDGE('',*,*,#854,.F.);
#1272=ORIENTED_EDGE('',*,*,#876,.F.);
#1273=ORIENTED_EDGE('',*,*,#871,.F.);
#1274=ORIENTED_EDGE('',*,*,#840,.F.);
#1275=ORIENTED_EDGE('',*,*,#874,.T.);
#1276=ORIENTED_EDGE('',*,*,#870,.T.);
#1277=ORIENTED_EDGE('',*,*,#876,.T.);
#1278=ORIENTED_EDGE('',*,*,#877,.F.);
#1279=ORIENTED_EDGE('',*,*,#872,.T.);
#1280=ORIENTED_EDGE('',*,*,#852,.T.);
#1281=ORIENTED_EDGE('',*,*,#875,.T.);
#1282=ORIENTED_EDGE('',*,*,#849,.F.);
#1283=ORIENTED_EDGE('',*,*,#873,.T.);
#1284=ORIENTED_EDGE('',*,*,#877,.T.);
#1285=ORIENTED_EDGE('',*,*,#878,.F.);
#1286=ORIENTED_EDGE('',*,*,#862,.T.);
#1287=ORIENTED_EDGE('',*,*,#879,.T.);
#1288=ORIENTED_EDGE('',*,*,#880,.F.);
#1289=ORIENTED_EDGE('',*,*,#881,.F.);
#1290=ORIENTED_EDGE('',*,*,#857,.T.);
#1291=ORIENTED_EDGE('',*,*,#881,.T.);
#1292=ORIENTED_EDGE('',*,*,#882,.F.);
#1293=ORIENTED_EDGE('',*,*,#868,.F.);
#1294=ORIENTED_EDGE('',*,*,#861,.T.);
#1295=ORIENTED_EDGE('',*,*,#865,.T.);
#1296=ORIENTED_EDGE('',*,*,#883,.F.);
#1297=ORIENTED_EDGE('',*,*,#879,.F.);
#1298=ORIENTED_EDGE('',*,*,#853,.T.);
#1299=ORIENTED_EDGE('',*,*,#878,.T.);
#1300=ORIENTED_EDGE('',*,*,#883,.T.);
#1301=ORIENTED_EDGE('',*,*,#864,.T.);
#1302=ORIENTED_EDGE('',*,*,#867,.T.);
#1303=ORIENTED_EDGE('',*,*,#869,.T.);
#1304=ORIENTED_EDGE('',*,*,#882,.T.);
#1305=ORIENTED_EDGE('',*,*,#880,.T.);
#1306=ORIENTED_EDGE('',*,*,#884,.F.);
#1307=ORIENTED_EDGE('',*,*,#885,.T.);
#1308=ORIENTED_EDGE('',*,*,#886,.T.);
#1309=ORIENTED_EDGE('',*,*,#885,.F.);
#1310=ORIENTED_EDGE('',*,*,#887,.F.);
#1311=ORIENTED_EDGE('',*,*,#888,.T.);
#1312=ORIENTED_EDGE('',*,*,#889,.T.);
#1313=ORIENTED_EDGE('',*,*,#888,.F.);
#1314=ORIENTED_EDGE('',*,*,#887,.T.);
#1315=ORIENTED_EDGE('',*,*,#884,.T.);
#1316=ORIENTED_EDGE('',*,*,#889,.F.);
#1317=ORIENTED_EDGE('',*,*,#886,.F.);
#1318=CYLINDRICAL_SURFACE('',#1473,1.5);
#1319=CYLINDRICAL_SURFACE('',#1476,1.5);
#1320=CYLINDRICAL_SURFACE('',#1477,1.5);
#1321=CYLINDRICAL_SURFACE('',#1478,1.5);
#1322=CYLINDRICAL_SURFACE('',#1479,1.5);
#1323=CYLINDRICAL_SURFACE('',#1480,1.5);
#1324=CYLINDRICAL_SURFACE('',#1481,1.5);
#1325=CYLINDRICAL_SURFACE('',#1482,1.5);
#1326=CYLINDRICAL_SURFACE('',#1483,1.5);
#1327=CYLINDRICAL_SURFACE('',#1484,1.5);
#1328=CYLINDRICAL_SURFACE('',#1485,1.5);
#1329=CYLINDRICAL_SURFACE('',#1486,1.5);
#1330=CYLINDRICAL_SURFACE('',#1487,1.5);
#1331=CYLINDRICAL_SURFACE('',#1490,1.5);
#1332=CYLINDRICAL_SURFACE('',#1493,1.5);
#1333=CYLINDRICAL_SURFACE('',#1496,1.5);
#1334=CYLINDRICAL_SURFACE('',#1499,1.5);
#1335=CYLINDRICAL_SURFACE('',#1502,1.5);
#1336=CYLINDRICAL_SURFACE('',#1503,1.35);
#1337=CYLINDRICAL_SURFACE('',#1506,1.35);
#1338=CYLINDRICAL_SURFACE('',#1509,1.35);
#1339=CYLINDRICAL_SURFACE('',#1512,1.35);
#1340=CYLINDRICAL_SURFACE('',#1515,1.35);
#1341=CYLINDRICAL_SURFACE('',#1518,1.35);
#1342=CYLINDRICAL_SURFACE('',#1521,1.35);
#1343=CYLINDRICAL_SURFACE('',#1524,1.35);
#1344=CYLINDRICAL_SURFACE('',#1527,1.35);
#1345=CYLINDRICAL_SURFACE('',#1541,3.5);
#1346=CYLINDRICAL_SURFACE('',#1547,13.);
#1347=CYLINDRICAL_SURFACE('',#1551,11.);
#1348=CYLINDRICAL_SURFACE('',#1555,13.);
#1349=CYLINDRICAL_SURFACE('',#1559,9.);
#1350=CYLINDRICAL_SURFACE('',#1561,1.5);
#1351=CYLINDRICAL_SURFACE('',#1563,1.5);
#1352=CYLINDRICAL_SURFACE('',#1565,1.5);
#1353=CYLINDRICAL_SURFACE('',#1566,1.5);
#1354=CYLINDRICAL_SURFACE('',#1567,1.5);
#1355=CYLINDRICAL_SURFACE('',#1568,1.5);
#1356=CYLINDRICAL_SURFACE('',#1578,1.5);
#1357=CYLINDRICAL_SURFACE('',#1585,11.);
#1358=CYLINDRICAL_SURFACE('',#1588,15.);
#1359=ADVANCED_FACE('',(#137),#1318,.F.);
#1360=ADVANCED_FACE('',(#138),#1319,.F.);
#1361=ADVANCED_FACE('',(#139),#1320,.F.);
#1362=ADVANCED_FACE('',(#140),#1321,.F.);
#1363=ADVANCED_FACE('',(#141),#1322,.F.);
#1364=ADVANCED_FACE('',(#142),#1323,.F.);
#1365=ADVANCED_FACE('',(#143),#1324,.F.);
#1366=ADVANCED_FACE('',(#144),#1325,.F.);
#1367=ADVANCED_FACE('',(#145),#1326,.F.);
#1368=ADVANCED_FACE('',(#146),#1327,.F.);
#1369=ADVANCED_FACE('',(#147),#1328,.F.);
#1370=ADVANCED_FACE('',(#148),#1329,.F.);
#1371=ADVANCED_FACE('',(#149),#1330,.F.);
#1372=ADVANCED_FACE('',(#150),#125,.F.);
#1373=ADVANCED_FACE('',(#151),#126,.F.);
#1374=ADVANCED_FACE('',(#152),#127,.F.);
#1375=ADVANCED_FACE('',(#153),#128,.F.);
#1376=ADVANCED_FACE('',(#154),#129,.F.);
#1377=ADVANCED_FACE('',(#155),#130,.F.);
#1378=ADVANCED_FACE('',(#156),#131,.F.);
#1379=ADVANCED_FACE('',(#157),#132,.F.);
#1380=ADVANCED_FACE('',(#158),#133,.F.);
#1381=ADVANCED_FACE('',(#159),#105,.T.);
#1382=ADVANCED_FACE('',(#160),#106,.F.);
#1383=ADVANCED_FACE('',(#161),#1331,.F.);
#1384=ADVANCED_FACE('',(#162),#1332,.F.);
#1385=ADVANCED_FACE('',(#163),#1333,.F.);
#1386=ADVANCED_FACE('',(#164,#39),#1334,.F.);
#1387=ADVANCED_FACE('',(#165),#1335,.F.);
#1388=ADVANCED_FACE('',(#166),#1336,.F.);
#1389=ADVANCED_FACE('',(#167),#1337,.F.);
#1390=ADVANCED_FACE('',(#168),#1338,.F.);
#1391=ADVANCED_FACE('',(#169),#1339,.F.);
#1392=ADVANCED_FACE('',(#170),#1340,.F.);
#1393=ADVANCED_FACE('',(#171),#1341,.F.);
#1394=ADVANCED_FACE('',(#172),#1342,.F.);
#1395=ADVANCED_FACE('',(#173),#1343,.F.);
#1396=ADVANCED_FACE('',(#174),#1344,.F.);
#1397=ADVANCED_FACE('',(#175,#40),#107,.T.);
#1398=ADVANCED_FACE('',(#176),#1345,.F.);
#1399=ADVANCED_FACE('',(#177),#38,.F.);
#1400=ADVANCED_FACE('',(#178,#41,#42,#43,#44,#45,#46,#47,#48),#37,.T.);
#1401=ADVANCED_FACE('',(#179,#49),#108,.T.);
#1402=ADVANCED_FACE('',(#180),#1346,.T.);
#1403=ADVANCED_FACE('',(#181,#50),#109,.T.);
#1404=ADVANCED_FACE('',(#182,#51),#1347,.T.);
#1405=ADVANCED_FACE('',(#183,#52),#110,.T.);
#1406=ADVANCED_FACE('',(#184),#1348,.T.);
#1407=ADVANCED_FACE('',(#185,#53),#111,.T.);
#1408=ADVANCED_FACE('',(#186),#1349,.F.);
#1409=ADVANCED_FACE('',(#187),#1350,.T.);
#1410=ADVANCED_FACE('',(#188),#1351,.T.);
#1411=ADVANCED_FACE('',(#189),#1352,.T.);
#1412=ADVANCED_FACE('',(#190),#1353,.T.);
#1413=ADVANCED_FACE('',(#191),#1354,.T.);
#1414=ADVANCED_FACE('',(#192),#1355,.T.);
#1415=ADVANCED_FACE('',(#193),#112,.F.);
#1416=ADVANCED_FACE('',(#194),#134,.F.);
#1417=ADVANCED_FACE('',(#195),#113,.T.);
#1418=ADVANCED_FACE('',(#196),#114,.T.);
#1419=ADVANCED_FACE('',(#197),#115,.T.);
#1420=ADVANCED_FACE('',(#198),#116,.T.);
#1421=ADVANCED_FACE('',(#199),#135,.T.);
#1422=ADVANCED_FACE('',(#200),#136,.T.);
#1423=ADVANCED_FACE('',(#201),#117,.T.);
#1424=ADVANCED_FACE('',(#202),#118,.F.);
#1425=ADVANCED_FACE('',(#203),#1356,.T.);
#1426=ADVANCED_FACE('',(#204),#119,.T.);
#1427=ADVANCED_FACE('',(#205),#120,.T.);
#1428=ADVANCED_FACE('',(#206),#121,.T.);
#1429=ADVANCED_FACE('',(#207,#54),#122,.T.);
#1430=ADVANCED_FACE('',(#208),#1357,.F.);
#1431=ADVANCED_FACE('',(#209),#1358,.T.);
#1432=ADVANCED_FACE('',(#210,#55),#123,.T.);
#1433=ADVANCED_FACE('',(#211,#56),#124,.F.);
#1434=CLOSED_SHELL('',(#1359,#1360,#1361,#1362,#1363,#1364,#1365,#1366,
#1367,#1368,#1369,#1370,#1371,#1372,#1373,#1374,#1375,#1376,#1377,#1378,
#1379,#1380,#1381,#1382,#1383,#1384,#1385,#1386,#1387,#1388,#1389,#1390,
#1391,#1392,#1393,#1394,#1395,#1396,#1397,#1398,#1399,#1400,#1401,#1402,
#1403,#1404,#1405,#1406,#1407,#1408));
#1435=CLOSED_SHELL('',(#1409,#1410,#1411,#1412,#1413,#1414,#1415,#1416,
#1417,#1418,#1419,#1420,#1421,#1422,#1423,#1424,#1425,#1426,#1427,#1428,
#1429));
#1436=CLOSED_SHELL('',(#1430,#1431,#1432,#1433));
#1437=DERIVED_UNIT_ELEMENT(#1443,1.);
#1438=DERIVED_UNIT_ELEMENT(#4935,-3.);
#1439=DERIVED_UNIT_ELEMENT(#1443,1.);
#1440=DERIVED_UNIT_ELEMENT(#4935,-3.);
#1441=DERIVED_UNIT_ELEMENT(#1443,1.);
#1442=DERIVED_UNIT_ELEMENT(#4935,-3.);
#1443=(
MASS_UNIT()
NAMED_UNIT(*)
SI_UNIT(.KILO.,.GRAM.)
);
#1444=DERIVED_UNIT((#1437,#1438));
#1445=DERIVED_UNIT((#1439,#1440));
#1446=DERIVED_UNIT((#1441,#1442));
#1447=MEASURE_REPRESENTATION_ITEM('density measure',
POSITIVE_RATIO_MEASURE(1000.),#1444);
#1448=MEASURE_REPRESENTATION_ITEM('density measure',
POSITIVE_RATIO_MEASURE(1000.),#1445);
#1449=MEASURE_REPRESENTATION_ITEM('density measure',
POSITIVE_RATIO_MEASURE(1250.),#1446);
#1450=PROPERTY_DEFINITION_REPRESENTATION(#1465,#1456);
#1451=PROPERTY_DEFINITION_REPRESENTATION(#1466,#1457);
#1452=PROPERTY_DEFINITION_REPRESENTATION(#1467,#1458);
#1453=PROPERTY_DEFINITION_REPRESENTATION(#1468,#1459);
#1454=PROPERTY_DEFINITION_REPRESENTATION(#1469,#1460);
#1455=PROPERTY_DEFINITION_REPRESENTATION(#1470,#1461);
#1456=REPRESENTATION('material name',(#1462),#4930);
#1457=REPRESENTATION('density',(#1447),#4930);
#1458=REPRESENTATION('material name',(#1463),#4931);
#1459=REPRESENTATION('density',(#1448),#4931);
#1460=REPRESENTATION('material name',(#1464),#4932);
#1461=REPRESENTATION('density',(#1449),#4932);
#1462=DESCRIPTIVE_REPRESENTATION_ITEM('Gen\X\E9rico','Gen\X\E9rico');
#1463=DESCRIPTIVE_REPRESENTATION_ITEM('Gen\X\E9rico','Gen\X\E9rico');
#1464=DESCRIPTIVE_REPRESENTATION_ITEM('Borracha, Silicone',
'Borracha, Silicone');
#1465=PROPERTY_DEFINITION('material property','material name',#4955);
#1466=PROPERTY_DEFINITION('material property','density of part',#4955);
#1467=PROPERTY_DEFINITION('material property','material name',#4956);
#1468=PROPERTY_DEFINITION('material property','density of part',#4956);
#1469=PROPERTY_DEFINITION('material property','material name',#4957);
#1470=PROPERTY_DEFINITION('material property','density of part',#4957);
#1471=AXIS2_PLACEMENT_3D('',#1914,#1596,#1597);
#1472=AXIS2_PLACEMENT_3D('',#1915,#1598,#1599);
#1473=AXIS2_PLACEMENT_3D('',#1916,#1600,#1601);
#1474=AXIS2_PLACEMENT_3D('',#1938,#1603,#1604);
#1475=AXIS2_PLACEMENT_3D('',#1946,#1605,#1606);
#1476=AXIS2_PLACEMENT_3D('',#1952,#1607,#1608);
#1477=AXIS2_PLACEMENT_3D('',#1991,#1610,#1611);
#1478=AXIS2_PLACEMENT_3D('',#2027,#1613,#1614);
#1479=AXIS2_PLACEMENT_3D('',#2064,#1616,#1617);
#1480=AXIS2_PLACEMENT_3D('',#2103,#1619,#1620);
#1481=AXIS2_PLACEMENT_3D('',#2139,#1622,#1623);
#1482=AXIS2_PLACEMENT_3D('',#2175,#1625,#1626);
#1483=AXIS2_PLACEMENT_3D('',#2215,#1628,#1629);
#1484=AXIS2_PLACEMENT_3D('',#2251,#1631,#1632);
#1485=AXIS2_PLACEMENT_3D('',#2287,#1634,#1635);
#1486=AXIS2_PLACEMENT_3D('',#2327,#1637,#1638);
#1487=AXIS2_PLACEMENT_3D('',#2363,#1640,#1641);
#1488=AXIS2_PLACEMENT_3D('',#3630,#1647,#1648);
#1489=AXIS2_PLACEMENT_3D('',#3632,#1650,#1651);
#1490=AXIS2_PLACEMENT_3D('',#3634,#1653,#1654);
#1491=AXIS2_PLACEMENT_3D('',#3636,#1655,#1656);
#1492=AXIS2_PLACEMENT_3D('',#3637,#1657,#1658);
#1493=AXIS2_PLACEMENT_3D('',#3638,#1659,#1660);
#1494=AXIS2_PLACEMENT_3D('',#3639,#1661,#1662);
#1495=AXIS2_PLACEMENT_3D('',#3640,#1663,#1664);
#1496=AXIS2_PLACEMENT_3D('',#3641,#1665,#1666);
#1497=AXIS2_PLACEMENT_3D('',#3642,#1667,#1668);
#1498=AXIS2_PLACEMENT_3D('',#3643,#1669,#1670);
#1499=AXIS2_PLACEMENT_3D('',#3644,#1671,#1672);
#1500=AXIS2_PLACEMENT_3D('',#3646,#1673,#1674);
#1501=AXIS2_PLACEMENT_3D('',#3649,#1676,#1677);
#1502=AXIS2_PLACEMENT_3D('',#3650,#1678,#1679);
#1503=AXIS2_PLACEMENT_3D('',#3690,#1681,#1682);
#1504=AXIS2_PLACEMENT_3D('',#3744,#1684,#1685);
#1505=AXIS2_PLACEMENT_3D('',#3745,#1686,#1687);
#1506=AXIS2_PLACEMENT_3D('',#3746,#1688,#1689);
#1507=AXIS2_PLACEMENT_3D('',#3793,#1691,#1692);
#1508=AXIS2_PLACEMENT_3D('',#3794,#1693,#1694);
#1509=AXIS2_PLACEMENT_3D('',#3807,#1695,#1696);
#1510=AXIS2_PLACEMENT_3D('',#3861,#1698,#1699);
#1511=AXIS2_PLACEMENT_3D('',#3862,#1700,#1701);
#1512=AXIS2_PLACEMENT_3D('',#3863,#1702,#1703);
#1513=AXIS2_PLACEMENT_3D('',#3917,#1705,#1706);
#1514=AXIS2_PLACEMENT_3D('',#3918,#1707,#1708);
#1515=AXIS2_PLACEMENT_3D('',#3919,#1709,#1710);
#1516=AXIS2_PLACEMENT_3D('',#3973,#1712,#1713);
#1517=AXIS2_PLACEMENT_3D('',#3974,#1714,#1715);
#1518=AXIS2_PLACEMENT_3D('',#3975,#1716,#1717);
#1519=AXIS2_PLACEMENT_3D('',#4029,#1719,#1720);
#1520=AXIS2_PLACEMENT_3D('',#4030,#1721,#1722);
#1521=AXIS2_PLACEMENT_3D('',#4031,#1723,#1724);
#1522=AXIS2_PLACEMENT_3D('',#4085,#1726,#1727);
#1523=AXIS2_PLACEMENT_3D('',#4086,#1728,#1729);
#1524=AXIS2_PLACEMENT_3D('',#4087,#1730,#1731);
#1525=AXIS2_PLACEMENT_3D('',#4141,#1733,#1734);
#1526=AXIS2_PLACEMENT_3D('',#4142,#1735,#1736);
#1527=AXIS2_PLACEMENT_3D('',#4143,#1737,#1738);
#1528=AXIS2_PLACEMENT_3D('',#4197,#1740,#1741);
#1529=AXIS2_PLACEMENT_3D('',#4198,#1742,#1743);
#1530=AXIS2_PLACEMENT_3D('',#4199,#1744,#1745);
#1531=AXIS2_PLACEMENT_3D('',#4200,#1746,#1747);
#1532=AXIS2_PLACEMENT_3D('',#4201,#1748,#1749);
#1533=AXIS2_PLACEMENT_3D('',#4202,#1750,#1751);
#1534=AXIS2_PLACEMENT_3D('',#4203,#1752,#1753);
#1535=AXIS2_PLACEMENT_3D('',#4204,#1754,#1755);
#1536=AXIS2_PLACEMENT_3D('',#4205,#1756,#1757);
#1537=AXIS2_PLACEMENT_3D('',#4206,#1758,#1759);
#1538=AXIS2_PLACEMENT_3D('',#4207,#1760,#1761);
#1539=AXIS2_PLACEMENT_3D('',#4208,#1762,#1763);
#1540=AXIS2_PLACEMENT_3D('',#4210,#1764,#1765);
#1541=AXIS2_PLACEMENT_3D('',#4211,#1766,#1767);
#1542=AXIS2_PLACEMENT_3D('',#4214,#1769,#1770);
#1543=AXIS2_PLACEMENT_3D('',#4215,#1771,#1772);
#1544=AXIS2_PLACEMENT_3D('',#4251,#1774,#1775);
#1545=AXIS2_PLACEMENT_3D('',#4252,#1776,#1777);
#1546=AXIS2_PLACEMENT_3D('',#4254,#1778,#1779);
#1547=AXIS2_PLACEMENT_3D('',#4255,#1780,#1781);
#1548=AXIS2_PLACEMENT_3D('',#4257,#1782,#1783);
#1549=AXIS2_PLACEMENT_3D('',#4259,#1785,#1786);
#1550=AXIS2_PLACEMENT_3D('',#4261,#1787,#1788);
#1551=AXIS2_PLACEMENT_3D('',#4262,#1789,#1790);
#1552=AXIS2_PLACEMENT_3D('',#4264,#1791,#1792);
#1553=AXIS2_PLACEMENT_3D('',#4266,#1794,#1795);
#1554=AXIS2_PLACEMENT_3D('',#4268,#1796,#1797);
#1555=AXIS2_PLACEMENT_3D('',#4269,#1798,#1799);
#1556=AXIS2_PLACEMENT_3D('',#4271,#1800,#1801);
#1557=AXIS2_PLACEMENT_3D('',#4273,#1803,#1804);
#1558=AXIS2_PLACEMENT_3D('',#4275,#1805,#1806);
#1559=AXIS2_PLACEMENT_3D('',#4276,#1807,#1808);
#1560=AXIS2_PLACEMENT_3D('',#4278,#1810,#1811);
#1561=AXIS2_PLACEMENT_3D('',#4279,#1812,#1813);
#1562=AXIS2_PLACEMENT_3D('',#4284,#1815,#1816);
#1563=AXIS2_PLACEMENT_3D('',#4292,#1817,#1818);
#1564=AXIS2_PLACEMENT_3D('',#4311,#1821,#1822);
#1565=AXIS2_PLACEMENT_3D('',#4322,#1823,#1824);
#1566=AXIS2_PLACEMENT_3D('',#4358,#1826,#1827);
#1567=AXIS2_PLACEMENT_3D('',#4394,#1829,#1830);
#1568=AXIS2_PLACEMENT_3D('',#4430,#1832,#1833);
#1569=AXIS2_PLACEMENT_3D('',#4435,#1835,#1836);
#1570=AXIS2_PLACEMENT_3D('',#4449,#1837,#1838);
#1571=AXIS2_PLACEMENT_3D('',#4451,#1839,#1840);
#1572=AXIS2_PLACEMENT_3D('',#4512,#1841,#1842);
#1573=AXIS2_PLACEMENT_3D('',#4525,#1849,#1850);
#1574=AXIS2_PLACEMENT_3D('',#4531,#1854,#1855);
#1575=AXIS2_PLACEMENT_3D('',#4535,#1858,#1859);
#1576=AXIS2_PLACEMENT_3D('',#4890,#1866,#1867);
#1577=AXIS2_PLACEMENT_3D('',#4891,#1868,#1869);
#1578=AXIS2_PLACEMENT_3D('',#4893,#1871,#1872);
#1579=AXIS2_PLACEMENT_3D('',#4894,#1873,#1874);
#1580=AXIS2_PLACEMENT_3D('',#4895,#1875,#1876);
#1581=AXIS2_PLACEMENT_3D('',#4901,#1880,#1881);
#1582=AXIS2_PLACEMENT_3D('',#4903,#1883,#1884);
#1583=AXIS2_PLACEMENT_3D('',#4905,#1886,#1887);
#1584=AXIS2_PLACEMENT_3D('',#4906,#1888,#1889);
#1585=AXIS2_PLACEMENT_3D('',#4907,#1890,#1891);
#1586=AXIS2_PLACEMENT_3D('',#4909,#1892,#1893);
#1587=AXIS2_PLACEMENT_3D('',#4912,#1895,#1896);
#1588=AXIS2_PLACEMENT_3D('',#4913,#1897,#1898);
#1589=AXIS2_PLACEMENT_3D('',#4915,#1899,#1900);
#1590=AXIS2_PLACEMENT_3D('',#4918,#1902,#1903);
#1591=AXIS2_PLACEMENT_3D('',#4919,#1904,#1905);
#1592=AXIS2_PLACEMENT_3D('',#4920,#1906,#1907);
#1593=AXIS2_PLACEMENT_3D('',#4921,#1908,#1909);
#1594=AXIS2_PLACEMENT_3D('',#4922,#1910,#1911);
#1595=AXIS2_PLACEMENT_3D('',#4923,#1912,#1913);
#1596=DIRECTION('axis',(0.,0.,1.));
#1597=DIRECTION('refdir',(1.,0.,0.));
#1598=DIRECTION('axis',(0.,0.,1.));
#1599=DIRECTION('refdir',(1.,0.,0.));
#1600=DIRECTION('center_axis',(0.,0.,1.));
#1601=DIRECTION('ref_axis',(-0.498114296597082,-0.867111381268632,0.));
#1602=DIRECTION('',(0.,0.,1.));
#1603=DIRECTION('center_axis',(0.,-0.707106781186547,-0.707106781186548));
#1604=DIRECTION('ref_axis',(0.,-0.707106781186548,0.707106781186547));
#1605=DIRECTION('center_axis',(0.,0.707106781186547,-0.707106781186548));
#1606=DIRECTION('ref_axis',(0.,-0.707106781186548,-0.707106781186547));
#1607=DIRECTION('center_axis',(0.,0.,1.));
#1608=DIRECTION('ref_axis',(-1.,0.,0.));
#1609=DIRECTION('',(0.,0.,1.));
#1610=DIRECTION('center_axis',(0.,0.,1.));
#1611=DIRECTION('ref_axis',(-1.,0.,0.));
#1612=DIRECTION('',(0.,0.,1.));
#1613=DIRECTION('center_axis',(0.,0.,1.));
#1614=DIRECTION('ref_axis',(-1.,0.,0.));
#1615=DIRECTION('',(0.,0.,1.));
#1616=DIRECTION('center_axis',(0.,0.,1.));
#1617=DIRECTION('ref_axis',(-1.,0.,0.));
#1618=DIRECTION('',(0.,0.,1.));
#1619=DIRECTION('center_axis',(0.,0.,1.));
#1620=DIRECTION('ref_axis',(-1.,0.,0.));
#1621=DIRECTION('',(0.,0.,1.));
#1622=DIRECTION('center_axis',(0.,0.,1.));
#1623=DIRECTION('ref_axis',(-1.,0.,0.));
#1624=DIRECTION('',(0.,0.,1.));
#1625=DIRECTION('center_axis',(0.,0.,1.));
#1626=DIRECTION('ref_axis',(-1.,0.,0.));
#1627=DIRECTION('',(0.,0.,1.));
#1628=DIRECTION('center_axis',(0.,0.,1.));
#1629=DIRECTION('ref_axis',(-1.,0.,0.));
#1630=DIRECTION('',(0.,0.,1.));
#1631=DIRECTION('center_axis',(0.,0.,1.));
#1632=DIRECTION('ref_axis',(-1.,0.,0.));
#1633=DIRECTION('',(0.,0.,1.));
#1634=DIRECTION('center_axis',(0.,0.,1.));
#1635=DIRECTION('ref_axis',(-1.,0.,0.));
#1636=DIRECTION('',(0.,0.,1.));
#1637=DIRECTION('center_axis',(0.,0.,1.));
#1638=DIRECTION('ref_axis',(-1.,0.,0.));
#1639=DIRECTION('',(0.,0.,1.));
#1640=DIRECTION('center_axis',(0.,0.,1.));
#1641=DIRECTION('ref_axis',(-1.,0.,0.));
#1642=DIRECTION('',(0.,0.,1.));
#1643=DIRECTION('',(0.894427190999916,0.,-0.447213595499958));
#1644=DIRECTION('',(-0.894427190999916,-1.10726622413412E-18,-0.447213595499958));
#1645=DIRECTION('',(-0.894427190999916,0.,-0.447213595499958));
#1646=DIRECTION('',(0.894427190999916,1.10726622413412E-18,-0.447213595499958));
#1647=DIRECTION('center_axis',(4.56468822581831E-17,-1.,-8.88178419700126E-17));
#1648=DIRECTION('ref_axis',(1.09953048726004E-34,-8.88178419700126E-17,
1.));
#1649=DIRECTION('',(0.,0.,1.));
#1650=DIRECTION('center_axis',(-4.44089209850064E-17,1.,-8.88178419700126E-17));
#1651=DIRECTION('ref_axis',(0.,8.88178419700126E-17,1.));
#1652=DIRECTION('',(0.,0.,-1.));
#1653=DIRECTION('center_axis',(0.,0.,1.));
#1654=DIRECTION('ref_axis',(0.999829267933113,0.0184779594202416,0.));
#1655=DIRECTION('center_axis',(0.,0.707106781186547,-0.707106781186548));
#1656=DIRECTION('ref_axis',(0.,-0.707106781186548,-0.707106781186547));
#1657=DIRECTION('center_axis',(0.,-0.707106781186547,-0.707106781186548));
#1658=DIRECTION('ref_axis',(0.,-0.707106781186548,0.707106781186547));
#1659=DIRECTION('center_axis',(0.,0.,1.));
#1660=DIRECTION('ref_axis',(-1.,0.,0.));
#1661=DIRECTION('center_axis',(0.,-0.707106781186547,-0.707106781186548));
#1662=DIRECTION('ref_axis',(0.,-0.707106781186548,0.707106781186547));
#1663=DIRECTION('center_axis',(0.,0.707106781186547,-0.707106781186548));
#1664=DIRECTION('ref_axis',(0.,-0.707106781186548,-0.707106781186547));
#1665=DIRECTION('center_axis',(0.,0.,1.));
#1666=DIRECTION('ref_axis',(0.996317958922177,0.0857352012253304,0.));
#1667=DIRECTION('center_axis',(0.,0.707106781186547,-0.707106781186548));
#1668=DIRECTION('ref_axis',(0.,-0.707106781186548,-0.707106781186547));
#1669=DIRECTION('center_axis',(0.,-0.707106781186547,-0.707106781186548));
#1670=DIRECTION('ref_axis',(0.,-0.707106781186548,0.707106781186547));
#1671=DIRECTION('center_axis',(0.,-1.,0.));
#1672=DIRECTION('ref_axis',(0.,0.,-1.));
#1673=DIRECTION('center_axis',(0.,-1.,0.));
#1674=DIRECTION('ref_axis',(1.,0.,0.));
#1675=DIRECTION('',(0.,1.,0.));
#1676=DIRECTION('center_axis',(0.,-1.,0.));
#1677=DIRECTION('ref_axis',(1.,0.,0.));
#1678=DIRECTION('center_axis',(0.,0.,1.));
#1679=DIRECTION('ref_axis',(-1.,0.,0.));
#1680=DIRECTION('',(0.,0.,1.));
#1681=DIRECTION('center_axis',(0.,-1.,0.));
#1682=DIRECTION('ref_axis',(1.,0.,0.));
#1683=DIRECTION('',(0.,-1.,0.));
#1684=DIRECTION('center_axis',(0.,1.,0.));
#1685=DIRECTION('ref_axis',(1.,0.,0.));
#1686=DIRECTION('center_axis',(0.,1.,0.));
#1687=DIRECTION('ref_axis',(1.,0.,0.));
#1688=DIRECTION('center_axis',(0.,-1.,0.));
#1689=DIRECTION('ref_axis',(1.,0.,0.));
#1690=DIRECTION('',(0.,-1.,0.));
#1691=DIRECTION('center_axis',(0.,1.,0.));
#1692=DIRECTION('ref_axis',(1.,0.,0.));
#1693=DIRECTION('center_axis',(0.,1.,0.));
#1694=DIRECTION('ref_axis',(1.,0.,0.));
#1695=DIRECTION('center_axis',(0.,-1.,0.));
#1696=DIRECTION('ref_axis',(1.,0.,0.));
#1697=DIRECTION('',(0.,-1.,0.));
#1698=DIRECTION('center_axis',(0.,1.,0.));
#1699=DIRECTION('ref_axis',(1.,0.,0.));
#1700=DIRECTION('center_axis',(0.,1.,0.));
#1701=DIRECTION('ref_axis',(1.,0.,0.));
#1702=DIRECTION('center_axis',(0.,-1.,0.));
#1703=DIRECTION('ref_axis',(1.,0.,0.));
#1704=DIRECTION('',(0.,-1.,0.));
#1705=DIRECTION('center_axis',(0.,1.,0.));
#1706=DIRECTION('ref_axis',(1.,0.,0.));
#1707=DIRECTION('center_axis',(0.,1.,0.));
#1708=DIRECTION('ref_axis',(1.,0.,0.));
#1709=DIRECTION('center_axis',(0.,-1.,0.));
#1710=DIRECTION('ref_axis',(1.,0.,0.));
#1711=DIRECTION('',(0.,-1.,0.));
#1712=DIRECTION('center_axis',(0.,1.,0.));
#1713=DIRECTION('ref_axis',(1.,0.,0.));
#1714=DIRECTION('center_axis',(0.,1.,0.));
#1715=DIRECTION('ref_axis',(1.,0.,0.));
#1716=DIRECTION('center_axis',(0.,-1.,0.));
#1717=DIRECTION('ref_axis',(1.,0.,0.));
#1718=DIRECTION('',(0.,-1.,0.));
#1719=DIRECTION('center_axis',(0.,1.,0.));
#1720=DIRECTION('ref_axis',(1.,0.,0.));
#1721=DIRECTION('center_axis',(0.,1.,0.));
#1722=DIRECTION('ref_axis',(1.,0.,0.));
#1723=DIRECTION('center_axis',(0.,-1.,0.));
#1724=DIRECTION('ref_axis',(1.,0.,0.));
#1725=DIRECTION('',(0.,-1.,0.));
#1726=DIRECTION('center_axis',(0.,1.,0.));
#1727=DIRECTION('ref_axis',(1.,0.,0.));
#1728=DIRECTION('center_axis',(0.,1.,0.));
#1729=DIRECTION('ref_axis',(1.,0.,0.));
#1730=DIRECTION('center_axis',(0.,-1.,0.));
#1731=DIRECTION('ref_axis',(1.,0.,0.));
#1732=DIRECTION('',(0.,-1.,0.));
#1733=DIRECTION('center_axis',(0.,1.,0.));
#1734=DIRECTION('ref_axis',(1.,0.,0.));
#1735=DIRECTION('center_axis',(0.,1.,0.));
#1736=DIRECTION('ref_axis',(1.,0.,0.));
#1737=DIRECTION('center_axis',(0.,-1.,0.));
#1738=DIRECTION('ref_axis',(1.,0.,0.));
#1739=DIRECTION('',(0.,-1.,0.));
#1740=DIRECTION('center_axis',(0.,1.,0.));
#1741=DIRECTION('ref_axis',(1.,0.,0.));
#1742=DIRECTION('center_axis',(0.,1.,0.));
#1743=DIRECTION('ref_axis',(1.,0.,0.));
#1744=DIRECTION('center_axis',(0.,-1.,0.));
#1745=DIRECTION('ref_axis',(0.,0.,-1.));
#1746=DIRECTION('center_axis',(0.,-1.,0.));
#1747=DIRECTION('ref_axis',(1.,0.,0.));
#1748=DIRECTION('center_axis',(0.,-1.,0.));
#1749=DIRECTION('ref_axis',(1.,0.,0.));
#1750=DIRECTION('center_axis',(0.,-1.,0.));
#1751=DIRECTION('ref_axis',(1.,0.,0.));
#1752=DIRECTION('center_axis',(0.,-1.,0.));
#1753=DIRECTION('ref_axis',(1.,0.,0.));
#1754=DIRECTION('center_axis',(0.,-1.,0.));
#1755=DIRECTION('ref_axis',(1.,0.,0.));
#1756=DIRECTION('center_axis',(0.,-1.,0.));
#1757=DIRECTION('ref_axis',(1.,0.,0.));
#1758=DIRECTION('center_axis',(0.,-1.,0.));
#1759=DIRECTION('ref_axis',(1.,0.,0.));
#1760=DIRECTION('center_axis',(0.,-1.,0.));
#1761=DIRECTION('ref_axis',(1.,0.,0.));
#1762=DIRECTION('center_axis',(0.,-1.,0.));
#1763=DIRECTION('ref_axis',(1.,0.,0.));
#1764=DIRECTION('center_axis',(0.,-1.,0.));
#1765=DIRECTION('ref_axis',(1.,0.,0.));
#1766=DIRECTION('center_axis',(0.,-1.,0.));
#1767=DIRECTION('ref_axis',(0.,0.,-1.));
#1768=DIRECTION('',(0.,1.,0.));
#1769=DIRECTION('center_axis',(0.,-1.,0.));
#1770=DIRECTION('ref_axis',(1.,0.,0.));
#1771=DIRECTION('center_axis',(0.,-1.,0.));
#1772=DIRECTION('ref_axis',(0.,0.,-1.));
#1773=DIRECTION('',(1.20203703448249E-16,0.191268639059603,-0.981537726076939));
#1774=DIRECTION('center_axis',(0.,-1.,0.));
#1775=DIRECTION('ref_axis',(1.,0.,0.));
#1776=DIRECTION('center_axis',(0.,1.,0.));
#1777=DIRECTION('ref_axis',(0.,0.,1.));
#1778=DIRECTION('center_axis',(0.,-1.,0.));
#1779=DIRECTION('ref_axis',(1.,0.,0.));
#1780=DIRECTION('center_axis',(0.,-1.,0.));
#1781=DIRECTION('ref_axis',(0.,0.,-1.));
#1782=DIRECTION('center_axis',(0.,-1.,0.));
#1783=DIRECTION('ref_axis',(1.,0.,0.));
#1784=DIRECTION('',(0.,1.,0.));
#1785=DIRECTION('center_axis',(0.,-1.,0.));
#1786=DIRECTION('ref_axis',(0.,0.,-1.));
#1787=DIRECTION('center_axis',(0.,-1.,0.));
#1788=DIRECTION('ref_axis',(1.,0.,0.));
#1789=DIRECTION('center_axis',(0.,-1.,0.));
#1790=DIRECTION('ref_axis',(0.,0.,-1.));
#1791=DIRECTION('center_axis',(0.,-1.,0.));
#1792=DIRECTION('ref_axis',(1.,0.,0.));
#1793=DIRECTION('',(0.,1.,0.));
#1794=DIRECTION('center_axis',(0.,1.,0.));
#1795=DIRECTION('ref_axis',(0.,0.,1.));
#1796=DIRECTION('center_axis',(0.,-1.,0.));
#1797=DIRECTION('ref_axis',(1.,0.,0.));
#1798=DIRECTION('center_axis',(0.,-1.,0.));
#1799=DIRECTION('ref_axis',(0.,0.,-1.));
#1800=DIRECTION('center_axis',(0.,-1.,0.));
#1801=DIRECTION('ref_axis',(1.,0.,0.));
#1802=DIRECTION('',(0.,1.,0.));
#1803=DIRECTION('center_axis',(0.,-1.,0.));
#1804=DIRECTION('ref_axis',(0.,0.,-1.));
#1805=DIRECTION('center_axis',(0.,-1.,0.));
#1806=DIRECTION('ref_axis',(1.,0.,0.));
#1807=DIRECTION('center_axis',(0.,-1.,0.));
#1808=DIRECTION('ref_axis',(0.,0.,-1.));
#1809=DIRECTION('',(0.,1.,0.));
#1810=DIRECTION('axis',(0.,0.,1.));
#1811=DIRECTION('refdir',(1.,0.,0.));
#1812=DIRECTION('center_axis',(0.,1.,0.));
#1813=DIRECTION('ref_axis',(-1.,0.,0.));
#1814=DIRECTION('',(0.,-1.,0.));
#1815=DIRECTION('center_axis',(0.,1.,0.));
#1816=DIRECTION('ref_axis',(-1.,0.,0.));
#1817=DIRECTION('center_axis',(0.,1.,0.));
#1818=DIRECTION('ref_axis',(-1.,0.,0.));
#1819=DIRECTION('',(0.,-1.,0.));
#1820=DIRECTION('',(0.,-1.,0.));
#1821=DIRECTION('center_axis',(0.,1.,0.));
#1822=DIRECTION('ref_axis',(-1.,0.,0.));
#1823=DIRECTION('center_axis',(0.,1.,0.));
#1824=DIRECTION('ref_axis',(-1.,0.,0.));
#1825=DIRECTION('',(0.,-1.,0.));
#1826=DIRECTION('center_axis',(0.,1.,0.));
#1827=DIRECTION('ref_axis',(-1.,0.,0.));
#1828=DIRECTION('',(0.,-1.,0.));
#1829=DIRECTION('center_axis',(0.,1.,0.));
#1830=DIRECTION('ref_axis',(-1.,0.,0.));
#1831=DIRECTION('',(0.,-1.,0.));
#1832=DIRECTION('center_axis',(0.,1.,0.));
#1833=DIRECTION('ref_axis',(-1.,0.,0.));
#1834=DIRECTION('',(0.,-1.,0.));
#1835=DIRECTION('center_axis',(0.,1.,0.));
#1836=DIRECTION('ref_axis',(-1.,0.,0.));
#1837=DIRECTION('center_axis',(0.,1.,0.));
#1838=DIRECTION('ref_axis',(0.,0.,1.));
#1839=DIRECTION('center_axis',(0.,1.,0.));
#1840=DIRECTION('ref_axis',(-1.,0.,0.));
#1841=DIRECTION('center_axis',(0.,1.,0.));
#1842=DIRECTION('ref_axis',(0.,0.,1.));
#1843=DIRECTION('',(0.499999999999999,0.,-0.866025403784439));
#1844=DIRECTION('',(-0.5,0.,-0.866025403784438));
#1845=DIRECTION('',(-1.,0.,5.34156301773212E-16));
#1846=DIRECTION('',(-0.5,0.,0.866025403784439));
#1847=DIRECTION('',(0.5,0.,0.866025403784438));
#1848=DIRECTION('',(1.,0.,-9.3477352810312E-16));
#1849=DIRECTION('center_axis',(-0.866025403784439,0.,-0.5));
#1850=DIRECTION('ref_axis',(-0.5,0.,0.866025403784439));
#1851=DIRECTION('',(0.,1.,0.));
#1852=DIRECTION('',(-0.5,0.,0.866025403784439));
#1853=DIRECTION('',(0.,1.,0.));
#1854=DIRECTION('center_axis',(-5.34156301773212E-16,0.,-1.));
#1855=DIRECTION('ref_axis',(-1.,0.,5.34156301773212E-16));
#1856=DIRECTION('',(0.,1.,0.));
#1857=DIRECTION('',(-1.,0.,5.34156301773212E-16));
#1858=DIRECTION('center_axis',(0.866025403784438,0.,-0.500000000000001));
#1859=DIRECTION('ref_axis',(-0.5,0.,-0.866025403784438));
#1860=DIRECTION('',(0.,1.,0.));
#1861=DIRECTION('',(-0.5,0.,-0.866025403784438));
#1862=DIRECTION('',(0.894427190999915,-0.44721359549996,0.));
#1863=DIRECTION('',(-0.894427190999915,0.44721359549996,1.0953573965284E-15));
#1864=DIRECTION('',(-0.894427190999916,-0.447213595499957,0.));
#1865=DIRECTION('',(0.894427190999916,0.447213595499957,-1.09535739652841E-15));
#1866=DIRECTION('center_axis',(0.,0.,1.));
#1867=DIRECTION('ref_axis',(1.,0.,0.));
#1868=DIRECTION('center_axis',(1.22464679914735E-15,0.,1.));
#1869=DIRECTION('ref_axis',(1.,0.,-1.22464679914735E-15));
#1870=DIRECTION('',(0.,1.,0.));
#1871=DIRECTION('center_axis',(0.,1.,0.));
#1872=DIRECTION('ref_axis',(-1.,0.,0.));
#1873=DIRECTION('center_axis',(0.,1.,0.));
#1874=DIRECTION('ref_axis',(-1.,0.,0.));
#1875=DIRECTION('center_axis',(9.3477352810312E-16,0.,1.));
#1876=DIRECTION('ref_axis',(1.,0.,-9.3477352810312E-16));
#1877=DIRECTION('',(0.,1.,0.));
#1878=DIRECTION('',(1.,0.,-9.3477352810312E-16));
#1879=DIRECTION('',(0.,1.,0.));
#1880=DIRECTION('center_axis',(0.866025403784439,0.,0.499999999999999));
#1881=DIRECTION('ref_axis',(0.499999999999999,0.,-0.866025403784439));
#1882=DIRECTION('',(0.499999999999999,0.,-0.866025403784439));
#1883=DIRECTION('center_axis',(-0.866025403784439,0.,0.5));
#1884=DIRECTION('ref_axis',(0.5,0.,0.866025403784438));
#1885=DIRECTION('',(0.5,0.,0.866025403784439));
#1886=DIRECTION('center_axis',(0.,1.,0.));
#1887=DIRECTION('ref_axis',(0.,0.,1.));
#1888=DIRECTION('axis',(0.,0.,1.));
#1889=DIRECTION('refdir',(1.,0.,0.));
#1890=DIRECTION('center_axis',(0.,1.,0.));
#1891=DIRECTION('ref_axis',(1.,0.,0.));
#1892=DIRECTION('center_axis',(0.,-1.,0.));
#1893=DIRECTION('ref_axis',(1.,0.,0.));
#1894=DIRECTION('',(0.,-1.,0.));
#1895=DIRECTION('center_axis',(0.,-1.,0.));
#1896=DIRECTION('ref_axis',(1.,0.,0.));
#1897=DIRECTION('center_axis',(0.,1.,0.));
#1898=DIRECTION('ref_axis',(-1.,0.,0.));
#1899=DIRECTION('center_axis',(0.,1.,0.));
#1900=DIRECTION('ref_axis',(-1.,0.,0.));
#1901=DIRECTION('',(0.,-1.,0.));
#1902=DIRECTION('center_axis',(0.,1.,0.));
#1903=DIRECTION('ref_axis',(-1.,0.,0.));
#1904=DIRECTION('center_axis',(0.,1.,0.));
#1905=DIRECTION('ref_axis',(0.,0.,1.));
#1906=DIRECTION('center_axis',(0.,1.,0.));
#1907=DIRECTION('ref_axis',(0.,0.,1.));
#1908=DIRECTION('',(0.,0.,1.));
#1909=DIRECTION('',(1.,0.,0.));
#1910=DIRECTION('',(0.21229125742695,0.977206437770487,0.));
#1911=DIRECTION('',(0.977206437770487,-0.21229125742695,0.));
#1912=DIRECTION('',(0.0459878103801609,0.,-0.998942000967243));
#1913=DIRECTION('',(-0.998942000967243,0.,-0.0459878103801609));
#1914=CARTESIAN_POINT('',(0.,0.,0.));
#1915=CARTESIAN_POINT('',(0.,0.,0.));
#1916=CARTESIAN_POINT('Origin',(0.,18.5,-13.));
#1917=CARTESIAN_POINT('',(1.49910097678927,18.5012179808884,-1.76724137931035));
#1918=CARTESIAN_POINT('',(1.49948281246782,18.4979989870352,-1.5603448275862));
#1919=CARTESIAN_POINT('',(1.5,18.5,-13.));
#1920=CARTESIAN_POINT('',(-0.754328832202693,19.7948173038007,-1.29637524262773));
#1921=CARTESIAN_POINT('Ctrl Pts',(1.49910097678927,18.5012179808884,-1.76724137931035));
#1922=CARTESIAN_POINT('Ctrl Pts',(1.4962970035805,18.1534599422129,-1.74119327491002));
#1923=CARTESIAN_POINT('Ctrl Pts',(1.37552573197379,17.8039625073856,-1.7151451705097));
#1924=CARTESIAN_POINT('Ctrl Pts',(1.15424795035622,17.5383375818298,-1.68909706610938));
#1925=CARTESIAN_POINT('Ctrl Pts',(0.839422902528332,17.1604172172949,-1.65203688024838));
#1926=CARTESIAN_POINT('Ctrl Pts',(0.321148118467876,16.9522753067783,-1.61497669438739));
#1927=CARTESIAN_POINT('Ctrl Pts',(-0.167810358858352,17.0071558607245,-1.57791650852639));
#1928=CARTESIAN_POINT('Ctrl Pts',(-0.656768836184577,17.0620364146706,-1.54085632266539));
#1929=CARTESIAN_POINT('Ctrl Pts',(-1.11641100677658,17.3799394330795,-1.50379613680439));
#1930=CARTESIAN_POINT('Ctrl Pts',(-1.33925986621648,17.8186323636777,-1.46673595094339));
#1931=CARTESIAN_POINT('Ctrl Pts',(-1.56210872565638,18.2573252942758,-1.42967576508239));
#1932=CARTESIAN_POINT('Ctrl Pts',(-1.54816427394418,18.8168081370633,-1.3926155792214));
#1933=CARTESIAN_POINT('Ctrl Pts',(-1.305238483846,19.2436705017202,-1.3555553933604));
#1934=CARTESIAN_POINT('Ctrl Pts',(-1.17593183898474,19.4708845005674,-1.33582867644951));
#1935=CARTESIAN_POINT('Ctrl Pts',(-0.981747631143103,19.6605229769592,-1.31610195953862));
#1936=CARTESIAN_POINT('Ctrl Pts',(-0.754028145810491,19.7930468137108,-1.29637524262773));
#1937=CARTESIAN_POINT('',(-1.00554459852539,19.6126700527663,-1.11285248645605));
#1938=CARTESIAN_POINT('Origin',(0.,18.5,0.));
#1939=CARTESIAN_POINT('',(-0.694670282114338,17.1705515432529,-1.32944845674708));
#1940=CARTESIAN_POINT('Ctrl Pts',(-1.00554459852539,19.6126700527663,-1.11285248645605));
#1941=CARTESIAN_POINT('Ctrl Pts',(-1.34771190980355,19.3003639667294,-1.14762257684962));
#1942=CARTESIAN_POINT('Ctrl Pts',(-1.74085134699689,18.3053926396619,-1.21982123361329));
#1943=CARTESIAN_POINT('Ctrl Pts',(-1.13695170899259,17.4016547214349,-1.29201989037697));
#1944=CARTESIAN_POINT('Ctrl Pts',(-0.694670282114327,17.1705515432529,-1.32944845674708));
#1945=CARTESIAN_POINT('',(0.482056421943839,17.0795699221494,-1.42043007785062));
#1946=CARTESIAN_POINT('Origin',(0.,18.5,0.));
#1947=CARTESIAN_POINT('Ctrl Pts',(0.48205642194384,17.0795699221494,-1.42043007785062));
#1948=CARTESIAN_POINT('Ctrl Pts',(0.955105436423313,17.2401102534757,-1.4578982301484));
#1949=CARTESIAN_POINT('Ctrl Pts',(1.43110263820608,17.7555815265651,-1.50453648006027));
#1950=CARTESIAN_POINT('Ctrl Pts',(1.50059345374214,18.3757420616849,-1.55117472997213));
#1951=CARTESIAN_POINT('Ctrl Pts',(1.49948281246782,18.4979989870352,-1.5603448275862));
#1952=CARTESIAN_POINT('Origin',(0.,18.5,-13.));
#1953=CARTESIAN_POINT('',(1.50213143775311,18.4994800186673,-2.47413793103448));
#1954=CARTESIAN_POINT('',(1.49757074550697,18.5002698693855,-2.26724137931034));
#1955=CARTESIAN_POINT('',(1.5,18.5,-13.));
#1956=CARTESIAN_POINT('Ctrl Pts',(1.50213143775311,18.4994800186673,-2.47413793103448));
#1957=CARTESIAN_POINT('Ctrl Pts',(1.50226793456568,18.4694812595836,-2.4718789437531));
#1958=CARTESIAN_POINT('Ctrl Pts',(1.50144554807929,18.4394901175264,-2.46961995647173));
#1959=CARTESIAN_POINT('Ctrl Pts',(1.49964034743385,18.4095582419803,-2.46736096919035));
#1960=CARTESIAN_POINT('Ctrl Pts',(1.47002483255774,17.9185059549431,-2.43030078332935));
#1961=CARTESIAN_POINT('Ctrl Pts',(1.17588901003562,17.4434050007179,-2.39324059746835));
#1962=CARTESIAN_POINT('Ctrl Pts',(0.749545103170684,17.1979697494585,-2.35618041160735));
#1963=CARTESIAN_POINT('Ctrl Pts',(0.323201196305743,16.9525344981991,-2.31912022574635));
#1964=CARTESIAN_POINT('Ctrl Pts',(-0.23535079490202,16.9367649499055,-2.28206003988536));
#1965=CARTESIAN_POINT('Ctrl Pts',(-0.674869260894795,17.1577472529451,-2.24499985402436));
#1966=CARTESIAN_POINT('Ctrl Pts',(-1.11438772688757,17.3787295559848,-2.20793966816336));
#1967=CARTESIAN_POINT('Ctrl Pts',(-1.43487266766536,17.8364637103577,-2.17087948230236));
#1968=CARTESIAN_POINT('Ctrl Pts',(-1.49214954686719,18.325065253245,-2.13381929644136));
#1969=CARTESIAN_POINT('Ctrl Pts',(-1.54942642606901,18.8136667961322,-2.09675911058036));
#1970=CARTESIAN_POINT('Ctrl Pts',(-1.34349524369487,19.3331357275337,-2.05969892471937));
#1971=CARTESIAN_POINT('Ctrl Pts',(-0.967014412002847,19.6497764997681,-2.02263873885837));
#1972=CARTESIAN_POINT('Ctrl Pts',(-0.590533580310825,19.9664172720025,-1.98557855299737));
#1973=CARTESIAN_POINT('Ctrl Pts',(-0.0435030993009174,20.0802298850697,
-1.94851836713637));
#1974=CARTESIAN_POINT('Ctrl Pts',(0.428061514481661,19.9400717058257,-1.91145818127537));
#1975=CARTESIAN_POINT('Ctrl Pts',(0.89962612826424,19.7999135265817,-1.87439799541437));
#1976=CARTESIAN_POINT('Ctrl Pts',(1.29572487481949,19.4057845550265,-1.83733780955338));
#1977=CARTESIAN_POINT('Ctrl Pts',(1.43808659229946,18.9348706599723,-1.80027762369238));
#1978=CARTESIAN_POINT('Ctrl Pts',(1.48038802153814,18.7949430785847,-1.7892655422317));
#1979=CARTESIAN_POINT('Ctrl Pts',(1.50028638287156,18.6482359669823,-1.77825346077102));
#1980=CARTESIAN_POINT('Ctrl Pts',(1.49910097678927,18.5012179808884,-1.76724137931035));
#1981=CARTESIAN_POINT('Ctrl Pts',(1.49948281246782,18.4979989870352,-1.5603448275862));
#1982=CARTESIAN_POINT('Ctrl Pts',(1.49605547844832,18.8752723056656,-1.58864288226991));
#1983=CARTESIAN_POINT('Ctrl Pts',(1.16111777980954,19.759154235249,-1.65440908925142));
#1984=CARTESIAN_POINT('Ctrl Pts',(-0.322884672095867,20.2437207547832,-1.75764344853071));
#1985=CARTESIAN_POINT('Ctrl Pts',(-1.64128052800488,19.1727483193292,-1.87004790542408));
#1986=CARTESIAN_POINT('Ctrl Pts',(-1.4537319135981,17.4832820086795,-1.98245236231745));
#1987=CARTESIAN_POINT('Ctrl Pts',(0.0684452724022151,16.7275511361157,-2.09485681921081));
#1988=CARTESIAN_POINT('Ctrl Pts',(1.30079806682327,17.463049577953,-2.18978649154177));
#1989=CARTESIAN_POINT('Ctrl Pts',(1.49712839481662,18.2326872982666,-2.24724801157495));
#1990=CARTESIAN_POINT('Ctrl Pts',(1.49757074550697,18.5002698693855,-2.26724137931034));
#1991=CARTESIAN_POINT('Origin',(0.,18.5,-13.));
#1992=CARTESIAN_POINT('',(1.49789905505377,18.4993906871707,-3.18103448275862));
#1993=CARTESIAN_POINT('',(1.50084381674934,18.5012731240395,-2.97413793103448));
#1994=CARTESIAN_POINT('',(1.5,18.5,-13.));
#1995=CARTESIAN_POINT('Ctrl Pts',(1.49789905505377,18.4993906871707,-3.18103448275862));
#1996=CARTESIAN_POINT('Ctrl Pts',(1.49867367929562,18.2916545881473,-3.16550442673519));
#1997=CARTESIAN_POINT('Ctrl Pts',(1.4583251567991,18.0842061736727,-3.14997437071175));
#1998=CARTESIAN_POINT('Ctrl Pts',(1.37537544916087,17.895482220038,-3.13444431468832));
#1999=CARTESIAN_POINT('Ctrl Pts',(1.17742821847802,17.4451203676681,-3.09738412882732));
#2000=CARTESIAN_POINT('Ctrl Pts',(0.736880973385522,17.1013882828617,-3.06032394296632));
#2001=CARTESIAN_POINT('Ctrl Pts',(0.251901358199738,17.018904083107,-3.02326375710532));
#2002=CARTESIAN_POINT('Ctrl Pts',(-0.233078256986046,16.9364198833522,-2.98620357124432));
#2003=CARTESIAN_POINT('Ctrl Pts',(-0.762490242265121,17.1151835686491,-2.94914338538333));
#2004=CARTESIAN_POINT('Ctrl Pts',(-1.0981938987009,17.4747832678409,-2.91208319952233));
#2005=CARTESIAN_POINT('Ctrl Pts',(-1.43389755513668,17.8343829670327,-2.87502301366133));
#2006=CARTESIAN_POINT('Ctrl Pts',(-1.57589288272917,18.3748186801194,-2.83796282780033));
#2007=CARTESIAN_POINT('Ctrl Pts',(-1.4603070836693,18.8529911374989,-2.80090264193933));
#2008=CARTESIAN_POINT('Ctrl Pts',(-1.34472128460943,19.3311635948783,-2.76384245607833));
#2009=CARTESIAN_POINT('Ctrl Pts',(-0.971554358897215,19.7470727965506,-2.72678227021734));
#2010=CARTESIAN_POINT('Ctrl Pts',(-0.508665277715259,19.9136333591356,-2.68972208435634));
#2011=CARTESIAN_POINT('Ctrl Pts',(-0.0457761965333004,20.0801939217205,
-2.65266189849534));
#2012=CARTESIAN_POINT('Ctrl Pts',(0.506835040118399,19.9974058452183,-2.61560171263434));
#2013=CARTESIAN_POINT('Ctrl Pts',(0.900593054829211,19.7025099970425,-2.57854152677334));
#2014=CARTESIAN_POINT('Ctrl Pts',(1.27034972344563,19.4255893952095,-2.54374032819372));
#2015=CARTESIAN_POINT('Ctrl Pts',(1.50002861374928,18.9616308154502,-2.5089391296141));
#2016=CARTESIAN_POINT('Ctrl Pts',(1.50213143775311,18.4994800186673,-2.47413793103448));
#2017=CARTESIAN_POINT('Ctrl Pts',(1.49757074550697,18.5002698693855,-2.26724137931034));
#2018=CARTESIAN_POINT('Ctrl Pts',(1.49795737286846,18.7341448145594,-2.28471616387274));
#2019=CARTESIAN_POINT('Ctrl Pts',(1.33615833130923,19.4689778224408,-2.33965910073293));
#2020=CARTESIAN_POINT('Ctrl Pts',(0.187194403146758,20.2639276981706,-2.43207018989091));
#2021=CARTESIAN_POINT('Ctrl Pts',(-1.3821514099391,19.6118378262711,-2.54447464678428));
#2022=CARTESIAN_POINT('Ctrl Pts',(-1.68286469123314,17.939199763581,-2.65687910367764));
#2023=CARTESIAN_POINT('Ctrl Pts',(-0.43891189663237,16.7813166027701,-2.76928356057101));
#2024=CARTESIAN_POINT('Ctrl Pts',(1.1104545104707,17.1761332594894,-2.87503650302329));
#2025=CARTESIAN_POINT('Ctrl Pts',(1.49713694598711,18.0911178670799,-2.94332129317778));
#2026=CARTESIAN_POINT('Ctrl Pts',(1.50084381674934,18.5012731240395,-2.97413793103447));
#2027=CARTESIAN_POINT('Origin',(0.,18.5,-13.));
#2028=CARTESIAN_POINT('',(1.50015009125311,18.5012969593362,-3.88793103448276));
#2029=CARTESIAN_POINT('',(1.50174052792644,18.4990646525852,-3.68103448275861));
#2030=CARTESIAN_POINT('',(1.5,18.5,-13.));
#2031=CARTESIAN_POINT('Ctrl Pts',(1.50015009125311,18.5012969593362,-3.88793103448276));
#2032=CARTESIAN_POINT('Ctrl Pts',(1.49671747281494,18.1175067850952,-3.85912990971727));
#2033=CARTESIAN_POINT('Ctrl Pts',(1.34625309776943,17.7313231230652,-3.83032878495178));
#2034=CARTESIAN_POINT('Ctrl Pts',(1.0806651252073,17.4563227299787,-3.80152766018629));
#2035=CARTESIAN_POINT('Ctrl Pts',(0.738916679417728,17.1024627414325,-3.76446747432529));
#2036=CARTESIAN_POINT('Ctrl Pts',(0.206551667575203,16.9326950969907,-3.72740728846429));
#2037=CARTESIAN_POINT('Ctrl Pts',(-0.276960739628553,17.0233849157842,-3.69034710260329));
#2038=CARTESIAN_POINT('Ctrl Pts',(-0.760473146832305,17.1140747345778,-3.65328691674229));
#2039=CARTESIAN_POINT('Ctrl Pts',(-1.19513294939728,17.4652220166067,-3.6162267308813));
#2040=CARTESIAN_POINT('Ctrl Pts',(-1.38542087361804,17.9188732008174,-3.5791665450203));
#2041=CARTESIAN_POINT('Ctrl Pts',(-1.5757087978388,18.3725243850281,-3.5421063591593));
#2042=CARTESIAN_POINT('Ctrl Pts',(-1.52162484371534,18.9286794714206,-3.5050461732983));
#2043=CARTESIAN_POINT('Ctrl Pts',(-1.2474971255653,19.3371680115726,-3.4679859874373));
#2044=CARTESIAN_POINT('Ctrl Pts',(-0.97336940741526,19.7456565517246,-3.4309258015763));
#2045=CARTESIAN_POINT('Ctrl Pts',(-0.479197925238647,20.006478545636,-3.39386561571531));
#2046=CARTESIAN_POINT('Ctrl Pts',(0.0127284084250204,20.0023106713797,-3.35680542985431));
#2047=CARTESIAN_POINT('Ctrl Pts',(0.504654742088689,19.9981427971233,-3.31974524399331));
#2048=CARTESIAN_POINT('Ctrl Pts',(0.994335927239408,19.7289850546991,-3.28268505813231));
#2049=CARTESIAN_POINT('Ctrl Pts',(1.26150291167817,19.3159103735202,-3.24562487227131));
#2050=CARTESIAN_POINT('Ctrl Pts',(1.4167136784253,19.0759344718411,-3.22409474243375));
#2051=CARTESIAN_POINT('Ctrl Pts',(1.49682515290704,18.7873861185571,-3.20256461259618));
#2052=CARTESIAN_POINT('Ctrl Pts',(1.49789905505377,18.4993906871707,-3.18103448275862));
#2053=CARTESIAN_POINT('Ctrl Pts',(1.50084381674934,18.5012731240395,-2.97413793103447));
#2054=CARTESIAN_POINT('Ctrl Pts',(1.50164391390857,18.5898017178284,-2.98078944547556));
#2055=CARTESIAN_POINT('Ctrl Pts',(1.454170493849,19.1761571230555,-3.02490911221444));
#2056=CARTESIAN_POINT('Ctrl Pts',(0.681501370458954,20.1377048252087,-3.10649693125111));
#2057=CARTESIAN_POINT('Ctrl Pts',(-1.00854671246652,19.9592312219259,-3.21890138814447));
#2058=CARTESIAN_POINT('Ctrl Pts',(-1.77287450730167,18.4413644001043,-3.33130584503784));
#2059=CARTESIAN_POINT('Ctrl Pts',(-0.90992380932777,16.9773179637514,-3.4437103019312));
#2060=CARTESIAN_POINT('Ctrl Pts',(0.788223764024006,16.9109042287705,-3.55611475882457));
#2061=CARTESIAN_POINT('Ctrl Pts',(1.47416773958288,17.8906923733296,-3.63522281910037));
#2062=CARTESIAN_POINT('Ctrl Pts',(1.50214496782735,18.4436267861735,-3.67686272707838));
#2063=CARTESIAN_POINT('Ctrl Pts',(1.50174052792644,18.4990646525852,-3.68103448275861));
#2064=CARTESIAN_POINT('Origin',(0.,18.5,-13.));
#2065=CARTESIAN_POINT('',(1.5013713100736,18.4989786277513,-4.5948275862069));
#2066=CARTESIAN_POINT('',(1.49792835749665,18.4992202690772,-4.38793103448275));
#2067=CARTESIAN_POINT('',(1.5,18.5,-13.));
#2068=CARTESIAN_POINT('Ctrl Pts',(1.5013713100736,18.4989786277513,-4.5948275862069));
#2069=CARTESIAN_POINT('Ctrl Pts',(1.50189405029142,18.4323316628233,-4.58981557856035));
#2070=CARTESIAN_POINT('Ctrl Pts',(1.4978325172363,18.3657487643712,-4.5848035709138));
#2071=CARTESIAN_POINT('Ctrl Pts',(1.48896742700081,18.2998116933299,-4.57979156326726));
#2072=CARTESIAN_POINT('Ctrl Pts',(1.42341647118211,17.8122545545046,-4.54273137740626));
#2073=CARTESIAN_POINT('Ctrl Pts',(1.09522924584844,17.3600082687715,-4.50567119154525));
#2074=CARTESIAN_POINT('Ctrl Pts',(0.652031384690424,17.1465028887453,-4.46861100568426));
#2075=CARTESIAN_POINT('Ctrl Pts',(0.208833523532407,16.9329975087191,-4.43155081982326));
#2076=CARTESIAN_POINT('Ctrl Pts',(-0.349374973449957,16.9582330343998,-4.39449063396226));
#2077=CARTESIAN_POINT('Ctrl Pts',(-0.771499984506493,17.2108579865893,-4.35743044810127));
#2078=CARTESIAN_POINT('Ctrl Pts',(-1.19362499556303,17.4634829387787,-4.32037026224027));
#2079=CARTESIAN_POINT('Ctrl Pts',(-1.47966652069373,17.9434973174771,-4.28331007637927));
#2080=CARTESIAN_POINT('Ctrl Pts',(-1.50095696367047,18.4349803878418,-4.24624989051827));
#2081=CARTESIAN_POINT('Ctrl Pts',(-1.52224740664721,18.9264634582065,-4.20918970465727));
#2082=CARTESIAN_POINT('Ctrl Pts',(-1.27878676746998,19.4294152202377,-4.17212951879627));
#2083=CARTESIAN_POINT('Ctrl Pts',(-0.880088849035369,19.717597213607,-4.13506933293527));
#2084=CARTESIAN_POINT('Ctrl Pts',(-0.481390930600761,20.0057792069763,-4.09800914707427));
#2085=CARTESIAN_POINT('Ctrl Pts',(0.072544267091224,20.0791914316838,-4.06094896121328));
#2086=CARTESIAN_POINT('Ctrl Pts',(0.5325448435517,19.90481149861,-4.02388877535228));
#2087=CARTESIAN_POINT('Ctrl Pts',(0.992545420012176,19.7304315655362,-3.98682858949128));
#2088=CARTESIAN_POINT('Ctrl Pts',(1.35861137524114,19.3082594746811,-3.94976840363028));
#2089=CARTESIAN_POINT('Ctrl Pts',(1.46607841298732,18.8281972629282,-3.91270821776928));
#2090=CARTESIAN_POINT('Ctrl Pts',(1.49002801847036,18.721212825468,-3.90444915667377));
#2091=CARTESIAN_POINT('Ctrl Pts',(1.50113443494208,18.6113533034103,-3.89619009557827));
#2092=CARTESIAN_POINT('Ctrl Pts',(1.50015009125311,18.5012969593362,-3.88793103448276));
#2093=CARTESIAN_POINT('Ctrl Pts',(1.50174052792644,18.4990646525852,-3.68103448275861));
#2094=CARTESIAN_POINT('Ctrl Pts',(1.49851253655281,18.9415357197251,-3.71433087937617));
#2095=CARTESIAN_POINT('Ctrl Pts',(1.05741629832592,19.887509295135,-3.78509542829153));
#2096=CARTESIAN_POINT('Ctrl Pts',(-0.551515890720553,20.1859277167344,-3.89332812950467));
#2097=CARTESIAN_POINT('Ctrl Pts',(-1.71624025748164,18.9483764241332,-4.00573258639804));
#2098=CARTESIAN_POINT('Ctrl Pts',(-1.30566943683516,17.2992713222247,-4.1181370432914));
#2099=CARTESIAN_POINT('Ctrl Pts',(0.303343598791281,16.7522858643252,-4.23054150018477));
#2100=CARTESIAN_POINT('Ctrl Pts',(1.36790057562009,17.5981179639704,-4.32047283058189));
#2101=CARTESIAN_POINT('Ctrl Pts',(1.49887034239507,18.2986554371829,-4.37293600868121));
#2102=CARTESIAN_POINT('Ctrl Pts',(1.49792835749665,18.4992202690772,-4.38793103448275));
#2103=CARTESIAN_POINT('Origin',(0.,18.5,-13.));
#2104=CARTESIAN_POINT('',(1.49764825382065,18.4999478816185,-5.30172413793103));
#2105=CARTESIAN_POINT('',(1.49888182987954,18.5012568904135,-5.09482758620689));
#2106=CARTESIAN_POINT('',(1.5,18.5,-13.));
#2107=CARTESIAN_POINT('Ctrl Pts',(1.49764825382065,18.4999478816185,-5.30172413793103));
#2108=CARTESIAN_POINT('Ctrl Pts',(1.4977254842312,18.2552836848892,-5.28344106154243));
#2109=CARTESIAN_POINT('Ctrl Pts',(1.44102012482646,18.0106532172496,-5.26515798515383));
#2110=CARTESIAN_POINT('Ctrl Pts',(1.32733339542118,17.7962348302156,-5.24687490876522));
#2111=CARTESIAN_POINT('Ctrl Pts',(1.09688796970964,17.361604185646,-5.20981472290422));
#2112=CARTESIAN_POINT('Ctrl Pts',(0.632316608761641,17.0511094056084,-5.17275453704323));
#2113=CARTESIAN_POINT('Ctrl Pts',(0.142593447664235,17.0044176834807,-5.13569435118223));
#2114=CARTESIAN_POINT('Ctrl Pts',(-0.347129713433167,16.9577259613531,-5.09863416532123));
#2115=CARTESIAN_POINT('Ctrl Pts',(-0.862004674679975,17.1748372971353,-5.06157397946023));
#2116=CARTESIAN_POINT('Ctrl Pts',(-1.17042966560686,17.5580903680978,-5.02451379359923));
#2117=CARTESIAN_POINT('Ctrl Pts',(-1.47885465653375,17.9413434390603,-4.98745360773823));
#2118=CARTESIAN_POINT('Ctrl Pts',(-1.58082967714072,18.490738245203,-4.95039342187724));
#2119=CARTESIAN_POINT('Ctrl Pts',(-1.43048418196859,18.959145251461,-4.91333323601624));
#2120=CARTESIAN_POINT('Ctrl Pts',(-1.28013868679646,19.4275522577189,-4.87627305015524));
#2121=CARTESIAN_POINT('Ctrl Pts',(-0.877472675845243,19.8149714640921,-4.83921286429424));
#2122=CARTESIAN_POINT('Ctrl Pts',(-0.40361393364947,19.9471334248662,-4.80215267843324));
#2123=CARTESIAN_POINT('Ctrl Pts',(0.0702448085463063,20.0792953856403,-4.76509249257225));
#2124=CARTESIAN_POINT('Ctrl Pts',(0.615296281986637,19.9562001008153,-4.72803230671124));
#2125=CARTESIAN_POINT('Ctrl Pts',(0.986364675554938,19.633218462444,-4.69097212085025));
#2126=CARTESIAN_POINT('Ctrl Pts',(1.30724989861966,19.3539167572302,-4.6589239426358));
#2127=CARTESIAN_POINT('Ctrl Pts',(1.49802876296629,18.9251379555282,-4.62687576442135));
#2128=CARTESIAN_POINT('Ctrl Pts',(1.5013713100736,18.4989786277513,-4.5948275862069));
#2129=CARTESIAN_POINT('Ctrl Pts',(1.49792835749665,18.4992202690772,-4.38793103448275));
#2130=CARTESIAN_POINT('Ctrl Pts',(1.49651659962041,18.7998078704268,-4.410404160979));
#2131=CARTESIAN_POINT('Ctrl Pts',(1.26284414746117,19.6035680991599,-4.47034543977304));
#2132=CARTESIAN_POINT('Ctrl Pts',(-0.0488656741729737,20.2731706584763,
-4.56775487086487));
#2133=CARTESIAN_POINT('Ctrl Pts',(-1.51764504106606,19.4183003688213,-4.68015932775823));
#2134=CARTESIAN_POINT('Ctrl Pts',(-1.59341494097573,17.7205445080746,-4.7925637846516));
#2135=CARTESIAN_POINT('Ctrl Pts',(-0.206628025916132,16.7382318833115,-4.90496824154496));
#2136=CARTESIAN_POINT('Ctrl Pts',(1.20643126517035,17.3072141831351,-5.0057228420634));
#2137=CARTESIAN_POINT('Ctrl Pts',(1.49615856795972,18.1564780174939,-5.06900929028403));
#2138=CARTESIAN_POINT('Ctrl Pts',(1.49888182987954,18.5012568904135,-5.09482758620688));
#2139=CARTESIAN_POINT('Origin',(0.,18.5,-13.));
#2140=CARTESIAN_POINT('',(1.50119925050469,18.5010874843732,-6.00862068965518));
#2141=CARTESIAN_POINT('',(1.50244804628263,18.5002054079724,-5.80172413793103));
#2142=CARTESIAN_POINT('',(1.5,18.5,-13.));
#2143=CARTESIAN_POINT('Ctrl Pts',(1.50119925050469,18.5010874843732,-6.00862068965518));
#2144=CARTESIAN_POINT('Ctrl Pts',(1.49776060811612,18.0813718957965,-5.97706654452452));
#2145=CARTESIAN_POINT('Ctrl Pts',(1.31349581591183,17.6590075851796,-5.94551239939385));
#2146=CARTESIAN_POINT('Ctrl Pts',(1.00120711500706,17.379873368917,-5.91395825426319));
#2147=CARTESIAN_POINT('Ctrl Pts',(0.634425595498381,17.0520316260329,-5.87689806840219));
#2148=CARTESIAN_POINT('Ctrl Pts',(0.0910429650893353,16.9217669922536,-5.8398378825412));
#2149=CARTESIAN_POINT('Ctrl Pts',(-0.38451564639828,17.047675286144,-5.8027776966802));
#2150=CARTESIAN_POINT('Ctrl Pts',(-0.860074257885891,17.1735835800343,-5.7657175108192));
#2151=CARTESIAN_POINT('Ctrl Pts',(-1.26780885045207,17.5556648015943,-5.7286573249582));
#2152=CARTESIAN_POINT('Ctrl Pts',(-1.42431168313573,18.0220506448533,-5.6915971390972));
#2153=CARTESIAN_POINT('Ctrl Pts',(-1.58081451581939,18.4884364881123,-5.6545369532362));
#2154=CARTESIAN_POINT('Ctrl Pts',(-1.48608558862052,19.0391269530703,-5.61747676737521));
#2155=CARTESIAN_POINT('Ctrl Pts',(-1.18273599919427,19.4264096896147,-5.58041658151421));
#2156=CARTESIAN_POINT('Ctrl Pts',(-0.879386409768017,19.8136924261591,-5.54335639565321));
#2157=CARTESIAN_POINT('Ctrl Pts',(-0.367416158114385,20.0375674342899,-5.50629620979221));
#2158=CARTESIAN_POINT('Ctrl Pts',(0.12287958580304,19.9973309467833,-5.46923602393121));
#2159=CARTESIAN_POINT('Ctrl Pts',(0.613175329720468,19.9570944592766,-5.43217583807021));
#2160=CARTESIAN_POINT('Ctrl Pts',(1.08179656590169,19.6527464761325,-5.39511565220922));
#2161=CARTESIAN_POINT('Ctrl Pts',(1.31794743875475,19.2211892300097,-5.35805546634822));
#2162=CARTESIAN_POINT('Ctrl Pts',(1.43759688703855,19.0025341567608,-5.33927835687582));
#2163=CARTESIAN_POINT('Ctrl Pts',(1.49756893654151,18.7512232309261,-5.32050124740343));
#2164=CARTESIAN_POINT('Ctrl Pts',(1.49764825382065,18.4999478816185,-5.30172413793103));
#2165=CARTESIAN_POINT('Ctrl Pts',(1.49888182987954,18.5012568904135,-5.09482758620688));
#2166=CARTESIAN_POINT('Ctrl Pts',(1.500110633296,18.6568296812216,-5.10647744258182));
#2167=CARTESIAN_POINT('Ctrl Pts',(1.40616512900581,19.3113066319551,-5.15559545125454));
#2168=CARTESIAN_POINT('Ctrl Pts',(0.457826529864984,20.2137435358326,-5.24218161222507));
#2169=CARTESIAN_POINT('Ctrl Pts',(-1.19351588529851,19.812265929449,-5.35458606911842));
#2170=CARTESIAN_POINT('Ctrl Pts',(-1.74935910125476,18.2062913468932,-5.4669905260118));
#2171=CARTESIAN_POINT('Ctrl Pts',(-0.699508150795033,16.8699047926501,-5.57939498290516));
#2172=CARTESIAN_POINT('Ctrl Pts',(0.979962535391374,17.0285675790194,-5.6909728535449));
#2173=CARTESIAN_POINT('Ctrl Pts',(1.50151631104498,18.0138881019958,-5.76508257188686));
#2174=CARTESIAN_POINT('Ctrl Pts',(1.50244804628263,18.5002054079724,-5.80172413793103));
#2175=CARTESIAN_POINT('Origin',(0.,18.5,-13.));
#2176=CARTESIAN_POINT('',(1.5003438311211,18.4987200746657,-6.71551724137931));
#2177=CARTESIAN_POINT('',(1.49949731794289,18.4986345617667,-6.50862068965516));
#2178=CARTESIAN_POINT('',(1.5,18.5,-13.));
#2179=CARTESIAN_POINT('Ctrl Pts',(1.5003438311211,18.4987200746657,-6.71551724137931));
#2180=CARTESIAN_POINT('Ctrl Pts',(1.50126950951127,18.3952813486339,-6.70775221336759));
#2181=CARTESIAN_POINT('Ctrl Pts',(1.49146462320094,18.2920168753277,-6.69998718535587));
#2182=CARTESIAN_POINT('Ctrl Pts',(1.47027458519387,18.1911440450083,-6.69222215734415));
#2183=CARTESIAN_POINT('Ctrl Pts',(1.36914079072996,17.7097078113819,-6.65516197148316));
#2184=CARTESIAN_POINT('Ctrl Pts',(1.00866792328061,17.2827501206501,-6.61810178562216));
#2185=CARTESIAN_POINT('Ctrl Pts',(0.551004388944486,17.1023256744987,-6.58104159976116));
#2186=CARTESIAN_POINT('Ctrl Pts',(0.0933408546083656,16.9219012283473,-6.54398141390017));
#2187=CARTESIAN_POINT('Ctrl Pts',(-0.461513346614523,16.9880100267762,-6.50692122803917));
#2188=CARTESIAN_POINT('Ctrl Pts',(-0.863972926978606,17.2709149182214,-6.46986104217817));
#2189=CARTESIAN_POINT('Ctrl Pts',(-1.26643250734269,17.5538198096665,-6.43280085631717));
#2190=CARTESIAN_POINT('Ctrl Pts',(-1.51649746684797,18.0535207941279,-6.39574067045617));
#2191=CARTESIAN_POINT('Ctrl Pts',(-1.50168323795374,18.5452416804575,-6.35868048459517));
#2192=CARTESIAN_POINT('Ctrl Pts',(-1.48686900905951,19.0369625667871,-6.32162029873417));
#2193=CARTESIAN_POINT('Ctrl Pts',(-1.20717559176578,19.5207033549849,-6.28456011287318));
#2194=CARTESIAN_POINT('Ctrl Pts',(-0.788415067663597,19.7788670915631,-6.24749992701218));
#2195=CARTESIAN_POINT('Ctrl Pts',(-0.369654543561407,20.0370308281413,-6.21043974115118));
#2196=CARTESIAN_POINT('Ctrl Pts',(0.188173087349239,20.0696175130999,-6.17337955529018));
#2197=CARTESIAN_POINT('Ctrl Pts',(0.634145025049972,19.8619689585326,-6.13631936942918));
#2198=CARTESIAN_POINT('Ctrl Pts',(1.0801169627507,19.6543204039654,-6.09925918356818));
#2199=CARTESIAN_POINT('Ctrl Pts',(1.41423320724152,19.2064366098723,-6.06219899770719));
#2200=CARTESIAN_POINT('Ctrl Pts',(1.48620112518278,18.7197852868312,-6.02513881184619));
#2201=CARTESIAN_POINT('Ctrl Pts',(1.49689341606735,18.6474833826749,-6.01963277111585));
#2202=CARTESIAN_POINT('Ctrl Pts',(1.50179927642744,18.5743257583398,-6.01412673038551));
#2203=CARTESIAN_POINT('Ctrl Pts',(1.50119925050469,18.5010874843732,-6.00862068965518));
#2204=CARTESIAN_POINT('Ctrl Pts',(1.50244804628263,18.5002054079724,-5.80172413793103));
#2205=CARTESIAN_POINT('Ctrl Pts',(1.50246906502235,18.5111760962758,-5.80255072418465));
#2206=CARTESIAN_POINT('Ctrl Pts',(1.49738517420119,19.0194147849083,-5.84084546273606));
#2207=CARTESIAN_POINT('Ctrl Pts',(0.926649030179929,20.0125619368872,-5.91660835358526));
#2208=CARTESIAN_POINT('Ctrl Pts',(-0.770663545012345,20.0976857445825,-6.02901281047862));
#2209=CARTESIAN_POINT('Ctrl Pts',(-1.76060279839291,18.716332670543,-6.14141726737199));
#2210=CARTESIAN_POINT('Ctrl Pts',(-1.13452756925349,17.136413100438,-6.25382172426535));
#2211=CARTESIAN_POINT('Ctrl Pts',(0.532902918667458,16.8080967766067,-6.36622618115873));
#2212=CARTESIAN_POINT('Ctrl Pts',(1.4232221448934,17.7334371009531,-6.45115916962199));
#2213=CARTESIAN_POINT('Ctrl Pts',(1.50067858360825,18.3652770703983,-6.49862400578747));
#2214=CARTESIAN_POINT('Ctrl Pts',(1.49949731794289,18.4986345617667,-6.50862068965516));
#2215=CARTESIAN_POINT('Origin',(0.,18.5,-13.));
#2216=CARTESIAN_POINT('',(1.49782350309078,18.500514961549,-7.42241379310345));
#2217=CARTESIAN_POINT('',(1.49765464816328,18.5004530022683,-7.2155172413793));
#2218=CARTESIAN_POINT('',(1.5,18.5,-13.));
#2219=CARTESIAN_POINT('Ctrl Pts',(1.49782350309078,18.500514961549,-7.42241379310345));
#2220=CARTESIAN_POINT('Ctrl Pts',(1.49693942977436,18.2190923198117,-7.40137769634968));
#2221=CARTESIAN_POINT('Ctrl Pts',(1.42068897029829,17.9372250862729,-7.38034159959591));
#2222=CARTESIAN_POINT('Ctrl Pts',(1.27214154472097,17.7007783492829,-7.35930550284213));
#2223=CARTESIAN_POINT('Ctrl Pts',(1.01043923057466,17.2842200817658,-7.32224531698114));
#2224=CARTESIAN_POINT('Ctrl Pts',(0.524346171917666,17.0086350747638,-7.28518513112013));
#2225=CARTESIAN_POINT('Ctrl Pts',(0.0325174237085204,16.9979873589375,-7.24812494525913));
#2226=CARTESIAN_POINT('Ctrl Pts',(-0.459311324500628,16.9873396431113,-7.21106475939813));
#2227=CARTESIAN_POINT('Ctrl Pts',(-0.956875762261928,17.2416292184609,-7.17400457353714));
#2228=CARTESIAN_POINT('Ctrl Pts',(-1.2363607627835,17.6464711949304,-7.13694438767614));
#2229=CARTESIAN_POINT('Ctrl Pts',(-1.51584576330508,18.0513131713998,-7.09988420181514));
#2230=CARTESIAN_POINT('Ctrl Pts',(-1.57725132658692,18.606707548989,-7.06282401595414));
#2231=CARTESIAN_POINT('Ctrl Pts',(-1.39295591685846,19.0628260570417,-7.02576383009314));
#2232=CARTESIAN_POINT('Ctrl Pts',(-1.20866050712999,19.5189445650944,-6.98870364423214));
#2233=CARTESIAN_POINT('Ctrl Pts',(-0.778664124391212,19.8757872036104,-6.95164345837115));
#2234=CARTESIAN_POINT('Ctrl Pts',(-0.296388338977298,19.9728385211268,-6.91458327251015));
#2235=CARTESIAN_POINT('Ctrl Pts',(0.185887446436616,20.0698898386432,-6.87752308664916));
#2236=CARTESIAN_POINT('Ctrl Pts',(0.720442634525661,19.9071498351599,-6.84046290078815));
#2237=CARTESIAN_POINT('Ctrl Pts',(1.06682286783095,19.5578224451578,-6.80340271492715));
#2238=CARTESIAN_POINT('Ctrl Pts',(1.34062785220444,19.2816878065034,-6.77410755707787));
#2239=CARTESIAN_POINT('Ctrl Pts',(1.49685151988711,18.8889638448438,-6.74481239922859));
#2240=CARTESIAN_POINT('Ctrl Pts',(1.5003438311211,18.4987200746657,-6.71551724137931));
#2241=CARTESIAN_POINT('Ctrl Pts',(1.49949731794289,18.4986345617667,-6.50862068965516));
#2242=CARTESIAN_POINT('Ctrl Pts',(1.49625113122108,18.8651087008444,-6.53609215808526));
#2243=CARTESIAN_POINT('Ctrl Pts',(1.17626988214538,19.7364870009977,-6.60103177881315));
#2244=CARTESIAN_POINT('Ctrl Pts',(-0.284064789365271,20.2509509511964,-6.70343955183883));
#2245=CARTESIAN_POINT('Ctrl Pts',(-1.62621599568544,19.2084797621877,-6.81584400873218));
#2246=CARTESIAN_POINT('Ctrl Pts',(-1.47570309677401,17.5157122330193,-6.92824846562555));
#2247=CARTESIAN_POINT('Ctrl Pts',(0.0293217786417051,16.7263985026658,-7.04065292251892));
#2248=CARTESIAN_POINT('Ctrl Pts',(1.288510206798,17.4408208600093,-7.1364091811035));
#2249=CARTESIAN_POINT('Ctrl Pts',(1.49690274226201,18.221850099175,-7.1946972873903));
#2250=CARTESIAN_POINT('Ctrl Pts',(1.49765464816328,18.5004530022683,-7.2155172413793));
#2251=CARTESIAN_POINT('Origin',(0.,18.5,-13.));
#2252=CARTESIAN_POINT('',(1.50202602504922,18.5006246255866,-8.12931034482759));
#2253=CARTESIAN_POINT('',(1.50116327469313,18.5011845598842,-7.92241379310344));
#2254=CARTESIAN_POINT('',(1.5,18.5,-13.));
#2255=CARTESIAN_POINT('Ctrl Pts',(1.50202602504922,18.5006246255866,-8.12931034482759));
#2256=CARTESIAN_POINT('Ctrl Pts',(1.49960307150124,18.0449501892358,-8.09500317933176));
#2257=CARTESIAN_POINT('Ctrl Pts',(1.27723566861233,17.5872254121042,-8.06069601383593));
#2258=CARTESIAN_POINT('Ctrl Pts',(0.91635600633507,17.3094576750289,-8.0263888483401));
#2259=CARTESIAN_POINT('Ctrl Pts',(0.526517115125152,17.009400126892,-7.9893286624791));
#2260=CARTESIAN_POINT('Ctrl Pts',(-0.0249561496604134,16.9193401888473,
-7.9522684766181));
#2261=CARTESIAN_POINT('Ctrl Pts',(-0.489999322759369,17.0797887419542,-7.9152082907571));
#2262=CARTESIAN_POINT('Ctrl Pts',(-0.955042495858325,17.240237295061,-7.8781481048961));
#2263=CARTESIAN_POINT('Ctrl Pts',(-1.33365557727066,17.6511943393193,-7.8410879190351));
#2264=CARTESIAN_POINT('Ctrl Pts',(-1.45553030207778,18.127802608872,-7.80402773317411));
#2265=CARTESIAN_POINT('Ctrl Pts',(-1.57740502688489,18.6044108784246,-7.76696754731311));
#2266=CARTESIAN_POINT('Ctrl Pts',(-1.44254139508677,19.1466703732716,-7.72990736145211));
#2267=CARTESIAN_POINT('Ctrl Pts',(-1.11160395425774,19.5106611725386,-7.69284717559112));
#2268=CARTESIAN_POINT('Ctrl Pts',(-0.780666513428709,19.8746519718056,-7.65578698973012));
#2269=CARTESIAN_POINT('Ctrl Pts',(-0.253655263568777,20.0603740754926,-7.61872680386912));
#2270=CARTESIAN_POINT('Ctrl Pts',(0.232368863335757,19.9842857096169,-7.58166661800812));
#2271=CARTESIAN_POINT('Ctrl Pts',(0.718392990240297,19.9081973437413,-7.54460643214712));
#2272=CARTESIAN_POINT('Ctrl Pts',(1.16342999418943,19.5702985083028,-7.50754624628612));
#2273=CARTESIAN_POINT('Ctrl Pts',(1.36729271134618,19.1225833265675,-7.47048606042512));
#2274=CARTESIAN_POINT('Ctrl Pts',(1.45543890569105,18.929000164473,-7.45446197131789));
#2275=CARTESIAN_POINT('Ctrl Pts',(1.4984969393164,18.714886550574,-7.43843788221067));
#2276=CARTESIAN_POINT('Ctrl Pts',(1.49782350309078,18.500514961549,-7.42241379310345));
#2277=CARTESIAN_POINT('Ctrl Pts',(1.49765464816328,18.5004530022683,-7.2155172413793));
#2278=CARTESIAN_POINT('Ctrl Pts',(1.49825589245808,18.7232314187119,-7.23216543968809));
#2279=CARTESIAN_POINT('Ctrl Pts',(1.34706314363064,19.446615337868,-7.28628179029466));
#2280=CARTESIAN_POINT('Ctrl Pts',(0.2260307466387,20.2593840227737,-7.37786629319902));
#2281=CARTESIAN_POINT('Ctrl Pts',(-1.35731466843482,19.6420240491782,-7.49027075009238));
#2282=CARTESIAN_POINT('Ctrl Pts',(-1.69481396567308,17.9764279801659,-7.60267520698575));
#2283=CARTESIAN_POINT('Ctrl Pts',(-0.476684749542325,16.7914059325496,-7.71507966387912));
#2284=CARTESIAN_POINT('Ctrl Pts',(1.09318325851321,17.1548001093856,-7.82165919258501));
#2285=CARTESIAN_POINT('Ctrl Pts',(1.49752159356346,18.0802601119889,-7.89077056899312));
#2286=CARTESIAN_POINT('Ctrl Pts',(1.50116327469313,18.5011845598842,-7.92241379310344));
#2287=CARTESIAN_POINT('Origin',(0.,18.5,-13.));
#2288=CARTESIAN_POINT('',(1.49928750517486,18.4987395857374,-8.83620689655173));
#2289=CARTESIAN_POINT('',(1.50146450955097,18.498928571513,-8.62931034482758));
#2290=CARTESIAN_POINT('',(1.5,18.5,-13.));
#2291=CARTESIAN_POINT('Ctrl Pts',(1.49928750517486,18.4987395857374,-8.83620689655173));
#2292=CARTESIAN_POINT('Ctrl Pts',(1.50044470141014,18.3583749435061,-8.82568884817484));
#2293=CARTESIAN_POINT('Ctrl Pts',(1.48230900175546,18.21830339429,-8.81517079979795));
#2294=CARTESIAN_POINT('Ctrl Pts',(1.44366211207585,18.0841402340083,-8.80465275142107));
#2295=CARTESIAN_POINT('Ctrl Pts',(1.30749037534731,17.6114183489612,-8.76759256556007));
#2296=CARTESIAN_POINT('Ctrl Pts',(0.916673308465111,17.2120487973994,-8.73053237969907));
#2297=CARTESIAN_POINT('Ctrl Pts',(0.447009281914171,17.0656770852942,-8.69347219383807));
#2298=CARTESIAN_POINT('Ctrl Pts',(-0.0226547446367827,16.9193053731891,
-8.65641200797707));
#2299=CARTESIAN_POINT('Ctrl Pts',(-0.57116573085648,17.0259315005406,-8.61935182211607));
#2300=CARTESIAN_POINT('Ctrl Pts',(-0.951791958966528,17.3375924751235,-8.58229163625507));
#2301=CARTESIAN_POINT('Ctrl Pts',(-1.33241818707656,17.6492534497063,-8.54523145039408));
#2302=CARTESIAN_POINT('Ctrl Pts',(-1.54515965707696,18.1659492715203,-8.50817126453308));
#2303=CARTESIAN_POINT('Ctrl Pts',(-1.49432057260131,18.6552592528661,-8.47111107867208));
#2304=CARTESIAN_POINT('Ctrl Pts',(-1.44348148812567,19.1445692342119,-8.43405089281108));
#2305=CARTESIAN_POINT('Ctrl Pts',(-1.12906184917398,19.6064933750894,-8.39699070695008));
#2306=CARTESIAN_POINT('Ctrl Pts',(-0.692494403387816,19.8332482415969,-8.35993052108908));
#2307=CARTESIAN_POINT('Ctrl Pts',(-0.255926957601655,20.0600031081043,-8.32287033522808));
#2308=CARTESIAN_POINT('Ctrl Pts',(0.302788295018978,20.0515887002417,-8.28581014936709));
#2309=CARTESIAN_POINT('Ctrl Pts',(0.732329318858278,19.8117900375178,-8.24874996350609));
#2310=CARTESIAN_POINT('Ctrl Pts',(1.16187034269758,19.5719913747939,-8.21168977764509));
#2311=CARTESIAN_POINT('Ctrl Pts',(1.46223713775555,19.1008084572087,-8.17462959178409));
#2312=CARTESIAN_POINT('Ctrl Pts',(1.4983182764674,18.6101894193016,-8.13756940592309));
#2313=CARTESIAN_POINT('Ctrl Pts',(1.50099856819731,18.5737437250473,-8.13481638555792));
#2314=CARTESIAN_POINT('Ctrl Pts',(1.50222045791376,18.5371907768565,-8.13206336519275));
#2315=CARTESIAN_POINT('Ctrl Pts',(1.50202602504922,18.5006246255866,-8.12931034482759));
#2316=CARTESIAN_POINT('Ctrl Pts',(1.50116327469313,18.5011845598842,-7.92241379310344));
#2317=CARTESIAN_POINT('Ctrl Pts',(1.50183364036093,18.5786689108084,-7.92823872129091));
#2318=CARTESIAN_POINT('Ctrl Pts',(1.46110769948551,19.1538555650982,-7.97153180177617));
#2319=CARTESIAN_POINT('Ctrl Pts',(0.717429861525081,20.1222874066297,-8.05229303455922));
#2320=CARTESIAN_POINT('Ctrl Pts',(-0.976141331170272,19.9811043652289,-8.16469749145258));
#2321=CARTESIAN_POINT('Ctrl Pts',(-1.77373614323839,18.4804516512047,-8.27710194834595));
#2322=CARTESIAN_POINT('Ctrl Pts',(-0.943261689397344,16.9977418971847,-8.38950640523932));
#2323=CARTESIAN_POINT('Ctrl Pts',(0.753009713751911,16.8939183019055,-8.50191086213268));
#2324=CARTESIAN_POINT('Ctrl Pts',(1.4677721464029,17.868427901689,-8.5818455086621));
#2325=CARTESIAN_POINT('Ctrl Pts',(1.5020010675961,18.4324743583962,-8.62431200289373));
#2326=CARTESIAN_POINT('Ctrl Pts',(1.50146450955097,18.498928571513,-8.62931034482758));
#2327=CARTESIAN_POINT('Origin',(0.,18.5,-13.));
#2328=CARTESIAN_POINT('',(1.49838377997713,18.5009671411784,-9.54310344827587));
#2329=CARTESIAN_POINT('',(1.4977729662373,18.499378157754,-9.33620689655172));
#2330=CARTESIAN_POINT('',(1.5,18.5,-13.));
#2331=CARTESIAN_POINT('Ctrl Pts',(1.49838377997713,18.5009671411784,-9.54310344827587));
#2332=CARTESIAN_POINT('Ctrl Pts',(1.49643235091315,18.1830273280403,-9.51931433115693));
#2333=CARTESIAN_POINT('Ctrl Pts',(1.39724732647989,17.8639800356877,-9.49552521403798));
#2334=CARTESIAN_POINT('Ctrl Pts',(1.21010454429574,17.6096349825409,-9.47173609691904));
#2335=CARTESIAN_POINT('Ctrl Pts',(0.918561724290616,17.2134002296782,-9.43467591105804));
#2336=CARTESIAN_POINT('Ctrl Pts',(0.413550950667088,16.9741937475554,-9.39761572519704));
#2337=CARTESIAN_POINT('Ctrl Pts',(-0.0777375727592308,16.9996436071321,
-9.36055553933604));
#2338=CARTESIAN_POINT('Ctrl Pts',(-0.569026096185549,17.0250934667088,-9.32349535347504));
#2339=CARTESIAN_POINT('Ctrl Pts',(-1.04659236941466,17.315199667985,-9.28643516761404));
#2340=CARTESIAN_POINT('Ctrl Pts',(-1.29563010893258,17.7394517917289,-9.24937498175304));
#2341=CARTESIAN_POINT('Ctrl Pts',(-1.54466784845051,18.1637039154727,-9.21231479589204));
#2342=CARTESIAN_POINT('Ctrl Pts',(-1.56517705425725,18.7221019616841,-9.17525461003105));
#2343=CARTESIAN_POINT('Ctrl Pts',(-1.34792538634607,19.1634740295264,-9.13819442417005));
#2344=CARTESIAN_POINT('Ctrl Pts',(-1.1306737184349,19.6048460973688,-9.10113423830905));
#2345=CARTESIAN_POINT('Ctrl Pts',(-0.675661176805809,19.9291921868421,-9.06407405244805));
#2346=CARTESIAN_POINT('Ctrl Pts',(-0.187565689802784,19.9906106115462,-9.02701386658705));
#2347=CARTESIAN_POINT('Ctrl Pts',(0.300529797200242,20.0520290362502,-8.98995368072606));
#2348=CARTESIAN_POINT('Ctrl Pts',(0.821708229577205,19.850519796185,-8.95289349486506));
#2349=CARTESIAN_POINT('Ctrl Pts',(1.14153424247824,19.4767280668863,-8.91583330900406));
#2350=CARTESIAN_POINT('Ctrl Pts',(1.37059046030871,19.2090221383008,-8.88929117151995));
#2351=CARTESIAN_POINT('Ctrl Pts',(1.49636733781373,18.8529476572838,-8.86274903403584));
#2352=CARTESIAN_POINT('Ctrl Pts',(1.49928750517486,18.4987395857374,-8.83620689655173));
#2353=CARTESIAN_POINT('Ctrl Pts',(1.50146450955097,18.498928571513,-8.62931034482758));
#2354=CARTESIAN_POINT('Ctrl Pts',(1.49797896610372,18.9306228666106,-8.66178015519152));
#2355=CARTESIAN_POINT('Ctrl Pts',(1.07550481036578,19.8664168322728,-8.73171811785326));
#2356=CARTESIAN_POINT('Ctrl Pts',(-0.514225181213749,20.1976732946068,-8.83912423281278));
#2357=CARTESIAN_POINT('Ctrl Pts',(-1.70594155849143,18.9860922024496,-8.95152868970614));
#2358=CARTESIAN_POINT('Ctrl Pts',(-1.33181538678283,17.3283392180423,-9.0639331465995));
#2359=CARTESIAN_POINT('Ctrl Pts',(0.264751175253651,16.7460245551077,-9.17633760349289));
#2360=CARTESIAN_POINT('Ctrl Pts',(1.35764549478044,17.5757466420924,-9.26709552014361));
#2361=CARTESIAN_POINT('Ctrl Pts',(1.4985607555711,18.2877026760298,-9.32038528449656));
#2362=CARTESIAN_POINT('Ctrl Pts',(1.4977729662373,18.499378157754,-9.33620689655172));
#2363=CARTESIAN_POINT('Origin',(0.,18.5,-13.));
#2364=CARTESIAN_POINT('',(1.5,18.5,-10.25));
#2365=CARTESIAN_POINT('',(1.49916339380827,18.501303799341,-10.0431034482759));
#2366=CARTESIAN_POINT('',(1.5,18.5,-13.));
#2367=CARTESIAN_POINT('Ctrl Pts',(1.5,18.5,-10.25));
#2368=CARTESIAN_POINT('Ctrl Pts',(1.5,18.0058908943991,-10.212939814139));
#2369=CARTESIAN_POINT('Ctrl Pts',(1.23700125206524,17.5158844819048,-10.175879628278));
#2370=CARTESIAN_POINT('Ctrl Pts',(0.826802509582151,17.2457707845095,-10.138819442417));
#2371=CARTESIAN_POINT('Ctrl Pts',(0.416603767099058,16.9756570871141,-10.101759256556));
#2372=CARTESIAN_POINT('Ctrl Pts',(-0.140794969932373,16.9254361048176,-10.064699070695));
#2373=CARTESIAN_POINT('Ctrl Pts',(-0.593024358888383,17.1193476343226,-10.027638884834));
#2374=CARTESIAN_POINT('Ctrl Pts',(-1.04525374784439,17.3132591638275,-9.99057869897302));
#2375=CARTESIAN_POINT('Ctrl Pts',(-1.39231378872499,17.7513032051338,-9.95351851311201));
#2376=CARTESIAN_POINT('Ctrl Pts',(-1.4788081299609,18.2356697984129,-9.91645832725101));
#2377=CARTESIAN_POINT('Ctrl Pts',(-1.56530247119681,18.720036391692,-9.87939814139001));
#2378=CARTESIAN_POINT('Ctrl Pts',(-1.39123111278805,19.2507255369438,-9.84233795552902));
#2379=CARTESIAN_POINT('Ctrl Pts',(-1.0345368968348,19.5894110089906,-9.80527776966802));
#2380=CARTESIAN_POINT('Ctrl Pts',(-0.67784268088154,19.9280964810373,-9.76821758380703));
#2381=CARTESIAN_POINT('Ctrl Pts',(-0.138525607383792,20.074778279879,-9.73115739794602));
#2382=CARTESIAN_POINT('Ctrl Pts',(0.340633867858467,19.9632751299479,-9.69409721208502));
#2383=CARTESIAN_POINT('Ctrl Pts',(0.819793343100739,19.8517719800167,-9.65703702622402));
#2384=CARTESIAN_POINT('Ctrl Pts',(1.23879522008752,19.4820838813127,-9.61997684036303));
#2385=CARTESIAN_POINT('Ctrl Pts',(1.40925872538755,19.0206083201594,-9.58291665450203));
#2386=CARTESIAN_POINT('Ctrl Pts',(1.47030086115376,18.8553562105825,-9.56964558575998));
#2387=CARTESIAN_POINT('Ctrl Pts',(1.49947241008996,18.6783340058205,-9.55637451701793));
#2388=CARTESIAN_POINT('Ctrl Pts',(1.49838377997713,18.5009671411784,-9.54310344827587));
#2389=CARTESIAN_POINT('Ctrl Pts',(1.4977729662373,18.499378157754,-9.33620689655172));
#2390=CARTESIAN_POINT('Ctrl Pts',(1.49669514221674,18.7889846667208,-9.35785343679435));
#2391=CARTESIAN_POINT('Ctrl Pts',(1.27585580686646,19.5813930616754,-9.41696812933477));
#2392=CARTESIAN_POINT('Ctrl Pts',(-0.00977213879749637,20.2738193198492,
-9.51355097417297));
#2393=CARTESIAN_POINT('Ctrl Pts',(-1.49704190225825,19.451520580338,-9.62595543106634));
#2394=CARTESIAN_POINT('Ctrl Pts',(-1.61019846229769,17.7558605097449,-9.7383598879597));
#2395=CARTESIAN_POINT('Ctrl Pts',(-0.245421669464745,16.7431966136332,-9.85076434485308));
#2396=CARTESIAN_POINT('Ctrl Pts',(1.19156854442727,17.2853544664572,-9.95234553162512));
#2397=CARTESIAN_POINT('Ctrl Pts',(1.49616583157679,18.1456707281174,-10.0164585660994));
#2398=CARTESIAN_POINT('Ctrl Pts',(1.49916339380827,18.501303799341,-10.0431034482759));
#2399=CARTESIAN_POINT('Ctrl Pts',(-2.,18.5,-0.249999999999999));
#2400=CARTESIAN_POINT('Ctrl Pts',(-2.,17.9994407624035,-0.27815797893039));
#2401=CARTESIAN_POINT('Ctrl Pts',(-1.80374132108413,17.5014626712251,-0.30631595786078));
#2402=CARTESIAN_POINT('Ctrl Pts',(-1.4622336289415,17.1354953959797,-0.334473936791171));
#2403=CARTESIAN_POINT('Ctrl Pts',(-1.83333333333333,18.5,-0.333333333333332));
#2404=CARTESIAN_POINT('Ctrl Pts',(-1.83333333333333,18.0411540322032,-0.361491312263723));
#2405=CARTESIAN_POINT('Ctrl Pts',(-1.65342954432712,17.5846741152897,-0.389649291194113));
#2406=CARTESIAN_POINT('Ctrl Pts',(-1.3403808265297,17.2492041129814,-0.417807270124504));
#2407=CARTESIAN_POINT('Ctrl Pts',(-1.66666666666667,18.5,-0.416666666666666));
#2408=CARTESIAN_POINT('Ctrl Pts',(-1.66666666666667,18.0828673020029,-0.444824645597056));
#2409=CARTESIAN_POINT('Ctrl Pts',(-1.50311776757011,17.6678855593543,-0.472982624527447));
#2410=CARTESIAN_POINT('Ctrl Pts',(-1.21852802411791,17.3629128299831,-0.501140603457837));
#2411=CARTESIAN_POINT('Ctrl Pts',(-1.5,18.5,-0.499999999999999));
#2412=CARTESIAN_POINT('Ctrl Pts',(-1.5,18.1245805718026,-0.52815797893039));
#2413=CARTESIAN_POINT('Ctrl Pts',(-1.3528059908131,17.7510970034189,-0.55631595786078));
#2414=CARTESIAN_POINT('Ctrl Pts',(-1.09667522170612,17.4766215469848,-0.584473936791171));
#2415=CARTESIAN_POINT('',(-1.39882641340708,17.9584423713448,-0.541557628655247));
#2416=CARTESIAN_POINT('',(-1.4622336289415,17.1354953959797,-0.334473936791171));
#2417=CARTESIAN_POINT('Ctrl Pts',(-1.39882641340708,17.9584423713448,-0.541557628655247));
#2418=CARTESIAN_POINT('Ctrl Pts',(-1.4070866284539,17.8023419930694,-0.520221751591521));
#2419=CARTESIAN_POINT('Ctrl Pts',(-1.42017979386078,17.645580374654,-0.484686304917301));
#2420=CARTESIAN_POINT('Ctrl Pts',(-1.4429546925343,17.3752752886343,-0.411156950650731));
#2421=CARTESIAN_POINT('Ctrl Pts',(-1.45324723726494,17.2543500970826,-0.373760119261358));
#2422=CARTESIAN_POINT('Ctrl Pts',(-1.4622336289415,17.1354953959797,-0.33447393679117));
#2423=CARTESIAN_POINT('',(-1.5,18.5,-0.499999999999999));
#2424=CARTESIAN_POINT('Ctrl Pts',(-1.5,18.5,-0.499999999999999));
#2425=CARTESIAN_POINT('Ctrl Pts',(-1.5,18.3153094104569,-0.513852542885082));
#2426=CARTESIAN_POINT('Ctrl Pts',(-1.46437571291859,18.1310873428742,-0.527705085770165));
#2427=CARTESIAN_POINT('Ctrl Pts',(-1.39768223766579,17.9588917037499,-0.541557628655247));
#2428=CARTESIAN_POINT('',(-2.,18.5,-0.249999999999999));
#2429=CARTESIAN_POINT('',(-2.,18.5,-0.249999999999999));
#2430=CARTESIAN_POINT('Ctrl Pts',(-2.,18.5,-0.249999999999999));
#2431=CARTESIAN_POINT('Ctrl Pts',(-2.,17.9994407624035,-0.27815797893039));
#2432=CARTESIAN_POINT('Ctrl Pts',(-1.80374132108413,17.5014626712251,-0.30631595786078));
#2433=CARTESIAN_POINT('Ctrl Pts',(-1.4622336289415,17.1354953959797,-0.334473936791171));
#2434=CARTESIAN_POINT('Ctrl Pts',(1.40894189309541,17.080534346354,-0.514667603294318));
#2435=CARTESIAN_POINT('Ctrl Pts',(1.79554287626451,17.4642691128133,-0.545309388255582));
#2436=CARTESIAN_POINT('Ctrl Pts',(2.23465798057645,18.5624776905309,-0.60659295817811));
#2437=CARTESIAN_POINT('Ctrl Pts',(1.73486826304435,19.6344358955262,-0.667876528100639));
#2438=CARTESIAN_POINT('Ctrl Pts',(1.32743066346877,19.9959705323578,-0.698518313061903));
#2439=CARTESIAN_POINT('Ctrl Pts',(1.29153006867079,17.1988231508245,-0.598000936627651));
#2440=CARTESIAN_POINT('Ctrl Pts',(1.64591430324246,17.5505800200788,-0.628642721588915));
#2441=CARTESIAN_POINT('Ctrl Pts',(2.04843648219508,18.55727121632,-0.689926291511444));
#2442=CARTESIAN_POINT('Ctrl Pts',(1.59029590779066,19.539899570899,-0.751209861433972));
#2443=CARTESIAN_POINT('Ctrl Pts',(1.21681144151304,19.871306321328,-0.781851646395237));
#2444=CARTESIAN_POINT('Ctrl Pts',(1.17411824424618,17.317111955295,-0.681334269960984));
#2445=CARTESIAN_POINT('Ctrl Pts',(1.49628573022042,17.6368909273444,-0.711976054922249));
#2446=CARTESIAN_POINT('Ctrl Pts',(1.86221498381371,18.5520647421091,-0.773259624844777));
#2447=CARTESIAN_POINT('Ctrl Pts',(1.44572355253696,19.4453632462718,-0.834543194767306));
#2448=CARTESIAN_POINT('Ctrl Pts',(1.10619221955731,19.7466421102982,-0.86518497972857));
#2449=CARTESIAN_POINT('Ctrl Pts',(1.05670641982156,17.4354007597655,-0.764667603294318));
#2450=CARTESIAN_POINT('Ctrl Pts',(1.34665715719838,17.7232018346099,-0.795309388255582));
#2451=CARTESIAN_POINT('Ctrl Pts',(1.67599348543234,18.5468582678982,-0.856592958178111));
#2452=CARTESIAN_POINT('Ctrl Pts',(1.30115119728326,19.3508269216446,-0.917876528100639));
#2453=CARTESIAN_POINT('Ctrl Pts',(0.99557299760158,19.6219778992683,-0.948518313061903));
#2454=CARTESIAN_POINT('',(1.17753985371308,19.4281217991707,-0.928547071060555));
#2455=CARTESIAN_POINT('',(1.32743066346878,19.9959705323578,-0.698518313061903));
#2456=CARTESIAN_POINT('Ctrl Pts',(1.17741361843372,19.4280164375121,-0.928547071060555));
#2457=CARTESIAN_POINT('Ctrl Pts',(1.18728645657604,19.4605658018903,-0.916090398329358));
#2458=CARTESIAN_POINT('Ctrl Pts',(1.19693075900169,19.4930357915504,-0.903485052855136));
#2459=CARTESIAN_POINT('Ctrl Pts',(1.20639435357664,19.5255214197852,-0.890717660440379));
#2460=CARTESIAN_POINT('Ctrl Pts',(1.21589683725892,19.5581405424416,-0.87789780249679));
#2461=CARTESIAN_POINT('Ctrl Pts',(1.22521724602784,19.5907757139962,-0.864914563064985));
#2462=CARTESIAN_POINT('Ctrl Pts',(1.23435888631296,19.6235500619453,-0.851754402391705));
#2463=CARTESIAN_POINT('Ctrl Pts',(1.24280923962713,19.6538460275679,-0.839589407501069));
#2464=CARTESIAN_POINT('Ctrl Pts',(1.25110644566129,19.6842613366178,-0.827273237095475));
#2465=CARTESIAN_POINT('Ctrl Pts',(1.25921761380684,19.7149107774279,-0.814795196613781));
#2466=CARTESIAN_POINT('Ctrl Pts',(1.27003498087388,19.7557860552785,-0.798153999964185));
#2467=CARTESIAN_POINT('Ctrl Pts',(1.28044089745544,19.7966333372337,-0.781390140639698));
#2468=CARTESIAN_POINT('Ctrl Pts',(1.29047263200758,19.837497180311,-0.76450505885477));
#2469=CARTESIAN_POINT('Ctrl Pts',(1.30051714622416,19.8784130808067,-0.747598466763909));
#2470=CARTESIAN_POINT('Ctrl Pts',(1.31018669536241,19.9193459023359,-0.730570343159545));
#2471=CARTESIAN_POINT('Ctrl Pts',(1.31947346171389,19.960366367804,-0.713422133767316));
#2472=CARTESIAN_POINT('Ctrl Pts',(1.32215846431258,19.9722262609264,-0.708464219996428));
#2473=CARTESIAN_POINT('Ctrl Pts',(1.32481117240114,19.9840936297274,-0.703496268114528));
#2474=CARTESIAN_POINT('Ctrl Pts',(1.32743066346878,19.9959705323578,-0.698518313061903));
#2475=CARTESIAN_POINT('',(1.27371556486275,17.709647455742,-0.790959351242352));
#2476=CARTESIAN_POINT('Ctrl Pts',(1.2735614641244,17.7097647232096,-0.790959351242352));
#2477=CARTESIAN_POINT('Ctrl Pts',(1.4264503256398,17.9583747698114,-0.812837220220938));
#2478=CARTESIAN_POINT('Ctrl Pts',(1.59755280040365,18.5726646826993,-0.858699793493673));
#2479=CARTESIAN_POINT('Ctrl Pts',(1.37427829440826,19.1759284058211,-0.904562366766407));
#2480=CARTESIAN_POINT('Ctrl Pts',(1.17741361843372,19.4280164375121,-0.928547071060555));
#2481=CARTESIAN_POINT('',(1.40894189309541,17.080534346354,-0.514667603294318));
#2482=CARTESIAN_POINT('Ctrl Pts',(1.40894189309541,17.080534346354,-0.514667603294318));
#2483=CARTESIAN_POINT('Ctrl Pts',(1.40835169444271,17.0841627530682,-0.516283317206974));
#2484=CARTESIAN_POINT('Ctrl Pts',(1.40775831904963,17.0877909464416,-0.517898671068892));
#2485=CARTESIAN_POINT('Ctrl Pts',(1.40716176488692,17.0914189164275,-0.519513656674081));
#2486=CARTESIAN_POINT('Ctrl Pts',(1.39931062109792,17.139165987528,-0.540768196489744));
#2487=CARTESIAN_POINT('Ctrl Pts',(1.39089450830201,17.186868335155,-0.56196159158164));
#2488=CARTESIAN_POINT('Ctrl Pts',(1.38193402437826,17.2345293523551,-0.583075378362319));
#2489=CARTESIAN_POINT('Ctrl Pts',(1.37280503734302,17.2830866414265,-0.604586212757614));
#2490=CARTESIAN_POINT('Ctrl Pts',(1.36311071000024,17.3316013818624,-0.626014416599451));
#2491=CARTESIAN_POINT('Ctrl Pts',(1.3528259566151,17.3800507057825,-0.647340464958814));
#2492=CARTESIAN_POINT('Ctrl Pts',(1.35144331301449,17.3865640508443,-0.650207458768608));
#2493=CARTESIAN_POINT('Ctrl Pts',(1.35004993477431,17.3930761705847,-0.653072606311814));
#2494=CARTESIAN_POINT('Ctrl Pts',(1.34864570303138,17.3995869685205,-0.6559358601491));
#2495=CARTESIAN_POINT('Ctrl Pts',(1.33995049747035,17.4399027687459,-0.673665541032559));
#2496=CARTESIAN_POINT('Ctrl Pts',(1.33084136064497,17.4801070409573,-0.691300403555186));
#2497=CARTESIAN_POINT('Ctrl Pts',(1.32134906858659,17.5202579090217,-0.708835944362686));
#2498=CARTESIAN_POINT('Ctrl Pts',(1.31173111580125,17.5609403017418,-0.726603623919395));
#2499=CARTESIAN_POINT('Ctrl Pts',(1.30171960766795,17.6015681285985,-0.744269334676231));
#2500=CARTESIAN_POINT('Ctrl Pts',(1.29129858130114,17.6421778350626,-0.761828392052095));
#2501=CARTESIAN_POINT('Ctrl Pts',(1.28551601013982,17.6647119415127,-0.771571818009167));
#2502=CARTESIAN_POINT('Ctrl Pts',(1.27960651261965,17.6872400212508,-0.781282404536276));
#2503=CARTESIAN_POINT('Ctrl Pts',(1.2735614641244,17.7097647232096,-0.790959351242352));
#2504=CARTESIAN_POINT('Ctrl Pts',(1.40894189309541,17.080534346354,-0.514667603294318));
#2505=CARTESIAN_POINT('Ctrl Pts',(1.79554287626451,17.4642691128133,-0.545309388255582));
#2506=CARTESIAN_POINT('Ctrl Pts',(2.23465798057645,18.5624776905309,-0.60659295817811));
#2507=CARTESIAN_POINT('Ctrl Pts',(1.73486826304435,19.6344358955262,-0.667876528100639));
#2508=CARTESIAN_POINT('Ctrl Pts',(1.32743066346877,19.9959705323578,-0.698518313061903));
#2509=CARTESIAN_POINT('Ctrl Pts',(-1.23255231726902,20.0750602481159,-0.854877058526419));
#2510=CARTESIAN_POINT('Ctrl Pts',(-1.75654396991301,19.6650142664027,-0.892305624896529));
#2511=CARTESIAN_POINT('Ctrl Pts',(-2.35078392986266,18.284893053137,-0.967162757636749));
#2512=CARTESIAN_POINT('Ctrl Pts',(-1.51593561199012,17.0355396285799,-1.04201989037697));
#2513=CARTESIAN_POINT('Ctrl Pts',(-0.926227042819103,16.7274020576706,-1.07944845674708));
#2514=CARTESIAN_POINT('Ctrl Pts',(-1.12983962416326,19.9438052274395,-0.938210391859752));
#2515=CARTESIAN_POINT('Ctrl Pts',(-1.61016530575359,19.5679297442025,-0.975638958229862));
#2516=CARTESIAN_POINT('Ctrl Pts',(-2.15488526904077,18.3028186320422,-1.05049609097008));
#2517=CARTESIAN_POINT('Ctrl Pts',(-1.38960764432428,17.1575779928649,-1.1253532237103));
#2518=CARTESIAN_POINT('Ctrl Pts',(-0.849041455917511,16.8751185528647,-1.16278179008041));
#2519=CARTESIAN_POINT('Ctrl Pts',(-1.02712693105751,19.8125502067632,-1.02154372519309));
#2520=CARTESIAN_POINT('Ctrl Pts',(-1.46378664159418,19.4708452220023,-1.0589722915632));
#2521=CARTESIAN_POINT('Ctrl Pts',(-1.95898660821889,18.3207442109475,-1.13382942430342));
#2522=CARTESIAN_POINT('Ctrl Pts',(-1.26327967665844,17.2796163571499,-1.20868655704364));
#2523=CARTESIAN_POINT('Ctrl Pts',(-0.771855869015919,17.0228350480588,-1.24611512341375));
#2524=CARTESIAN_POINT('Ctrl Pts',(-0.924414237951762,19.6812951860869,-1.10487705852642));
#2525=CARTESIAN_POINT('Ctrl Pts',(-1.31740797743476,19.373760699802,-1.14230562489653));
#2526=CARTESIAN_POINT('Ctrl Pts',(-1.763087947397,18.3386697898527,-1.21716275763675));
#2527=CARTESIAN_POINT('Ctrl Pts',(-1.13695170899259,17.4016547214349,-1.29201989037697));
#2528=CARTESIAN_POINT('Ctrl Pts',(-0.694670282114327,17.1705515432529,-1.32944845674708));
#2529=CARTESIAN_POINT('',(-1.04975640788485,16.7976453118975,-1.07145297801849));
#2530=CARTESIAN_POINT('Ctrl Pts',(-0.694670282114338,17.1705515432529,-1.32944845674708));
#2531=CARTESIAN_POINT('Ctrl Pts',(-0.717320223219022,17.1581015823189,-1.31761329239963));
#2532=CARTESIAN_POINT('Ctrl Pts',(-0.73903863864996,17.144534945483,-1.30553681109968));
#2533=CARTESIAN_POINT('Ctrl Pts',(-0.759894997849832,17.129936826426,-1.29328286861768));
#2534=CARTESIAN_POINT('Ctrl Pts',(-0.78118189914578,17.1150373554064,-1.2807759654904));
#2535=CARTESIAN_POINT('Ctrl Pts',(-0.801569449187843,17.0990634883573,-1.26808419882236));
#2536=CARTESIAN_POINT('Ctrl Pts',(-0.821122586270671,17.0821596893665,-1.25527546114385));
#2537=CARTESIAN_POINT('Ctrl Pts',(-0.840594361535316,17.0653262281336,-1.24252002141859));
#2538=CARTESIAN_POINT('Ctrl Pts',(-0.85923748869724,17.0475708125729,-1.22964858210486));
#2539=CARTESIAN_POINT('Ctrl Pts',(-0.877126280609703,17.0290860150518,-1.21672819173954));
#2540=CARTESIAN_POINT('Ctrl Pts',(-0.883217262298116,17.0227920985164,-1.21232890857344));
#2541=CARTESIAN_POINT('Ctrl Pts',(-0.88922095442618,17.0164140321937,-1.20792395029335));
#2542=CARTESIAN_POINT('Ctrl Pts',(-0.895140904782521,17.0099606664958,-1.20351596362019));
#2543=CARTESIAN_POINT('Ctrl Pts',(-0.914887528978471,16.9884347786819,-1.1888126551368));
#2544=CARTESIAN_POINT('Ctrl Pts',(-0.933793069684516,16.965951812273,-1.17400078918913));
#2545=CARTESIAN_POINT('Ctrl Pts',(-0.951856670598865,16.9427204703488,-1.15916596269418));
#2546=CARTESIAN_POINT('Ctrl Pts',(-0.969737264310755,16.9197244914022,-1.14448143181906));
#2547=CARTESIAN_POINT('Ctrl Pts',(-0.98679209769668,16.8959954003324,-1.12977440327889));
#2548=CARTESIAN_POINT('Ctrl Pts',(-1.00305140626463,16.8717771827587,-1.11512789864313));
#2549=CARTESIAN_POINT('Ctrl Pts',(-1.01931071483258,16.847558965185,-1.10048139400737));
#2550=CARTESIAN_POINT('Ctrl Pts',(-1.03477388694736,16.822851831088,-1.08589541327601));
#2551=CARTESIAN_POINT('Ctrl Pts',(-1.04951297610561,16.7979387447022,-1.07145297801849));
#2552=CARTESIAN_POINT('',(-1.23255231726902,20.0750602481159,-0.854877058526419));
#2553=CARTESIAN_POINT('Ctrl Pts',(-1.23255231726902,20.0750602481159,-0.854877058526419));
#2554=CARTESIAN_POINT('Ctrl Pts',(-1.23128661182567,20.0715802595871,-0.856701938679206));
#2555=CARTESIAN_POINT('Ctrl Pts',(-1.23001451718558,20.0681026736288,-0.858527280981581));
#2556=CARTESIAN_POINT('Ctrl Pts',(-1.22873601163042,20.0646276651299,-0.86035302645605));
#2557=CARTESIAN_POINT('Ctrl Pts',(-1.2160690057874,20.030198442056,-0.878441902565772));
#2558=CARTESIAN_POINT('Ctrl Pts',(-1.20272487624533,19.9958359261282,-0.896662446058967));
#2559=CARTESIAN_POINT('Ctrl Pts',(-1.1886460950321,19.9617715403931,-0.914941753496458));
#2560=CARTESIAN_POINT('Ctrl Pts',(-1.17450622862653,19.9275593556743,-0.933300371422089));
#2561=CARTESIAN_POINT('Ctrl Pts',(-1.15962548741186,19.8936482088044,-0.95171826432974));
#2562=CARTESIAN_POINT('Ctrl Pts',(-1.14399259618502,19.8602486947169,-0.970121575713929));
#2563=CARTESIAN_POINT('Ctrl Pts',(-1.13842870319821,19.8483614935909,-0.976671487285547));
#2564=CARTESIAN_POINT('Ctrl Pts',(-1.13276995291344,19.836538860128,-0.983219551793667));
#2565=CARTESIAN_POINT('Ctrl Pts',(-1.12701718735416,19.8247894534904,-0.989762439522681));
#2566=CARTESIAN_POINT('Ctrl Pts',(-1.11370927579993,19.7976094714909,-1.00489814604675));
#2567=CARTESIAN_POINT('Ctrl Pts',(-1.0997867630028,19.7705700151087,-1.020142841905));
#2568=CARTESIAN_POINT('Ctrl Pts',(-1.0851893222029,19.743876706337,-1.03543360916115));
#2569=CARTESIAN_POINT('Ctrl Pts',(-1.07049926366375,19.7170140340484,-1.05082139316934));
#2570=CARTESIAN_POINT('Ctrl Pts',(-1.05512590591858,19.6905022344161,-1.06625583505705));
#2571=CARTESIAN_POINT('Ctrl Pts',(-1.03905126670388,19.6645204977798,-1.08167281166952));
#2572=CARTESIAN_POINT('Ctrl Pts',(-1.02819952830405,19.6469806323194,-1.0920805722967));
#2573=CARTESIAN_POINT('Ctrl Pts',(-1.01702909890338,19.6296816957218,-1.1024803733174));
#2574=CARTESIAN_POINT('Ctrl Pts',(-1.00554459852539,19.6126700527663,-1.11285248645605));
#2575=CARTESIAN_POINT('Ctrl Pts',(-1.23255231726902,20.0750602481159,-0.854877058526419));
#2576=CARTESIAN_POINT('Ctrl Pts',(-1.75654396991301,19.6650142664027,-0.892305624896529));
#2577=CARTESIAN_POINT('Ctrl Pts',(-2.32962703723475,18.3340298973254,-0.964497598060553));
#2578=CARTESIAN_POINT('Ctrl Pts',(-1.57357078824665,17.1246675525673,-1.03668957122458));
#2579=CARTESIAN_POINT('Ctrl Pts',(-1.04951297610562,16.7979387447022,-1.07145297801849));
#2580=CARTESIAN_POINT('Ctrl Pts',(0.642741895925119,16.6060932295325,-1.17043007785062));
#2581=CARTESIAN_POINT('Ctrl Pts',(1.27347391523108,16.8201470046343,-1.2078982301484));
#2582=CARTESIAN_POINT('Ctrl Pts',(2.29322262269318,17.9244626655205,-1.28283453474398));
#2583=CARTESIAN_POINT('Ctrl Pts',(1.72391825514628,20.1214815726283,-1.39523899163735));
#2584=CARTESIAN_POINT('Ctrl Pts',(-0.430512896127824,20.8249610063776,-1.50764344853071));
#2585=CARTESIAN_POINT('Ctrl Pts',(-2.18837403733983,19.3969977591056,-1.62004790542408));
#2586=CARTESIAN_POINT('Ctrl Pts',(-1.93830921813081,17.1443760115727,-1.73245236231745));
#2587=CARTESIAN_POINT('Ctrl Pts',(0.0912603632029537,16.1367348481542,-1.84485681921081));
#2588=CARTESIAN_POINT('Ctrl Pts',(2.03686835076632,17.2979215227471,-1.95726127610418));
#2589=CARTESIAN_POINT('Ctrl Pts',(2.11298602579153,19.5626512671598,-2.06966573299755));
#2590=CARTESIAN_POINT('Ctrl Pts',(0.249592537529011,20.8519035975608,-2.18207018989091));
#2591=CARTESIAN_POINT('Ctrl Pts',(-1.84286854658546,19.9824504350281,-2.29447464678428));
#2592=CARTESIAN_POINT('Ctrl Pts',(-2.24381958831086,17.7522663514414,-2.40687910367764));
#2593=CARTESIAN_POINT('Ctrl Pts',(-0.585215862176492,16.2084221370267,-2.51928356057101));
#2594=CARTESIAN_POINT('Ctrl Pts',(1.61053945811117,16.7679545823898,-2.63168801746438));
#2595=CARTESIAN_POINT('Ctrl Pts',(2.32802176176416,18.9172929730361,-2.74409247435774));
#2596=CARTESIAN_POINT('Ctrl Pts',(0.90866849394527,20.6836064336116,-2.85649693125111));
#2597=CARTESIAN_POINT('Ctrl Pts',(-1.34472894995536,20.4456416292346,-2.96890138814447));
#2598=CARTESIAN_POINT('Ctrl Pts',(-2.36383267640223,18.421819200139,-3.08130584503784));
#2599=CARTESIAN_POINT('Ctrl Pts',(-1.21323174577036,16.4697572850019,-3.1937103019312));
#2600=CARTESIAN_POINT('Ctrl Pts',(1.05096501869867,16.3812056383607,-3.30611475882457));
#2601=CARTESIAN_POINT('Ctrl Pts',(2.35050659534138,18.2374438670276,-3.41851921571794));
#2602=CARTESIAN_POINT('Ctrl Pts',(1.49257532354316,20.3346759473631,-3.5309236726113));
#2603=CARTESIAN_POINT('Ctrl Pts',(-0.735354520960738,20.7479036223126,-3.64332812950467));
#2604=CARTESIAN_POINT('Ctrl Pts',(-2.28832034330885,19.0978352321775,-3.75573258639803));
#2605=CARTESIAN_POINT('Ctrl Pts',(-1.74089258244688,16.899028429633,-3.86813704329141));
#2606=CARTESIAN_POINT('Ctrl Pts',(0.404458131721711,16.1697144857669,-3.98054150018476));
#2607=CARTESIAN_POINT('Ctrl Pts',(2.17856656585089,17.57931293329,-4.09294595707814));
#2608=CARTESIAN_POINT('Ctrl Pts',(1.9530217417636,19.8339876432108,-4.2053504139715));
#2609=CARTESIAN_POINT('Ctrl Pts',(-0.0651542322306322,20.8642275446351,
-4.31775487086487));
#2610=CARTESIAN_POINT('Ctrl Pts',(-2.02352672142141,19.7244004917617,-4.43015932775823));
#2611=CARTESIAN_POINT('Ctrl Pts',(-2.1245532546343,17.4607260107662,-4.5425637846516));
#2612=CARTESIAN_POINT('Ctrl Pts',(-0.275504034554844,16.1509758444153,-4.65496824154496));
#2613=CARTESIAN_POINT('Ctrl Pts',(1.82642363730562,16.9973378112076,-4.76737269843833));
#2614=CARTESIAN_POINT('Ctrl Pts',(2.25192147967236,19.2229568492803,-4.8797771553317));
#2615=CARTESIAN_POINT('Ctrl Pts',(0.610435373153313,20.7849913811102,-4.99218161222506));
#2616=CARTESIAN_POINT('Ctrl Pts',(-1.59135451373134,20.249687905932,-5.10458606911843));
#2617=CARTESIAN_POINT('Ctrl Pts',(-2.33247880167301,18.1083884625243,-5.2169905260118));
#2618=CARTESIAN_POINT('Ctrl Pts',(-0.932677534393378,16.3265397235335,-5.32939498290516));
#2619=CARTESIAN_POINT('Ctrl Pts',(1.32320575461033,16.5396573035551,-5.44179943979853));
#2620=CARTESIAN_POINT('Ctrl Pts',(2.36455066803253,18.5521257599063,-5.55420389669189));
#2621=CARTESIAN_POINT('Ctrl Pts',(1.2355320402399,20.5167492491829,-5.66660835358526));
#2622=CARTESIAN_POINT('Ctrl Pts',(-1.02755139334979,20.6302476594433,-5.77901281047863));
#2623=CARTESIAN_POINT('Ctrl Pts',(-2.34747039785721,18.7884435607239,-5.89141726737199));
#2624=CARTESIAN_POINT('Ctrl Pts',(-1.51270342567132,16.6818841339174,-6.00382172426536));
#2625=CARTESIAN_POINT('Ctrl Pts',(0.710537224889945,16.2441290354755,-6.11622618115872));
#2626=CARTESIAN_POINT('Ctrl Pts',(2.28159304032539,17.876983021999,-6.22863063805209));
#2627=CARTESIAN_POINT('Ctrl Pts',(1.7584301030996,20.0816891379323,-6.34103509494545));
#2628=CARTESIAN_POINT('Ctrl Pts',(-0.378753052487029,20.8346012682619,-6.45343955183883));
#2629=CARTESIAN_POINT('Ctrl Pts',(-2.16828799424726,19.4446396829169,-6.56584400873219));
#2630=CARTESIAN_POINT('Ctrl Pts',(-1.96760412903201,17.1876163106924,-6.67824846562555));
#2631=CARTESIAN_POINT('Ctrl Pts',(0.0390957048556056,16.1351980035544,-6.79065292251892));
#2632=CARTESIAN_POINT('Ctrl Pts',(2.00991054224188,17.2533739258622,-6.90305737941228));
#2633=CARTESIAN_POINT('Ctrl Pts',(2.13587738337437,19.5157975978345,-7.01546183630565));
#2634=CARTESIAN_POINT('Ctrl Pts',(0.301374328851598,20.8458453636982,-7.12786629319902));
#2635=CARTESIAN_POINT('Ctrl Pts',(-1.80975289124643,20.0226987322376,-7.24027075009238));
#2636=CARTESIAN_POINT('Ctrl Pts',(-2.25975195423078,17.8019039735545,-7.35267520698575));
#2637=CARTESIAN_POINT('Ctrl Pts',(-0.635579666056432,16.2218745767328,-7.46507966387911));
#2638=CARTESIAN_POINT('Ctrl Pts',(1.571975737029,16.7328810909159,-7.57748412077248));
#2639=CARTESIAN_POINT('Ctrl Pts',(2.3366528494667,18.8658830677133,-7.68988857766585));
#2640=CARTESIAN_POINT('Ctrl Pts',(0.956573148700107,20.6630498755064,-7.80229303455921));
#2641=CARTESIAN_POINT('Ctrl Pts',(-1.30152177489369,20.4748058203052,-7.91469749145258));
#2642=CARTESIAN_POINT('Ctrl Pts',(-2.36498152431785,18.4739355349396,-8.02710194834595));
#2643=CARTESIAN_POINT('Ctrl Pts',(-1.25768225252979,16.4969891962463,-8.13950640523932));
#2644=CARTESIAN_POINT('Ctrl Pts',(1.00401295166921,16.358557735874,-8.25191086213268));
#2645=CARTESIAN_POINT('Ctrl Pts',(2.34414911770317,18.1857040703188,-8.36431531902605));
#2646=CARTESIAN_POINT('Ctrl Pts',(1.53264777557714,20.3013349346433,-8.47671977591941));
#2647=CARTESIAN_POINT('Ctrl Pts',(-0.685633574951663,20.763564392809,-8.58912423281277));
#2648=CARTESIAN_POINT('Ctrl Pts',(-2.27458874465524,19.1481229365995,-8.70152868970615));
#2649=CARTESIAN_POINT('Ctrl Pts',(-1.77575384904376,16.9377856240564,-8.8139331465995));
#2650=CARTESIAN_POINT('Ctrl Pts',(0.353001567004866,16.1613660734769,-8.92633760349289));
#2651=CARTESIAN_POINT('Ctrl Pts',(2.15774686396891,17.5315232858607,-9.03874206038623));
#2652=CARTESIAN_POINT('Ctrl Pts',(1.98194603847885,19.7906186919343,-9.15114651727962));
#2653=CARTESIAN_POINT('Ctrl Pts',(-0.0130295183966616,20.8650924264655,
-9.26355097417297));
#2654=CARTESIAN_POINT('Ctrl Pts',(-1.99605586967766,19.7686941071174,-9.37595543106634));
#2655=CARTESIAN_POINT('Ctrl Pts',(-2.14693128306359,17.5078140129931,-9.4883598879597));
#2656=CARTESIAN_POINT('Ctrl Pts',(-0.327228892619661,16.1575954848443,-9.60076434485308));
#2657=CARTESIAN_POINT('Ctrl Pts',(1.79290259611193,16.9574937197265,-9.71316880174643));
#2658=CARTESIAN_POINT('Ctrl Pts',(2.26723036517924,19.1730654522629,-9.82557325863981));
#2659=CARTESIAN_POINT('Ctrl Pts',(0.660796454070001,20.7711466419804,-9.93797771553316));
#2660=CARTESIAN_POINT('Ctrl Pts',(-1.55269490340868,20.2840191826525,-10.0503821724265));
#2661=CARTESIAN_POINT('Ctrl Pts',(-2.3399840330644,18.1605007217795,-10.1627866293199));
#2662=CARTESIAN_POINT('Ctrl Pts',(-0.981450220428216,16.3464327023236,-10.2751910862133));
#2663=CARTESIAN_POINT('Ctrl Pts',(1.28198215535786,16.5133860531156,-10.3875955431066));
#2664=CARTESIAN_POINT('Ctrl Pts',(2.,17.8339355145235,-10.4625318477022));
#2665=CARTESIAN_POINT('Ctrl Pts',(2.,18.5,-10.5));
#2666=CARTESIAN_POINT('Ctrl Pts',(0.589180071264693,16.7639187937381,-1.25376341118395));
#2667=CARTESIAN_POINT('Ctrl Pts',(1.16735108896183,16.9601347542481,-1.29123156348174));
#2668=CARTESIAN_POINT('Ctrl Pts',(2.10212073746875,17.9724241100605,-1.36616786807732));
#2669=CARTESIAN_POINT('Ctrl Pts',(1.58025840055076,19.9863581082427,-1.47857232497068));
#2670=CARTESIAN_POINT('Ctrl Pts',(-0.394636821450505,20.6312142558461,-1.59097678186405));
#2671=CARTESIAN_POINT('Ctrl Pts',(-2.00600953422818,19.3222479458468,-1.70338123875741));
#2672=CARTESIAN_POINT('Ctrl Pts',(-1.77678344995324,17.257344677275,-1.81578569565078));
#2673=CARTESIAN_POINT('Ctrl Pts',(0.083655332936041,16.333673610808,-1.92819015254415));
#2674=CARTESIAN_POINT('Ctrl Pts',(1.86712932153579,17.3980947291849,-2.04059460943751));
#2675=CARTESIAN_POINT('Ctrl Pts',(1.93690385697557,19.4740969948965,-2.15299906633088));
#2676=CARTESIAN_POINT('Ctrl Pts',(0.228793159401594,20.6559116310974,-2.26540352322424));
#2677=CARTESIAN_POINT('Ctrl Pts',(-1.68929616770334,19.8589128987758,-2.37780798011761));
#2678=CARTESIAN_POINT('Ctrl Pts',(-2.05683462261828,17.8145774888213,-2.49021243701097));
#2679=CARTESIAN_POINT('Ctrl Pts',(-0.536447873661785,16.3993869589412,-2.60261689390434));
#2680=CARTESIAN_POINT('Ctrl Pts',(1.4763278366019,16.912291700524,-2.71502135079771));
#2681=CARTESIAN_POINT('Ctrl Pts',(2.13401994828381,18.8825185586164,-2.82742580769107));
#2682=CARTESIAN_POINT('Ctrl Pts',(0.832946119449832,20.5016392308106,-2.93983026458444));
#2683=CARTESIAN_POINT('Ctrl Pts',(-1.23266820412574,20.2835048267984,-3.05223472147781));
#2684=CARTESIAN_POINT('Ctrl Pts',(-2.16684662003538,18.4283342667941,-3.16463917837117));
#2685=CARTESIAN_POINT('Ctrl Pts',(-1.11212910028949,16.6389441779184,-3.27704363526454));
#2686=CARTESIAN_POINT('Ctrl Pts',(0.963384600473785,16.557771835164,-3.3894480921579));
#2687=CARTESIAN_POINT('Ctrl Pts',(2.1546310457296,18.2593235447753,-3.50185254905127));
#2688=CARTESIAN_POINT('Ctrl Pts',(1.36819404658123,20.1817862850828,-3.61425700594464));
#2689=CARTESIAN_POINT('Ctrl Pts',(-0.674074977547345,20.5605783204532,-3.72666146283801));
#2690=CARTESIAN_POINT('Ctrl Pts',(-2.09762698136644,19.0480156294961,-3.83906591973137));
#2691=CARTESIAN_POINT('Ctrl Pts',(-1.59581820057631,17.0324427271635,-3.95147037662474));
#2692=CARTESIAN_POINT('Ctrl Pts',(0.370753287411569,16.3639049452864,-4.0638748335181));
#2693=CARTESIAN_POINT('Ctrl Pts',(1.99701935202998,17.6560368555159,-4.17627929041147));
#2694=CARTESIAN_POINT('Ctrl Pts',(1.79026992994997,19.7228220062766,-4.28868374730483));
#2695=CARTESIAN_POINT('Ctrl Pts',(-0.0597247128780806,20.6672085825821,
-4.4010882041982));
#2696=CARTESIAN_POINT('Ctrl Pts',(-1.85489949463629,19.6223671174483,-4.51349266109157));
#2697=CARTESIAN_POINT('Ctrl Pts',(-1.94750715008144,17.5473321765356,-4.62589711798493));
#2698=CARTESIAN_POINT('Ctrl Pts',(-0.252545365008607,16.3467278573807,-4.7383015748783));
#2699=CARTESIAN_POINT('Ctrl Pts',(1.67422166753015,17.1225596602736,-4.85070603177166));
#2700=CARTESIAN_POINT('Ctrl Pts',(2.06426135636633,19.1627104451737,-4.96311048866503));
#2701=CARTESIAN_POINT('Ctrl Pts',(0.559565758723871,20.5945754326843,-5.07551494555839));
#2702=CARTESIAN_POINT('Ctrl Pts',(-1.45874163758707,20.1038805804377,-5.18791940245176));
#2703=CARTESIAN_POINT('Ctrl Pts',(-2.13810556820026,18.1410227573139,-5.30032385934513));
#2704=CARTESIAN_POINT('Ctrl Pts',(-0.854954406527263,16.5076614132391,-5.41272831623849));
#2705=CARTESIAN_POINT('Ctrl Pts',(1.2129386083928,16.7030191949255,-5.52513277313186));
#2706=CARTESIAN_POINT('Ctrl Pts',(2.16750477902982,18.5477819465808,-5.63753723002523));
#2707=CARTESIAN_POINT('Ctrl Pts',(1.13257103688658,20.348686811751,-5.74994168691859));
#2708=CARTESIAN_POINT('Ctrl Pts',(-0.941922110570644,20.4527270211564,-5.86234614381196));
#2709=CARTESIAN_POINT('Ctrl Pts',(-2.15184786470245,18.7644065973302,-5.97475060070532));
#2710=CARTESIAN_POINT('Ctrl Pts',(-1.38664480686538,16.8333937894242,-6.08715505759868));
#2711=CARTESIAN_POINT('Ctrl Pts',(0.651325789482449,16.4321182825193,-6.19955951449206));
#2712=CARTESIAN_POINT('Ctrl Pts',(2.09146028696495,17.928901103499,-6.31196397138542));
#2713=CARTESIAN_POINT('Ctrl Pts',(1.61189426117463,19.9498817097713,-6.42436842827878));
#2714=CARTESIAN_POINT('Ctrl Pts',(-0.347190298113109,20.6400511625733,-6.53677288517216));
#2715=CARTESIAN_POINT('Ctrl Pts',(-1.98759732805999,19.3659197093405,-6.64917734206552));
#2716=CARTESIAN_POINT('Ctrl Pts',(-1.80363711827934,17.2969816181347,-6.76158179895888));
#2717=CARTESIAN_POINT('Ctrl Pts',(0.0358377294509738,16.3322648365916,-6.87398625585226));
#2718=CARTESIAN_POINT('Ctrl Pts',(1.84241799705505,17.3572594320403,-6.98639071274562));
#2719=CARTESIAN_POINT('Ctrl Pts',(1.9578876014265,19.431147798015,-7.09879516963899));
#2720=CARTESIAN_POINT('Ctrl Pts',(0.2762598014473,20.6503582500567,-7.21119962653235));
#2721=CARTESIAN_POINT('Ctrl Pts',(-1.65894015030922,19.8958071712179,-7.32360408342572));
#2722=CARTESIAN_POINT('Ctrl Pts',(-2.07143929137821,17.860078642425,-7.43600854031908));
#2723=CARTESIAN_POINT('Ctrl Pts',(-0.582614693885064,16.4117183620051,-7.54841299721246));
#2724=CARTESIAN_POINT('Ctrl Pts',(1.44097775894325,16.8801410000063,-7.66081745410581));
#2725=CARTESIAN_POINT('Ctrl Pts',(2.1419317786778,18.8353928120706,-7.77322191099918));
#2726=CARTESIAN_POINT('Ctrl Pts',(0.876858719641765,20.4827957192142,-7.88562636789255));
#2727=CARTESIAN_POINT('Ctrl Pts',(-1.19306162698589,20.3102386686131,-7.99803082478592));
#2728=CARTESIAN_POINT('Ctrl Pts',(-2.16789973062469,18.4761075736946,-8.11043528167927));
#2729=CARTESIAN_POINT('Ctrl Pts',(-1.15287539815231,16.6639067632258,-8.22283973857265));
#2730=CARTESIAN_POINT('Ctrl Pts',(0.920345205696781,16.5370112578844,-8.33524419546601));
#2731=CARTESIAN_POINT('Ctrl Pts',(2.14880335789457,18.2118953977923,-8.44764865235938));
#2732=CARTESIAN_POINT('Ctrl Pts',(1.40492712761238,20.1512236900897,-8.56005310925274));
#2733=CARTESIAN_POINT('Ctrl Pts',(-0.628497443705694,20.5749340267416,-8.67245756614611));
#2734=CARTESIAN_POINT('Ctrl Pts',(-2.08503968260063,19.0941126918829,-8.78486202303948));
#2735=CARTESIAN_POINT('Ctrl Pts',(-1.62777436162345,17.067970155385,-8.89726647993283));
#2736=CARTESIAN_POINT('Ctrl Pts',(0.323584769754461,16.3562522340205,-9.00967093682621));
#2737=CARTESIAN_POINT('Ctrl Pts',(1.97793462530483,17.6122296787057,-9.12207539371957));
#2738=CARTESIAN_POINT('Ctrl Pts',(1.81678386860561,19.6830671342731,-9.23447985061294));
#2739=CARTESIAN_POINT('Ctrl Pts',(-0.0119437251969407,20.6680013909267,
-9.34688430750631));
#2740=CARTESIAN_POINT('Ctrl Pts',(-1.82971788053786,19.6629695981909,-9.45928876439967));
#2741=CARTESIAN_POINT('Ctrl Pts',(-1.96802034280829,17.590496178577,-9.57169322129304));
#2742=CARTESIAN_POINT('Ctrl Pts',(-0.299959818234688,16.3527958611073,-9.6840976781864));
#2743=CARTESIAN_POINT('Ctrl Pts',(1.64349404643593,17.0860359097493,-9.79650213507977));
#2744=CARTESIAN_POINT('Ctrl Pts',(2.07829450141431,19.1169766645743,-9.90890659197314));
#2745=CARTESIAN_POINT('Ctrl Pts',(0.605730082897499,20.5818844218154,-10.0213110488665));
#2746=CARTESIAN_POINT('Ctrl Pts',(-1.42330366145796,20.1353509174315,-10.1337155057599));
#2747=CARTESIAN_POINT('Ctrl Pts',(-2.14498536364237,18.1887923282979,-10.2461199626532));
#2748=CARTESIAN_POINT('Ctrl Pts',(-0.899662702059199,16.5258966437966,-10.3585244195466));
#2749=CARTESIAN_POINT('Ctrl Pts',(1.17515030907804,16.678937215356,-10.47092887644));
#2750=CARTESIAN_POINT('Ctrl Pts',(1.83333333333333,17.8894408883132,-10.5458651810355));
#2751=CARTESIAN_POINT('Ctrl Pts',(1.83333333333333,18.5,-10.5833333333333));
#2752=CARTESIAN_POINT('Ctrl Pts',(0.535618246604266,16.9217443579438,-1.33709674451728));
#2753=CARTESIAN_POINT('Ctrl Pts',(1.06122826269257,17.1001225038619,-1.37456489681507));
#2754=CARTESIAN_POINT('Ctrl Pts',(1.91101885224432,18.0203855546004,-1.44950120141065));
#2755=CARTESIAN_POINT('Ctrl Pts',(1.43659854595524,19.8512346438569,-1.56190565830401));
#2756=CARTESIAN_POINT('Ctrl Pts',(-0.358760746773188,20.4374675053147,-1.67431011519738));
#2757=CARTESIAN_POINT('Ctrl Pts',(-1.82364503111653,19.247498132588,-1.78671457209075));
#2758=CARTESIAN_POINT('Ctrl Pts',(-1.61525768177567,17.3703133429773,-1.89911902898411));
#2759=CARTESIAN_POINT('Ctrl Pts',(0.0760503026691292,16.5306123734618,-2.01152348587748));
#2760=CARTESIAN_POINT('Ctrl Pts',(1.69739029230527,17.4982679356226,-2.12392794277085));
#2761=CARTESIAN_POINT('Ctrl Pts',(1.76082168815961,19.3855427226332,-2.23633239966421));
#2762=CARTESIAN_POINT('Ctrl Pts',(0.207993781274175,20.459919664634,-2.34873685655758));
#2763=CARTESIAN_POINT('Ctrl Pts',(-1.53572378882122,19.7353753625234,-2.46114131345094));
#2764=CARTESIAN_POINT('Ctrl Pts',(-1.86984965692571,17.8768886262011,-2.57354577034431));
#2765=CARTESIAN_POINT('Ctrl Pts',(-0.487679885147076,16.5903517808556,-2.68595022723767));
#2766=CARTESIAN_POINT('Ctrl Pts',(1.34211621509264,17.0566288186582,-2.79835468413104));
#2767=CARTESIAN_POINT('Ctrl Pts',(1.94001813480347,18.8477441441967,-2.9107591410244));
#2768=CARTESIAN_POINT('Ctrl Pts',(0.757223744954392,20.3196720280097,-3.02316359791778));
#2769=CARTESIAN_POINT('Ctrl Pts',(-1.12060745829613,20.1213680243621,-3.13556805481114));
#2770=CARTESIAN_POINT('Ctrl Pts',(-1.96986056366853,18.4348493334492,-3.24797251170451));
#2771=CARTESIAN_POINT('Ctrl Pts',(-1.01102645480863,16.8081310708349,-3.36037696859787));
#2772=CARTESIAN_POINT('Ctrl Pts',(0.875804182248894,16.7343380319673,-3.47278142549124));
#2773=CARTESIAN_POINT('Ctrl Pts',(1.95875549611782,18.281203222523,-3.5851858823846));
#2774=CARTESIAN_POINT('Ctrl Pts',(1.2438127696193,20.0288966228026,-3.69759033927797));
#2775=CARTESIAN_POINT('Ctrl Pts',(-0.612795434133948,20.3732530185938,-3.80999479617133));
#2776=CARTESIAN_POINT('Ctrl Pts',(-1.90693361942404,18.9981960268146,-3.92239925306471));
#2777=CARTESIAN_POINT('Ctrl Pts',(-1.45074381870573,17.1658570246941,-4.03480370995807));
#2778=CARTESIAN_POINT('Ctrl Pts',(0.337048443101425,16.5580954048058,-4.14720816685143));
#2779=CARTESIAN_POINT('Ctrl Pts',(1.81547213820907,17.7327607777417,-4.2596126237448));
#2780=CARTESIAN_POINT('Ctrl Pts',(1.62751811813633,19.6116563693424,-4.37201708063817));
#2781=CARTESIAN_POINT('Ctrl Pts',(-0.0542951935255268,20.4701896205293,
-4.48442153753153));
#2782=CARTESIAN_POINT('Ctrl Pts',(-1.68627226785117,19.5203337431348,-4.5968259944249));
#2783=CARTESIAN_POINT('Ctrl Pts',(-1.77046104552858,17.6339383423052,-4.70923045131827));
#2784=CARTESIAN_POINT('Ctrl Pts',(-0.22958669546237,16.542479870346,-4.82163490821163));
#2785=CARTESIAN_POINT('Ctrl Pts',(1.52201969775468,17.2477815093397,-4.934039365105));
#2786=CARTESIAN_POINT('Ctrl Pts',(1.8766012330603,19.1024640410669,-5.04644382199836));
#2787=CARTESIAN_POINT('Ctrl Pts',(0.508696144294428,20.4041594842585,-5.15884827889173));
#2788=CARTESIAN_POINT('Ctrl Pts',(-1.32612876144279,19.9580732549434,-5.2712527357851));
#2789=CARTESIAN_POINT('Ctrl Pts',(-1.94373233472751,18.1736570521036,-5.38365719267846));
#2790=CARTESIAN_POINT('Ctrl Pts',(-0.777231278661149,16.6887831029446,-5.49606164957183));
#2791=CARTESIAN_POINT('Ctrl Pts',(1.10267146217528,16.8663810862959,-5.6084661064652));
#2792=CARTESIAN_POINT('Ctrl Pts',(1.97045889002711,18.5434381332553,-5.72087056335856));
#2793=CARTESIAN_POINT('Ctrl Pts',(1.02961003353325,20.1806243743191,-5.83327502025193));
#2794=CARTESIAN_POINT('Ctrl Pts',(-0.856292827791496,20.2752063828695,-5.94567947714529));
#2795=CARTESIAN_POINT('Ctrl Pts',(-1.95622533154768,18.7403696339366,-6.05808393403866));
#2796=CARTESIAN_POINT('Ctrl Pts',(-1.26058618805944,16.9849034449312,-6.17048839093203));
#2797=CARTESIAN_POINT('Ctrl Pts',(0.592114354074954,16.6201075295629,-6.2828928478254));
#2798=CARTESIAN_POINT('Ctrl Pts',(1.9013275336045,17.9808191849991,-6.39529730471875));
#2799=CARTESIAN_POINT('Ctrl Pts',(1.46535841924967,19.8180742816102,-6.50770176161212));
#2800=CARTESIAN_POINT('Ctrl Pts',(-0.315627543739191,20.4455010568849,-6.62010621850549));
#2801=CARTESIAN_POINT('Ctrl Pts',(-1.80690666187271,19.287199735764,-6.73251067539886));
#2802=CARTESIAN_POINT('Ctrl Pts',(-1.63967010752667,17.406346925577,-6.84491513229222));
#2803=CARTESIAN_POINT('Ctrl Pts',(0.0325797540463388,16.5293316696287,-6.95731958918559));
#2804=CARTESIAN_POINT('Ctrl Pts',(1.67492545186823,17.4611449382185,-7.06972404607895));
#2805=CARTESIAN_POINT('Ctrl Pts',(1.77989781947864,19.3464979981954,-7.18212850297232));
#2806=CARTESIAN_POINT('Ctrl Pts',(0.251145274043,20.4548711364152,-7.29453295986568));
#2807=CARTESIAN_POINT('Ctrl Pts',(-1.50812740937202,19.768915610198,-7.40693741675905));
#2808=CARTESIAN_POINT('Ctrl Pts',(-1.88312662852565,17.9182533112955,-7.51934187365241));
#2809=CARTESIAN_POINT('Ctrl Pts',(-0.529649721713695,16.6015621472773,-7.63174633054579));
#2810=CARTESIAN_POINT('Ctrl Pts',(1.3099797808575,17.0274009090966,-7.74415078743914));
#2811=CARTESIAN_POINT('Ctrl Pts',(1.94721070788891,18.8049025564278,-7.85655524433252));
#2812=CARTESIAN_POINT('Ctrl Pts',(0.797144290583423,20.302541562922,-7.96895970122588));
#2813=CARTESIAN_POINT('Ctrl Pts',(-1.08460147907808,20.145671516921,-8.08136415811925));
#2814=CARTESIAN_POINT('Ctrl Pts',(-1.97081793693154,18.4782796124497,-8.19376861501262));
#2815=CARTESIAN_POINT('Ctrl Pts',(-1.04806854377483,16.8308243302052,-8.30617307190598));
#2816=CARTESIAN_POINT('Ctrl Pts',(0.836677459724344,16.715464779895,-8.41857752879935));
#2817=CARTESIAN_POINT('Ctrl Pts',(1.95345759808598,18.2380867252656,-8.53098198569271));
#2818=CARTESIAN_POINT('Ctrl Pts',(1.27720647964761,20.0011124455361,-8.64338644258608));
#2819=CARTESIAN_POINT('Ctrl Pts',(-0.571361312459718,20.3863036606742,-8.75579089947944));
#2820=CARTESIAN_POINT('Ctrl Pts',(-1.89549062054603,19.0401024471663,-8.86819535637281));
#2821=CARTESIAN_POINT('Ctrl Pts',(-1.47979487420314,17.1981546867136,-8.98059981326617));
#2822=CARTESIAN_POINT('Ctrl Pts',(0.294167972504055,16.5511383945641,-9.09300427015955));
#2823=CARTESIAN_POINT('Ctrl Pts',(1.79812238664076,17.6929360715506,-9.2054087270529));
#2824=CARTESIAN_POINT('Ctrl Pts',(1.65162169873237,19.5755155766119,-9.31781318394628));
#2825=CARTESIAN_POINT('Ctrl Pts',(-0.0108579319972183,20.470910355388,-9.43021764083964));
#2826=CARTESIAN_POINT('Ctrl Pts',(-1.66337989139805,19.5572450892645,-9.54262209773301));
#2827=CARTESIAN_POINT('Ctrl Pts',(-1.78910940255299,17.673178344161,-9.65502655462637));
#2828=CARTESIAN_POINT('Ctrl Pts',(-0.272690743849717,16.5479962373703,-9.76743101151974));
#2829=CARTESIAN_POINT('Ctrl Pts',(1.49408549675994,17.2145780997721,-9.87983546841311));
#2830=CARTESIAN_POINT('Ctrl Pts',(1.88935863764937,19.0608878768857,-9.99223992530647));
#2831=CARTESIAN_POINT('Ctrl Pts',(0.550663711724999,20.3926222016503,-10.1046443821998));
#2832=CARTESIAN_POINT('Ctrl Pts',(-1.29391241950723,19.9866826522105,-10.2170488390932));
#2833=CARTESIAN_POINT('Ctrl Pts',(-1.94998669422034,18.2170839348162,-10.3294532959866));
#2834=CARTESIAN_POINT('Ctrl Pts',(-0.81787518369018,16.7053605852696,-10.4418577528799));
#2835=CARTESIAN_POINT('Ctrl Pts',(1.06831846279822,16.8444883775963,-10.5542622097733));
#2836=CARTESIAN_POINT('Ctrl Pts',(1.66666666666667,17.9449462621029,-10.6291985143689));
#2837=CARTESIAN_POINT('Ctrl Pts',(1.66666666666667,18.5,-10.6666666666667));
#2838=CARTESIAN_POINT('Ctrl Pts',(0.48205642194384,17.0795699221494,-1.42043007785062));
#2839=CARTESIAN_POINT('Ctrl Pts',(0.955105436423313,17.2401102534757,-1.4578982301484));
#2840=CARTESIAN_POINT('Ctrl Pts',(1.71991696701989,18.0683469991404,-1.53283453474398));
#2841=CARTESIAN_POINT('Ctrl Pts',(1.29293869135971,19.7161111794713,-1.64523899163735));
#2842=CARTESIAN_POINT('Ctrl Pts',(-0.322884672095867,20.2437207547832,-1.75764344853071));
#2843=CARTESIAN_POINT('Ctrl Pts',(-1.64128052800488,19.1727483193292,-1.87004790542408));
#2844=CARTESIAN_POINT('Ctrl Pts',(-1.4537319135981,17.4832820086795,-1.98245236231745));
#2845=CARTESIAN_POINT('Ctrl Pts',(0.0684452724022151,16.7275511361157,-2.09485681921081));
#2846=CARTESIAN_POINT('Ctrl Pts',(1.52765126307474,17.5984411420603,-2.20726127610418));
#2847=CARTESIAN_POINT('Ctrl Pts',(1.58473951934365,19.2969884503699,-2.31966573299755));
#2848=CARTESIAN_POINT('Ctrl Pts',(0.187194403146758,20.2639276981706,-2.43207018989091));
#2849=CARTESIAN_POINT('Ctrl Pts',(-1.3821514099391,19.6118378262711,-2.54447464678428));
#2850=CARTESIAN_POINT('Ctrl Pts',(-1.68286469123314,17.939199763581,-2.65687910367764));
#2851=CARTESIAN_POINT('Ctrl Pts',(-0.43891189663237,16.7813166027701,-2.76928356057101));
#2852=CARTESIAN_POINT('Ctrl Pts',(1.20790459358338,17.2009659367923,-2.88168801746438));
#2853=CARTESIAN_POINT('Ctrl Pts',(1.74601632132312,18.8129697297771,-2.99409247435774));
#2854=CARTESIAN_POINT('Ctrl Pts',(0.681501370458954,20.1377048252087,-3.10649693125111));
#2855=CARTESIAN_POINT('Ctrl Pts',(-1.00854671246652,19.9592312219259,-3.21890138814447));
#2856=CARTESIAN_POINT('Ctrl Pts',(-1.77287450730167,18.4413644001043,-3.33130584503784));
#2857=CARTESIAN_POINT('Ctrl Pts',(-0.90992380932777,16.9773179637514,-3.4437103019312));
#2858=CARTESIAN_POINT('Ctrl Pts',(0.788223764024006,16.9109042287705,-3.55611475882457));
#2859=CARTESIAN_POINT('Ctrl Pts',(1.76287994650604,18.3030829002707,-3.66851921571793));
#2860=CARTESIAN_POINT('Ctrl Pts',(1.11943149265737,19.8760069605223,-3.78092367261131));
#2861=CARTESIAN_POINT('Ctrl Pts',(-0.551515890720553,20.1859277167344,-3.89332812950467));
#2862=CARTESIAN_POINT('Ctrl Pts',(-1.71624025748164,18.9483764241332,-4.00573258639804));
#2863=CARTESIAN_POINT('Ctrl Pts',(-1.30566943683516,17.2992713222247,-4.1181370432914));
#2864=CARTESIAN_POINT('Ctrl Pts',(0.303343598791281,16.7522858643252,-4.23054150018477));
#2865=CARTESIAN_POINT('Ctrl Pts',(1.63392492438817,17.8094846999675,-4.34294595707814));
#2866=CARTESIAN_POINT('Ctrl Pts',(1.4647663063227,19.5004907324082,-4.4553504139715));
#2867=CARTESIAN_POINT('Ctrl Pts',(-0.0488656741729737,20.2731706584763,
-4.56775487086487));
#2868=CARTESIAN_POINT('Ctrl Pts',(-1.51764504106606,19.4183003688213,-4.68015932775823));
#2869=CARTESIAN_POINT('Ctrl Pts',(-1.59341494097573,17.7205445080746,-4.7925637846516));
#2870=CARTESIAN_POINT('Ctrl Pts',(-0.206628025916132,16.7382318833115,-4.90496824154496));
#2871=CARTESIAN_POINT('Ctrl Pts',(1.36981772797921,17.3730033584057,-5.01737269843834));
#2872=CARTESIAN_POINT('Ctrl Pts',(1.68894110975427,19.0422176369602,-5.12977715533169));
#2873=CARTESIAN_POINT('Ctrl Pts',(0.457826529864984,20.2137435358326,-5.24218161222507));
#2874=CARTESIAN_POINT('Ctrl Pts',(-1.19351588529851,19.812265929449,-5.35458606911842));
#2875=CARTESIAN_POINT('Ctrl Pts',(-1.74935910125476,18.2062913468932,-5.4669905260118));
#2876=CARTESIAN_POINT('Ctrl Pts',(-0.699508150795033,16.8699047926501,-5.57939498290516));
#2877=CARTESIAN_POINT('Ctrl Pts',(0.992404315957748,17.0297429776663,-5.69179943979853));
#2878=CARTESIAN_POINT('Ctrl Pts',(1.7734130010244,18.5390943199297,-5.8042038966919));
#2879=CARTESIAN_POINT('Ctrl Pts',(0.926649030179929,20.0125619368872,-5.91660835358526));
#2880=CARTESIAN_POINT('Ctrl Pts',(-0.770663545012345,20.0976857445825,-6.02901281047862));
#2881=CARTESIAN_POINT('Ctrl Pts',(-1.76060279839291,18.716332670543,-6.14141726737199));
#2882=CARTESIAN_POINT('Ctrl Pts',(-1.13452756925349,17.136413100438,-6.25382172426535));
#2883=CARTESIAN_POINT('Ctrl Pts',(0.532902918667458,16.8080967766067,-6.36622618115873));
#2884=CARTESIAN_POINT('Ctrl Pts',(1.71119478024405,18.0327372664992,-6.47863063805208));
#2885=CARTESIAN_POINT('Ctrl Pts',(1.3188225773247,19.6862668534492,-6.59103509494546));
#2886=CARTESIAN_POINT('Ctrl Pts',(-0.284064789365271,20.2509509511964,-6.70343955183883));
#2887=CARTESIAN_POINT('Ctrl Pts',(-1.62621599568544,19.2084797621877,-6.81584400873218));
#2888=CARTESIAN_POINT('Ctrl Pts',(-1.47570309677401,17.5157122330193,-6.92824846562555));
#2889=CARTESIAN_POINT('Ctrl Pts',(0.0293217786417051,16.7263985026658,-7.04065292251892));
#2890=CARTESIAN_POINT('Ctrl Pts',(1.50743290668141,17.5650304443967,-7.15305737941228));
#2891=CARTESIAN_POINT('Ctrl Pts',(1.60190803753077,19.2618481983759,-7.26546183630565));
#2892=CARTESIAN_POINT('Ctrl Pts',(0.2260307466387,20.2593840227737,-7.37786629319902));
#2893=CARTESIAN_POINT('Ctrl Pts',(-1.35731466843482,19.6420240491782,-7.49027075009238));
#2894=CARTESIAN_POINT('Ctrl Pts',(-1.69481396567308,17.9764279801659,-7.60267520698575));
#2895=CARTESIAN_POINT('Ctrl Pts',(-0.476684749542325,16.7914059325496,-7.71507966387912));
#2896=CARTESIAN_POINT('Ctrl Pts',(1.17898180277175,17.1746608181869,-7.82748412077248));
#2897=CARTESIAN_POINT('Ctrl Pts',(1.75248963710002,18.774412300785,-7.93988857766584));
#2898=CARTESIAN_POINT('Ctrl Pts',(0.717429861525081,20.1222874066297,-8.05229303455922));
#2899=CARTESIAN_POINT('Ctrl Pts',(-0.976141331170272,19.9811043652289,-8.16469749145258));
#2900=CARTESIAN_POINT('Ctrl Pts',(-1.77373614323839,18.4804516512047,-8.27710194834595));
#2901=CARTESIAN_POINT('Ctrl Pts',(-0.943261689397344,16.9977418971847,-8.38950640523932));
#2902=CARTESIAN_POINT('Ctrl Pts',(0.753009713751911,16.8939183019055,-8.50191086213268));
#2903=CARTESIAN_POINT('Ctrl Pts',(1.75811183827738,18.2642780527391,-8.61431531902604));
#2904=CARTESIAN_POINT('Ctrl Pts',(1.14948583168285,19.8510012009825,-8.72671977591941));
#2905=CARTESIAN_POINT('Ctrl Pts',(-0.514225181213749,20.1976732946068,-8.83912423281278));
#2906=CARTESIAN_POINT('Ctrl Pts',(-1.70594155849143,18.9860922024496,-8.95152868970614));
#2907=CARTESIAN_POINT('Ctrl Pts',(-1.33181538678283,17.3283392180423,-9.0639331465995));
#2908=CARTESIAN_POINT('Ctrl Pts',(0.264751175253651,16.7460245551077,-9.17633760349289));
#2909=CARTESIAN_POINT('Ctrl Pts',(1.61831014797668,17.7736424643956,-9.28874206038623));
#2910=CARTESIAN_POINT('Ctrl Pts',(1.48645952885914,19.4679640189507,-9.40114651727961));
#2911=CARTESIAN_POINT('Ctrl Pts',(-0.00977213879749637,20.2738193198492,
-9.51355097417297));
#2912=CARTESIAN_POINT('Ctrl Pts',(-1.49704190225825,19.451520580338,-9.62595543106634));
#2913=CARTESIAN_POINT('Ctrl Pts',(-1.61019846229769,17.7558605097449,-9.7383598879597));
#2914=CARTESIAN_POINT('Ctrl Pts',(-0.245421669464745,16.7431966136332,-9.85076434485308));
#2915=CARTESIAN_POINT('Ctrl Pts',(1.34467694708395,17.3431202897949,-9.96316880174643));
#2916=CARTESIAN_POINT('Ctrl Pts',(1.70042277388443,19.0047990891972,-10.0755732586398));
#2917=CARTESIAN_POINT('Ctrl Pts',(0.495597340552499,20.2033599814853,-10.1879777155332));
#2918=CARTESIAN_POINT('Ctrl Pts',(-1.16452117755651,19.8380143869894,-10.3003821724265));
#2919=CARTESIAN_POINT('Ctrl Pts',(-1.7549880247983,18.2453755413346,-10.4127866293199));
#2920=CARTESIAN_POINT('Ctrl Pts',(-0.736087665321162,16.8848245267427,-10.5251910862133));
#2921=CARTESIAN_POINT('Ctrl Pts',(0.961486616518394,17.0100395398367,-10.6375955431067));
#2922=CARTESIAN_POINT('Ctrl Pts',(1.5,18.0004516358926,-10.7125318477022));
#2923=CARTESIAN_POINT('Ctrl Pts',(1.5,18.5,-10.75));
#2924=CARTESIAN_POINT('',(-0.129783859532934,20.4957845950414,-1.4943748357774));
#2925=CARTESIAN_POINT('',(0.296540732947966,20.4774147041939,-1.47029852008338));
#2926=CARTESIAN_POINT('Ctrl Pts',(-0.131287914773072,20.4978056884069,-1.4943748357774));
#2927=CARTESIAN_POINT('Ctrl Pts',(-0.129901556652125,20.49748975046,-1.4944954996558));
#2928=CARTESIAN_POINT('Ctrl Pts',(-0.128514521039668,20.4971760206286,-1.4946142685428));
#2929=CARTESIAN_POINT('Ctrl Pts',(-0.127126816238001,20.4968645043886,-1.49473113759401));
#2930=CARTESIAN_POINT('Ctrl Pts',(-0.0959326865758541,20.4898619502648,
-1.49735822970499));
#2931=CARTESIAN_POINT('Ctrl Pts',(-0.0644264195014798,20.4839918760904,
-1.49901706723993));
#2932=CARTESIAN_POINT('Ctrl Pts',(-0.0327368211003067,20.4793035184113,
-1.49967444412574));
#2933=CARTESIAN_POINT('Ctrl Pts',(-0.00104722269913356,20.4746151607322,
-1.50033182101155));
#2934=CARTESIAN_POINT('Ctrl Pts',(0.030826590992815,20.4711089137906,-1.49998773724822));
#2935=CARTESIAN_POINT('Ctrl Pts',(0.0627952642447693,20.4688754661022,-1.49860898676267));
#2936=CARTESIAN_POINT('Ctrl Pts',(0.0684220889713958,20.4684823556788,-1.49836631208979));
#2937=CARTESIAN_POINT('Ctrl Pts',(0.0740501741467484,20.4681286109365,-1.49809180035533));
#2938=CARTESIAN_POINT('Ctrl Pts',(0.0796788787191096,20.467814651418,-1.49778541065605));
#2939=CARTESIAN_POINT('Ctrl Pts',(0.0803934389574953,20.4677747944695,-1.49774651469096));
#2940=CARTESIAN_POINT('Ctrl Pts',(0.0811080070468182,20.4677355788389,-1.49770710511439));
#2941=CARTESIAN_POINT('Ctrl Pts',(0.0818225814748818,20.4676970053969,-1.49766718188236));
#2942=CARTESIAN_POINT('Ctrl Pts',(0.0821849502133628,20.4676774443701,-1.49764693636187));
#2943=CARTESIAN_POINT('Ctrl Pts',(0.0825473201303402,20.4676580485141,-1.49762655877417));
#2944=CARTESIAN_POINT('Ctrl Pts',(0.0829096914018794,20.4676388179215,-1.49760604909379));
#2945=CARTESIAN_POINT('Ctrl Pts',(0.0831751681001264,20.4676247294034,-1.49759102350358));
#2946=CARTESIAN_POINT('Ctrl Pts',(0.0834406454495982,20.4676107295892,-1.49757592702121));
#2947=CARTESIAN_POINT('Ctrl Pts',(0.0837061234259519,20.4675968185206,-1.49756075964191));
#2948=CARTESIAN_POINT('Ctrl Pts',(0.0839920089447213,20.4675818380949,-1.49754442633185));
#2949=CARTESIAN_POINT('Ctrl Pts',(0.0842778951281554,20.4675669605865,-1.49752801080964));
#2950=CARTESIAN_POINT('Ctrl Pts',(0.0845637819210542,20.4675521860487,-1.49751151307082));
#2951=CARTESIAN_POINT('Ctrl Pts',(0.0849491632610014,20.4675322696645,-1.49748927377593));
#2952=CARTESIAN_POINT('Ctrl Pts',(0.0853345456328092,20.4675125403985,-1.49746688508466));
#2953=CARTESIAN_POINT('Ctrl Pts',(0.085719928832105,20.467492998385,-1.49744434699053));
#2954=CARTESIAN_POINT('Ctrl Pts',(0.0865855110263093,20.4674491064383,-1.49739372575688));
#2955=CARTESIAN_POINT('Ctrl Pts',(0.0874510966859487,20.4674061591513,-1.49734235087885));
#2956=CARTESIAN_POINT('Ctrl Pts',(0.088316683489429,20.4673641580496,-1.49729022229371));
#2957=CARTESIAN_POINT('Ctrl Pts',(0.107318969695777,20.4664421049963,-1.49614583990435));
#2958=CARTESIAN_POINT('Ctrl Pts',(0.126315756763133,20.4659762386335,-1.49463841032239));
#2959=CARTESIAN_POINT('Ctrl Pts',(0.145283026574393,20.4659825076356,-1.49276901435862));
#2960=CARTESIAN_POINT('Ctrl Pts',(0.177698799566382,20.4659932215944,-1.48957414678954));
#2961=CARTESIAN_POINT('Ctrl Pts',(0.209938407083771,20.4673866870304,-1.48532834931492));
#2962=CARTESIAN_POINT('Ctrl Pts',(0.241911352668277,20.4702186036334,-1.4800673307328));
#2963=CARTESIAN_POINT('Ctrl Pts',(0.259785244233006,20.4718017349139,-1.47712625433406));
#2964=CARTESIAN_POINT('Ctrl Pts',(0.277575329736859,20.4738350838318,-1.47386790459621));
#2965=CARTESIAN_POINT('Ctrl Pts',(0.295260977894013,20.4763338087157,-1.47029852008338));
#2966=CARTESIAN_POINT('',(2.,18.5,-10.5));
#2967=CARTESIAN_POINT('Ctrl Pts',(-0.13128791477308,20.4978056884069,-1.4943748357774));
#2968=CARTESIAN_POINT('Ctrl Pts',(-0.209556716248601,20.4932774084736,-1.49879770669517));
#2969=CARTESIAN_POINT('Ctrl Pts',(-0.947298597013845,20.4051605054847,-1.54068872991073));
#2970=CARTESIAN_POINT('Ctrl Pts',(-2.18837403733983,19.3969977591056,-1.62004790542408));
#2971=CARTESIAN_POINT('Ctrl Pts',(-1.93830921813081,17.1443760115727,-1.73245236231745));
#2972=CARTESIAN_POINT('Ctrl Pts',(0.0912603632029537,16.1367348481542,-1.84485681921081));
#2973=CARTESIAN_POINT('Ctrl Pts',(2.03686835076632,17.2979215227471,-1.95726127610418));
#2974=CARTESIAN_POINT('Ctrl Pts',(2.11298602579153,19.5626512671598,-2.06966573299755));
#2975=CARTESIAN_POINT('Ctrl Pts',(0.249592537529011,20.8519035975608,-2.18207018989091));
#2976=CARTESIAN_POINT('Ctrl Pts',(-1.84286854658546,19.9824504350281,-2.29447464678428));
#2977=CARTESIAN_POINT('Ctrl Pts',(-2.24381958831086,17.7522663514414,-2.40687910367764));
#2978=CARTESIAN_POINT('Ctrl Pts',(-0.585215862176492,16.2084221370267,-2.51928356057101));
#2979=CARTESIAN_POINT('Ctrl Pts',(1.61053945811117,16.7679545823898,-2.63168801746438));
#2980=CARTESIAN_POINT('Ctrl Pts',(2.32802176176416,18.9172929730361,-2.74409247435774));
#2981=CARTESIAN_POINT('Ctrl Pts',(0.90866849394527,20.6836064336116,-2.85649693125111));
#2982=CARTESIAN_POINT('Ctrl Pts',(-1.34472894995536,20.4456416292346,-2.96890138814447));
#2983=CARTESIAN_POINT('Ctrl Pts',(-2.36383267640223,18.421819200139,-3.08130584503784));
#2984=CARTESIAN_POINT('Ctrl Pts',(-1.21323174577036,16.4697572850019,-3.1937103019312));
#2985=CARTESIAN_POINT('Ctrl Pts',(1.05096501869867,16.3812056383607,-3.30611475882457));
#2986=CARTESIAN_POINT('Ctrl Pts',(2.35050659534138,18.2374438670276,-3.41851921571794));
#2987=CARTESIAN_POINT('Ctrl Pts',(1.49257532354316,20.3346759473631,-3.5309236726113));
#2988=CARTESIAN_POINT('Ctrl Pts',(-0.735354520960738,20.7479036223126,-3.64332812950467));
#2989=CARTESIAN_POINT('Ctrl Pts',(-2.28832034330885,19.0978352321775,-3.75573258639803));
#2990=CARTESIAN_POINT('Ctrl Pts',(-1.74089258244688,16.899028429633,-3.86813704329141));
#2991=CARTESIAN_POINT('Ctrl Pts',(0.404458131721711,16.1697144857669,-3.98054150018476));
#2992=CARTESIAN_POINT('Ctrl Pts',(2.17856656585089,17.57931293329,-4.09294595707814));
#2993=CARTESIAN_POINT('Ctrl Pts',(1.9530217417636,19.8339876432108,-4.2053504139715));
#2994=CARTESIAN_POINT('Ctrl Pts',(-0.0651542322306322,20.8642275446351,
-4.31775487086487));
#2995=CARTESIAN_POINT('Ctrl Pts',(-2.02352672142141,19.7244004917617,-4.43015932775823));
#2996=CARTESIAN_POINT('Ctrl Pts',(-2.1245532546343,17.4607260107662,-4.5425637846516));
#2997=CARTESIAN_POINT('Ctrl Pts',(-0.275504034554844,16.1509758444153,-4.65496824154496));
#2998=CARTESIAN_POINT('Ctrl Pts',(1.82642363730562,16.9973378112076,-4.76737269843833));
#2999=CARTESIAN_POINT('Ctrl Pts',(2.25192147967236,19.2229568492803,-4.8797771553317));
#3000=CARTESIAN_POINT('Ctrl Pts',(0.610435373153313,20.7849913811102,-4.99218161222506));
#3001=CARTESIAN_POINT('Ctrl Pts',(-1.59135451373134,20.249687905932,-5.10458606911843));
#3002=CARTESIAN_POINT('Ctrl Pts',(-2.33247880167301,18.1083884625243,-5.2169905260118));
#3003=CARTESIAN_POINT('Ctrl Pts',(-0.932677534393378,16.3265397235335,-5.32939498290516));
#3004=CARTESIAN_POINT('Ctrl Pts',(1.32320575461033,16.5396573035551,-5.44179943979853));
#3005=CARTESIAN_POINT('Ctrl Pts',(2.36455066803253,18.5521257599063,-5.55420389669189));
#3006=CARTESIAN_POINT('Ctrl Pts',(1.2355320402399,20.5167492491829,-5.66660835358526));
#3007=CARTESIAN_POINT('Ctrl Pts',(-1.02755139334979,20.6302476594433,-5.77901281047863));
#3008=CARTESIAN_POINT('Ctrl Pts',(-2.34747039785721,18.7884435607239,-5.89141726737199));
#3009=CARTESIAN_POINT('Ctrl Pts',(-1.51270342567132,16.6818841339174,-6.00382172426536));
#3010=CARTESIAN_POINT('Ctrl Pts',(0.710537224889945,16.2441290354755,-6.11622618115872));
#3011=CARTESIAN_POINT('Ctrl Pts',(2.28159304032539,17.876983021999,-6.22863063805209));
#3012=CARTESIAN_POINT('Ctrl Pts',(1.7584301030996,20.0816891379323,-6.34103509494545));
#3013=CARTESIAN_POINT('Ctrl Pts',(-0.378753052487029,20.8346012682619,-6.45343955183883));
#3014=CARTESIAN_POINT('Ctrl Pts',(-2.16828799424726,19.4446396829169,-6.56584400873219));
#3015=CARTESIAN_POINT('Ctrl Pts',(-1.96760412903201,17.1876163106924,-6.67824846562555));
#3016=CARTESIAN_POINT('Ctrl Pts',(0.0390957048556056,16.1351980035544,-6.79065292251892));
#3017=CARTESIAN_POINT('Ctrl Pts',(2.00991054224188,17.2533739258622,-6.90305737941228));
#3018=CARTESIAN_POINT('Ctrl Pts',(2.13587738337437,19.5157975978345,-7.01546183630565));
#3019=CARTESIAN_POINT('Ctrl Pts',(0.301374328851598,20.8458453636982,-7.12786629319902));
#3020=CARTESIAN_POINT('Ctrl Pts',(-1.80975289124643,20.0226987322376,-7.24027075009238));
#3021=CARTESIAN_POINT('Ctrl Pts',(-2.25975195423078,17.8019039735545,-7.35267520698575));
#3022=CARTESIAN_POINT('Ctrl Pts',(-0.635579666056432,16.2218745767328,-7.46507966387911));
#3023=CARTESIAN_POINT('Ctrl Pts',(1.571975737029,16.7328810909159,-7.57748412077248));
#3024=CARTESIAN_POINT('Ctrl Pts',(2.3366528494667,18.8658830677133,-7.68988857766585));
#3025=CARTESIAN_POINT('Ctrl Pts',(0.956573148700107,20.6630498755064,-7.80229303455921));
#3026=CARTESIAN_POINT('Ctrl Pts',(-1.30152177489369,20.4748058203052,-7.91469749145258));
#3027=CARTESIAN_POINT('Ctrl Pts',(-2.36498152431785,18.4739355349396,-8.02710194834595));
#3028=CARTESIAN_POINT('Ctrl Pts',(-1.25768225252979,16.4969891962463,-8.13950640523932));
#3029=CARTESIAN_POINT('Ctrl Pts',(1.00401295166921,16.358557735874,-8.25191086213268));
#3030=CARTESIAN_POINT('Ctrl Pts',(2.34414911770317,18.1857040703188,-8.36431531902605));
#3031=CARTESIAN_POINT('Ctrl Pts',(1.53264777557714,20.3013349346433,-8.47671977591941));
#3032=CARTESIAN_POINT('Ctrl Pts',(-0.685633574951663,20.763564392809,-8.58912423281277));
#3033=CARTESIAN_POINT('Ctrl Pts',(-2.27458874465524,19.1481229365995,-8.70152868970615));
#3034=CARTESIAN_POINT('Ctrl Pts',(-1.77575384904376,16.9377856240564,-8.8139331465995));
#3035=CARTESIAN_POINT('Ctrl Pts',(0.353001567004866,16.1613660734769,-8.92633760349289));
#3036=CARTESIAN_POINT('Ctrl Pts',(2.15774686396891,17.5315232858607,-9.03874206038623));
#3037=CARTESIAN_POINT('Ctrl Pts',(1.98194603847885,19.7906186919343,-9.15114651727962));
#3038=CARTESIAN_POINT('Ctrl Pts',(-0.0130295183966616,20.8650924264655,
-9.26355097417297));
#3039=CARTESIAN_POINT('Ctrl Pts',(-1.99605586967766,19.7686941071174,-9.37595543106634));
#3040=CARTESIAN_POINT('Ctrl Pts',(-2.14693128306359,17.5078140129931,-9.4883598879597));
#3041=CARTESIAN_POINT('Ctrl Pts',(-0.327228892619661,16.1575954848443,-9.60076434485308));
#3042=CARTESIAN_POINT('Ctrl Pts',(1.79290259611193,16.9574937197265,-9.71316880174643));
#3043=CARTESIAN_POINT('Ctrl Pts',(2.26723036517924,19.1730654522629,-9.82557325863981));
#3044=CARTESIAN_POINT('Ctrl Pts',(0.660796454070001,20.7711466419804,-9.93797771553316));
#3045=CARTESIAN_POINT('Ctrl Pts',(-1.55269490340868,20.2840191826525,-10.0503821724265));
#3046=CARTESIAN_POINT('Ctrl Pts',(-2.3399840330644,18.1605007217795,-10.1627866293199));
#3047=CARTESIAN_POINT('Ctrl Pts',(-0.981450220428216,16.3464327023236,-10.2751910862133));
#3048=CARTESIAN_POINT('Ctrl Pts',(1.28198215535786,16.5133860531156,-10.3875955431066));
#3049=CARTESIAN_POINT('Ctrl Pts',(2.,17.8339355145235,-10.4625318477022));
#3050=CARTESIAN_POINT('Ctrl Pts',(2.,18.5,-10.5));
#3051=CARTESIAN_POINT('',(1.5,18.5,-10.75));
#3052=CARTESIAN_POINT('',(2.,18.5,-10.5));
#3053=CARTESIAN_POINT('Ctrl Pts',(1.49916339380827,18.501303799341,-10.0431034482759));
#3054=CARTESIAN_POINT('Ctrl Pts',(1.50038101697214,18.6457635409317,-10.0539267183972));
#3055=CARTESIAN_POINT('Ctrl Pts',(1.41482527533681,19.2889116114136,-10.1022181408163));
#3056=CARTESIAN_POINT('Ctrl Pts',(0.495597340552499,20.2033599814853,-10.1879777155332));
#3057=CARTESIAN_POINT('Ctrl Pts',(-1.16452117755651,19.8380143869894,-10.3003821724265));
#3058=CARTESIAN_POINT('Ctrl Pts',(-1.7549880247983,18.2453755413346,-10.4127866293199));
#3059=CARTESIAN_POINT('Ctrl Pts',(-0.736087665321162,16.8848245267427,-10.5251910862133));
#3060=CARTESIAN_POINT('Ctrl Pts',(0.961486616518394,17.0100395398367,-10.6375955431067));
#3061=CARTESIAN_POINT('Ctrl Pts',(1.5,18.0004516358926,-10.7125318477022));
#3062=CARTESIAN_POINT('Ctrl Pts',(1.5,18.5,-10.75));
#3063=CARTESIAN_POINT('',(0.916563396400826,16.7229548382969,-1.18719684745862));
#3064=CARTESIAN_POINT('Ctrl Pts',(0.916163433040958,16.7236263856887,-1.18719684745862));
#3065=CARTESIAN_POINT('Ctrl Pts',(0.91497345857808,16.7251265406957,-1.18811731381617));
#3066=CARTESIAN_POINT('Ctrl Pts',(0.913780481492295,16.7266246176709,-1.18903724276089));
#3067=CARTESIAN_POINT('Ctrl Pts',(0.912584490660141,16.7281205926923,-1.1899566193268));
#3068=CARTESIAN_POINT('Ctrl Pts',(0.893276782543395,16.7522711532873,-1.20479875181372));
#3069=CARTESIAN_POINT('Ctrl Pts',(0.873212920725957,16.7758787963678,-1.21949500257427));
#3070=CARTESIAN_POINT('Ctrl Pts',(0.852311111827122,16.7988258599972,-1.23397459953083));
#3071=CARTESIAN_POINT('Ctrl Pts',(0.831215545482596,16.8219856403563,-1.24858842074208));
#3072=CARTESIAN_POINT('Ctrl Pts',(0.809266939023159,16.8444722574,-1.26298155281873));
#3073=CARTESIAN_POINT('Ctrl Pts',(0.78641012628465,16.866209438225,-1.27708123723439));
#3074=CARTESIAN_POINT('Ctrl Pts',(0.768268838087881,16.8834620826092,-1.28827205554289));
#3075=CARTESIAN_POINT('Ctrl Pts',(0.74955611056114,16.9002434585102,-1.29927801699763));
#3076=CARTESIAN_POINT('Ctrl Pts',(0.730253658570987,16.9165368619738,-1.31006274339478));
#3077=CARTESIAN_POINT('Ctrl Pts',(0.705744323602232,16.9372254503186,-1.3237566757485));
#3078=CARTESIAN_POINT('Ctrl Pts',(0.680457862797155,16.956968817432,-1.33699203339858));
#3079=CARTESIAN_POINT('Ctrl Pts',(0.654335383481058,16.975743352932,-1.34968741608702));
#3080=CARTESIAN_POINT('Ctrl Pts',(0.628891958839435,16.994029843789,-1.36205278190169));
#3081=CARTESIAN_POINT('Ctrl Pts',(0.602656269091695,17.011397114571,-1.3739058812035));
#3082=CARTESIAN_POINT('Ctrl Pts',(0.575568313659518,17.0278718687937,-1.3851714981545));
#3083=CARTESIAN_POINT('Ctrl Pts',(0.549929351279114,17.0434653529458,-1.39583449300186));
#3084=CARTESIAN_POINT('Ctrl Pts',(0.523527461152021,17.0582592233113,-1.40597117586169));
#3085=CARTESIAN_POINT('Ctrl Pts',(0.496296523346502,17.0723207315751,-1.41551776710996));
#3086=CARTESIAN_POINT('Ctrl Pts',(0.491574936902184,17.0747588637937,-1.41717305552306));
#3087=CARTESIAN_POINT('Ctrl Pts',(0.486828374587108,17.0771750937145,-1.41881060326136));
#3088=CARTESIAN_POINT('Ctrl Pts',(0.48205642194384,17.0795699221494,-1.42043007785062));
#3089=CARTESIAN_POINT('Ctrl Pts',(0.916163433040962,16.7236263856887,-1.18719684745862));
#3090=CARTESIAN_POINT('Ctrl Pts',(1.41780080408141,16.9868763758769,-1.21907607655374));
#3091=CARTESIAN_POINT('Ctrl Pts',(2.26491593026211,18.0337018388238,-1.28842345794665));
#3092=CARTESIAN_POINT('Ctrl Pts',(1.78696626189617,19.87817119108,-1.3827906821549));
#3093=CARTESIAN_POINT('Ctrl Pts',(0.735657323772324,20.4071767114434,-1.44527867726804));
#3094=CARTESIAN_POINT('Ctrl Pts',(0.29526097789401,20.4763338087157,-1.47029852008338));
#3095=CARTESIAN_POINT('Ctrl Pts',(-1.5,18.5,8.84708972748172E-16));
#3096=CARTESIAN_POINT('Ctrl Pts',(-1.5,18.1245805718026,-0.0281579789303896));
#3097=CARTESIAN_POINT('Ctrl Pts',(-1.3528059908131,17.7510970034189,-0.0563159578607801));
#3098=CARTESIAN_POINT('Ctrl Pts',(-1.09667522170612,17.4766215469848,-0.0844739367911706));
#3099=CARTESIAN_POINT('Ctrl Pts',(-1.66666666666667,18.5,-0.0833333333333325));
#3100=CARTESIAN_POINT('Ctrl Pts',(-1.66666666666667,18.0828673020029,-0.111491312263723));
#3101=CARTESIAN_POINT('Ctrl Pts',(-1.50311776757011,17.6678855593543,-0.139649291194114));
#3102=CARTESIAN_POINT('Ctrl Pts',(-1.21852802411791,17.3629128299831,-0.167807270124504));
#3103=CARTESIAN_POINT('Ctrl Pts',(-1.83333333333333,18.5,-0.166666666666666));
#3104=CARTESIAN_POINT('Ctrl Pts',(-1.83333333333333,18.0411540322032,-0.194824645597056));
#3105=CARTESIAN_POINT('Ctrl Pts',(-1.65342954432712,17.5846741152897,-0.222982624527447));
#3106=CARTESIAN_POINT('Ctrl Pts',(-1.3403808265297,17.2492041129814,-0.251140603457837));
#3107=CARTESIAN_POINT('Ctrl Pts',(-2.,18.5,-0.249999999999999));
#3108=CARTESIAN_POINT('Ctrl Pts',(-2.,17.9994407624035,-0.27815797893039));
#3109=CARTESIAN_POINT('Ctrl Pts',(-1.80374132108413,17.5014626712251,-0.30631595786078));
#3110=CARTESIAN_POINT('Ctrl Pts',(-1.4622336289415,17.1354953959797,-0.334473936791171));
#3111=CARTESIAN_POINT('',(-1.5,18.5,0.));
#3112=CARTESIAN_POINT('Ctrl Pts',(-1.4622336289415,17.1354953959797,-0.334473936791171));
#3113=CARTESIAN_POINT('Ctrl Pts',(-1.47416724990613,17.2821915457332,-0.282303229390358));
#3114=CARTESIAN_POINT('Ctrl Pts',(-1.48259187135813,17.4307192943177,-0.232333311735223));
#3115=CARTESIAN_POINT('Ctrl Pts',(-1.50004633652916,17.8886742222502,-0.0936647544940564));
#3116=CARTESIAN_POINT('Ctrl Pts',(-1.49981928272026,18.1546998469123,-0.0352695625577717));
#3117=CARTESIAN_POINT('Ctrl Pts',(-1.49999095919719,18.4300828465791,-0.00593392841223897));
#3118=CARTESIAN_POINT('Ctrl Pts',(-1.49999762238836,18.4567992871076,-0.00343040801442156));
#3119=CARTESIAN_POINT('Ctrl Pts',(-1.4999996840967,18.4868930531728,-0.00100968075279399));
#3120=CARTESIAN_POINT('Ctrl Pts',(-1.4999998358605,18.4902233243546,-0.000747282215306623));
#3121=CARTESIAN_POINT('Ctrl Pts',(-1.49999994839383,18.4946859512136,-0.000403040980111629));
#3122=CARTESIAN_POINT('Ctrl Pts',(-1.49999996910678,18.4958178919976,-0.000316360379233271));
#3123=CARTESIAN_POINT('Ctrl Pts',(-1.4999999885869,18.4974869370385,-0.000189488564300183));
#3124=CARTESIAN_POINT('Ctrl Pts',(-1.49999999316663,18.4980240022631,-0.000148807039832713));
#3125=CARTESIAN_POINT('Ctrl Pts',(-1.49999999870577,18.4990407104187,-7.20649917314908E-5));
#3126=CARTESIAN_POINT('Ctrl Pts',(-1.5,18.4995203508832,-3.59756280849318E-5));
#3127=CARTESIAN_POINT('Ctrl Pts',(-1.5,18.5,7.4670743722094E-16));
#3128=CARTESIAN_POINT('',(-1.5,18.5,8.84708972748172E-16));
#3129=CARTESIAN_POINT('Ctrl Pts',(1.05670641982156,17.4354007597655,-0.264667603294318));
#3130=CARTESIAN_POINT('Ctrl Pts',(1.34665715719838,17.7232018346099,-0.295309388255582));
#3131=CARTESIAN_POINT('Ctrl Pts',(1.67599348543234,18.5468582678982,-0.356592958178111));
#3132=CARTESIAN_POINT('Ctrl Pts',(1.30115119728327,19.3508269216446,-0.417876528100639));
#3133=CARTESIAN_POINT('Ctrl Pts',(0.995572997601581,19.6219778992683,-0.448518313061903));
#3134=CARTESIAN_POINT('Ctrl Pts',(1.17411824424618,17.317111955295,-0.348000936627651));
#3135=CARTESIAN_POINT('Ctrl Pts',(1.49628573022042,17.6368909273444,-0.378642721588915));
#3136=CARTESIAN_POINT('Ctrl Pts',(1.86221498381371,18.5520647421091,-0.439926291511444));
#3137=CARTESIAN_POINT('Ctrl Pts',(1.44572355253696,19.4453632462718,-0.501209861433972));
#3138=CARTESIAN_POINT('Ctrl Pts',(1.10619221955731,19.7466421102982,-0.531851646395237));
#3139=CARTESIAN_POINT('Ctrl Pts',(1.29153006867079,17.1988231508245,-0.431334269960984));
#3140=CARTESIAN_POINT('Ctrl Pts',(1.64591430324246,17.5505800200788,-0.461976054922249));
#3141=CARTESIAN_POINT('Ctrl Pts',(2.04843648219508,18.55727121632,-0.523259624844777));
#3142=CARTESIAN_POINT('Ctrl Pts',(1.59029590779066,19.539899570899,-0.584543194767306));
#3143=CARTESIAN_POINT('Ctrl Pts',(1.21681144151304,19.871306321328,-0.61518497972857));
#3144=CARTESIAN_POINT('Ctrl Pts',(1.40894189309541,17.080534346354,-0.514667603294318));
#3145=CARTESIAN_POINT('Ctrl Pts',(1.79554287626451,17.4642691128133,-0.545309388255582));
#3146=CARTESIAN_POINT('Ctrl Pts',(2.23465798057645,18.5624776905309,-0.606592958178111));
#3147=CARTESIAN_POINT('Ctrl Pts',(1.73486826304435,19.6344358955262,-0.667876528100639));
#3148=CARTESIAN_POINT('Ctrl Pts',(1.32743066346877,19.9959705323578,-0.698518313061903));
#3149=CARTESIAN_POINT('',(1.46356474993254,18.1713996001906,-0.328600399809404));
#3150=CARTESIAN_POINT('Ctrl Pts',(1.46356474993254,18.1713996001906,-0.328600399809405));
#3151=CARTESIAN_POINT('Ctrl Pts',(1.46353494406167,18.167334155788,-0.328733153214358));
#3152=CARTESIAN_POINT('Ctrl Pts',(1.46350342799752,18.1632690262219,-0.32887343946698));
#3153=CARTESIAN_POINT('Ctrl Pts',(1.46165762596929,17.9374627215398,-0.337083475732088));
#3154=CARTESIAN_POINT('Ctrl Pts',(1.45496138617535,17.7195478208816,-0.367682390450555));
#3155=CARTESIAN_POINT('Ctrl Pts',(1.43404461008433,17.3621175182939,-0.440949350435936));
#3156=CARTESIAN_POINT('Ctrl Pts',(1.42300439908462,17.2201493963503,-0.476170418541911));
#3157=CARTESIAN_POINT('Ctrl Pts',(1.40894189309541,17.080534346354,-0.514667603294317));
#3158=CARTESIAN_POINT('',(1.45042366913537,18.8824541541308,-0.382454154130794));
#3159=CARTESIAN_POINT('Ctrl Pts',(1.449836706392,18.8813867890971,-0.382454154130793));
#3160=CARTESIAN_POINT('Ctrl Pts',(1.47961462263015,18.7704952026771,-0.373833755479899));
#3161=CARTESIAN_POINT('Ctrl Pts',(1.49674830372407,18.6564105378975,-0.365213356829005));
#3162=CARTESIAN_POINT('Ctrl Pts',(1.49994883133658,18.5419363230127,-0.35659295817811));
#3163=CARTESIAN_POINT('Ctrl Pts',(1.50341313191137,18.4180276628047,-0.347262105388542));
#3164=CARTESIAN_POINT('Ctrl Pts',(1.49055302616274,18.2936625966432,-0.337931252598973));
#3165=CARTESIAN_POINT('Ctrl Pts',(1.46280189378625,18.172482287372,-0.328600399809404));
#3166=CARTESIAN_POINT('Ctrl Pts',(1.32743066346878,19.9959705323578,-0.698518313061903));
#3167=CARTESIAN_POINT('Ctrl Pts',(1.35459185956849,19.8513498277376,-0.646902480112285));
#3168=CARTESIAN_POINT('Ctrl Pts',(1.37694155727023,19.7042844623807,-0.597026480678521));
#3169=CARTESIAN_POINT('Ctrl Pts',(1.42178988436303,19.3373053584793,-0.483561852350364));
#3170=CARTESIAN_POINT('Ctrl Pts',(1.43970724825459,19.1105292562699,-0.423095235750683));
#3171=CARTESIAN_POINT('Ctrl Pts',(1.45042366913537,18.8824541541308,-0.382454154130793));
#3172=CARTESIAN_POINT('Ctrl Pts',(-0.924414237951762,19.6812951860869,-0.604877058526419));
#3173=CARTESIAN_POINT('Ctrl Pts',(-1.30341611066365,19.3847099367168,-0.640973045108431));
#3174=CARTESIAN_POINT('Ctrl Pts',(-1.74749173367375,18.4025346662493,-0.713165018272455));
#3175=CARTESIAN_POINT('Ctrl Pts',(-1.19694964574479,17.4758336193692,-0.785356991436479));
#3176=CARTESIAN_POINT('Ctrl Pts',(-0.787317305913639,17.2232339839231,-0.821452978018491));
#3177=CARTESIAN_POINT('Ctrl Pts',(-1.02712693105751,19.8125502067632,-0.688210391859752));
#3178=CARTESIAN_POINT('Ctrl Pts',(-1.44824012295961,19.4830110407965,-0.724306378441764));
#3179=CARTESIAN_POINT('Ctrl Pts',(-1.94165748185972,18.3917051847214,-0.796498351605788));
#3180=CARTESIAN_POINT('Ctrl Pts',(-1.32994405082754,17.3620373548546,-0.868690324769812));
#3181=CARTESIAN_POINT('Ctrl Pts',(-0.874797006570709,17.0813710932479,-0.904786311351824));
#3182=CARTESIAN_POINT('Ctrl Pts',(-1.12983962416326,19.9438052274395,-0.771543725193086));
#3183=CARTESIAN_POINT('Ctrl Pts',(-1.59306413525558,19.5813121448761,-0.807639711775098));
#3184=CARTESIAN_POINT('Ctrl Pts',(-2.13582323004569,18.3808757031935,-0.879831684939122));
#3185=CARTESIAN_POINT('Ctrl Pts',(-1.4629384559103,17.2482410903401,-0.952023658103146));
#3186=CARTESIAN_POINT('Ctrl Pts',(-0.96227670722778,16.9395082025727,-0.988119644685158));
#3187=CARTESIAN_POINT('Ctrl Pts',(-1.23255231726902,20.0750602481159,-0.854877058526419));
#3188=CARTESIAN_POINT('Ctrl Pts',(-1.73788814755154,19.6796132489558,-0.890973045108431));
#3189=CARTESIAN_POINT('Ctrl Pts',(-2.32998897823166,18.3700462216657,-0.963165018272455));
#3190=CARTESIAN_POINT('Ctrl Pts',(-1.59593286099305,17.1344448258256,-1.03535699143648));
#3191=CARTESIAN_POINT('Ctrl Pts',(-1.04975640788485,16.7976453118975,-1.07145297801849));
#3192=CARTESIAN_POINT('',(-1.34896143718636,19.1559748783178,-0.655974878317842));
#3193=CARTESIAN_POINT('Ctrl Pts',(-1.34896143718636,19.1559748783178,-0.655974878317842));
#3194=CARTESIAN_POINT('Ctrl Pts',(-1.3486826927147,19.1606552161397,-0.656548094694754));
#3195=CARTESIAN_POINT('Ctrl Pts',(-1.34839950568326,19.1653342623065,-0.657129517954765));
#3196=CARTESIAN_POINT('Ctrl Pts',(-1.33750403301251,19.3425299048615,-0.67946172166621));
#3197=CARTESIAN_POINT('Ctrl Pts',(-1.32081664726523,19.5139268868047,-0.712382628243326));
#3198=CARTESIAN_POINT('Ctrl Pts',(-1.28027753342119,19.8139686319034,-0.782408374268362));
#3199=CARTESIAN_POINT('Ctrl Pts',(-1.25844419228289,19.9456917407221,-0.817546438610376));
#3200=CARTESIAN_POINT('Ctrl Pts',(-1.23255231726902,20.0750602481159,-0.854877058526419));
#3201=CARTESIAN_POINT('',(-1.2888894419817,17.7326904103635,-0.767309589636483));
#3202=CARTESIAN_POINT('Ctrl Pts',(-1.28670415971865,17.735579525398,-0.767309589636483));
#3203=CARTESIAN_POINT('Ctrl Pts',(-1.41005543379594,17.9426461442001,-0.749261399181807));
#3204=CARTESIAN_POINT('Ctrl Pts',(-1.48552885243872,18.1777910758093,-0.731213208727131));
#3205=CARTESIAN_POINT('Ctrl Pts',(-1.49883730593898,18.4164032221461,-0.713165018272455));
#3206=CARTESIAN_POINT('Ctrl Pts',(-1.51289434432871,18.668437021659,-0.694101638287584));
#3207=CARTESIAN_POINT('Ctrl Pts',(-1.45759631929463,18.9243390594437,-0.675038258302713));
#3208=CARTESIAN_POINT('Ctrl Pts',(-1.34644985057733,19.1534148669107,-0.655974878317842));
#3209=CARTESIAN_POINT('Ctrl Pts',(-1.04975640788485,16.7976453118975,-1.07145297801849));
#3210=CARTESIAN_POINT('Ctrl Pts',(-1.1005753427186,16.9310039374077,-1.02166310988796));
#3211=CARTESIAN_POINT('Ctrl Pts',(-1.14396290561108,17.069175281623,-0.972046209964378));
#3212=CARTESIAN_POINT('Ctrl Pts',(-1.22553611970725,17.3788380997633,-0.86796912201296));
#3213=CARTESIAN_POINT('Ctrl Pts',(-1.26145333158112,17.5552469353503,-0.813395437515836));
#3214=CARTESIAN_POINT('Ctrl Pts',(-1.2888894419817,17.7326904103635,-0.767309589636482));
#3215=CARTESIAN_POINT('Ctrl Pts',(0.687616935894312,17.1668897459432,-0.937196847458617));
#3216=CARTESIAN_POINT('Ctrl Pts',(1.06034320314093,17.3591415818522,-0.968652588861368));
#3217=CARTESIAN_POINT('Ctrl Pts',(1.63262894187946,18.0721974241088,-1.03156407166687));
#3218=CARTESIAN_POINT('Ctrl Pts',(1.40857056151472,19.4297425875132,-1.12593129587513));
#3219=CARTESIAN_POINT('Ctrl Pts',(0.63750326468104,19.9210824135943,-1.18884277868063));
#3220=CARTESIAN_POINT('Ctrl Pts',(0.222766744118924,19.9833660969952,-1.22029852008338));
#3221=CARTESIAN_POINT('Ctrl Pts',(0.764018817660347,17.0187663843814,-1.02053018079195));
#3222=CARTESIAN_POINT('Ctrl Pts',(1.17815911460103,17.2323795353913,-1.0519859221947));
#3223=CARTESIAN_POINT('Ctrl Pts',(1.81403215764384,18.0246638045653,-1.1148974050002));
#3224=CARTESIAN_POINT('Ctrl Pts',(1.56507840168302,19.5330473194591,-1.20926462920846));
#3225=CARTESIAN_POINT('Ctrl Pts',(0.708336960756711,20.0789804595492,-1.27217611201396));
#3226=CARTESIAN_POINT('Ctrl Pts',(0.247518604576583,20.1481845522168,-1.30363185341672));
#3227=CARTESIAN_POINT('Ctrl Pts',(0.840420699426382,16.8706430228195,-1.10386351412528));
#3228=CARTESIAN_POINT('Ctrl Pts',(1.29597502606113,17.1056174889304,-1.13531925552804));
#3229=CARTESIAN_POINT('Ctrl Pts',(1.99543537340823,17.9771301850218,-1.19823073833354));
#3230=CARTESIAN_POINT('Ctrl Pts',(1.72158624185132,19.636352051405,-1.29259796254179));
#3231=CARTESIAN_POINT('Ctrl Pts',(0.779170656832382,20.2368785055041,-1.3555094453473));
#3232=CARTESIAN_POINT('Ctrl Pts',(0.272270465034241,20.3130030074385,-1.38696518675005));
#3233=CARTESIAN_POINT('Ctrl Pts',(0.916822581192416,16.7225196612576,-1.18719684745862));
#3234=CARTESIAN_POINT('Ctrl Pts',(1.41379093752124,16.9788554424695,-1.21865258886137));
#3235=CARTESIAN_POINT('Ctrl Pts',(2.17683858917261,17.9295965654784,-1.28156407166687));
#3236=CARTESIAN_POINT('Ctrl Pts',(1.87809408201962,19.7396567833509,-1.37593129587513));
#3237=CARTESIAN_POINT('Ctrl Pts',(0.850004352908054,20.394776551459,-1.43884277868063));
#3238=CARTESIAN_POINT('Ctrl Pts',(0.297022325491899,20.4778214626602,-1.47029852008338));
#3239=CARTESIAN_POINT('',(1.13480182560768,17.5208147324231,-0.980220961895423));
#3240=CARTESIAN_POINT('Ctrl Pts',(1.13453410394509,17.5212670487477,-0.980220961895423));
#3241=CARTESIAN_POINT('Ctrl Pts',(1.1335868487656,17.5157249857281,-0.98131342459676));
#3242=CARTESIAN_POINT('Ctrl Pts',(1.13263001900935,17.5101857710546,-0.982414353722299));
#3243=CARTESIAN_POINT('Ctrl Pts',(1.13166362234185,17.504649561535,-0.983523555958349));
#3244=CARTESIAN_POINT('Ctrl Pts',(1.12310224306012,17.4556038734913,-0.99335006029386));
#3245=CARTESIAN_POINT('Ctrl Pts',(1.11377840161497,17.4066586487358,-1.00385759484011));
#3246=CARTESIAN_POINT('Ctrl Pts',(1.1036605957821,17.3579200106062,-1.01491624664041));
#3247=CARTESIAN_POINT('Ctrl Pts',(1.09243036520964,17.30382269415,-1.02719076658962));
#3248=CARTESIAN_POINT('Ctrl Pts',(1.08022123286313,17.249980728869,-1.04014425354779));
#3249=CARTESIAN_POINT('Ctrl Pts',(1.06702327448055,17.1965988758762,-1.05359905986616));
#3250=CARTESIAN_POINT('Ctrl Pts',(1.05734694092,17.1574609576721,-1.06346370636338));
#3251=CARTESIAN_POINT('Ctrl Pts',(1.04713989948751,17.1185717075249,-1.07359783043486));
#3252=CARTESIAN_POINT('Ctrl Pts',(1.03640986415295,17.0800247714697,-1.08393142020818));
#3253=CARTESIAN_POINT('Ctrl Pts',(1.02106379902582,17.0248950563559,-1.09871049005409));
#3254=CARTESIAN_POINT('Ctrl Pts',(1.00451097397306,16.9699929162972,-1.11402231708422));
#3255=CARTESIAN_POINT('Ctrl Pts',(0.986676329143753,16.9156099204614,-1.12967474636617));
#3256=CARTESIAN_POINT('Ctrl Pts',(0.966818321295503,16.8550571049467,-1.14710296355244));
#3257=CARTESIAN_POINT('Ctrl Pts',(0.945371327791617,16.795148695767,-1.16495345045941));
#3258=CARTESIAN_POINT('Ctrl Pts',(0.922280830359831,16.7363269603241,-1.18296095111168));
#3259=CARTESIAN_POINT('Ctrl Pts',(0.920471489548712,16.7317177670041,-1.18437199502412));
#3260=CARTESIAN_POINT('Ctrl Pts',(0.918652078529393,16.727115260723,-1.18578400301385));
#3261=CARTESIAN_POINT('Ctrl Pts',(0.916822581192416,16.7225196612576,-1.18719684745862));
#3262=CARTESIAN_POINT('',(0.951263043829194,19.6597838684189,-1.15978386841895));
#3263=CARTESIAN_POINT('Ctrl Pts',(0.951326288421543,19.6583927657913,-1.15978386841895));
#3264=CARTESIAN_POINT('Ctrl Pts',(1.06804978814167,19.5634721906424,-1.14849967757101));
#3265=CARTESIAN_POINT('Ctrl Pts',(1.17059894864191,19.4515507706967,-1.13721548672307));
#3266=CARTESIAN_POINT('Ctrl Pts',(1.25314680070042,19.3263200167994,-1.12593129587513));
#3267=CARTESIAN_POINT('Ctrl Pts',(1.48325668830296,18.977227533045,-1.09447555447238));
#3268=CARTESIAN_POINT('Ctrl Pts',(1.55794281509121,18.5247124785769,-1.06301981306962));
#3269=CARTESIAN_POINT('Ctrl Pts',(1.4522144438007,18.1201909907787,-1.03156407166687));
#3270=CARTESIAN_POINT('Ctrl Pts',(1.39468998635618,17.9000998380804,-1.01444970174306));
#3271=CARTESIAN_POINT('Ctrl Pts',(1.28375911557238,17.6942157712122,-0.99733533181924));
#3272=CARTESIAN_POINT('Ctrl Pts',(1.13453410394509,17.5212670487477,-0.980220961895423));
#3273=CARTESIAN_POINT('Ctrl Pts',(0.297022325491903,20.4778214626602,-1.47029852008338));
#3274=CARTESIAN_POINT('Ctrl Pts',(0.357163392151836,20.451430547547,-1.45814912373094));
#3275=CARTESIAN_POINT('Ctrl Pts',(0.412937608757238,20.416510946768,-1.44304084278142));
#3276=CARTESIAN_POINT('Ctrl Pts',(0.547597167197894,20.3116616837097,-1.3992367824524));
#3277=CARTESIAN_POINT('Ctrl Pts',(0.620910387643941,20.2318294870496,-1.36728720236207));
#3278=CARTESIAN_POINT('Ctrl Pts',(0.794118355416096,20.0017224144428,-1.27856175625191));
#3279=CARTESIAN_POINT('Ctrl Pts',(0.882435719499533,19.8308854108206,-1.21623653328461));
#3280=CARTESIAN_POINT('Ctrl Pts',(0.951263043829196,19.6597838684189,-1.15978386841895));
#3281=CARTESIAN_POINT('Ctrl Pts',(-0.0973378946497006,19.9968384462811,
-1.2443748357774));
#3282=CARTESIAN_POINT('Ctrl Pts',(-0.590405565263664,19.9647747529035,-1.2814350216384));
#3283=CARTESIAN_POINT('Ctrl Pts',(-1.53421982223198,19.3762909798507,-1.3555553933604));
#3284=CARTESIAN_POINT('Ctrl Pts',(-1.57605317736858,17.6978424514884,-1.46673595094339));
#3285=CARTESIAN_POINT('Ctrl Pts',(-0.197126665592575,16.7441333962617,-1.57791650852639));
#3286=CARTESIAN_POINT('Ctrl Pts',(1.35769768658878,17.3685591278114,-1.68909706610938));
#3287=CARTESIAN_POINT('Ctrl Pts',(1.69182362137474,19.0116555834713,-1.80027762369238));
#3288=CARTESIAN_POINT('Ctrl Pts',(0.503527381708988,20.1940424981369,-1.91145818127537));
#3289=CARTESIAN_POINT('Ctrl Pts',(-1.13756406132073,19.8526046589352,-2.02263873885837));
#3290=CARTESIAN_POINT('Ctrl Pts',(-1.75535760844315,18.2941978647307,-2.13381929644136));
#3291=CARTESIAN_POINT('Ctrl Pts',(-0.79390278610978,16.9209954016118,-2.24499985402436));
#3292=CARTESIAN_POINT('Ctrl Pts',(0.881753187513504,16.9683040464928,-2.35618041160735));
#3293=CARTESIAN_POINT('Ctrl Pts',(1.76416065507987,18.3936069091682,-2.46736096919035));
#3294=CARTESIAN_POINT('Ctrl Pts',(1.05944627677009,19.914617768716,-2.57854152677334));
#3295=CARTESIAN_POINT('Ctrl Pts',(-0.598387433184996,20.1629819982228,-2.68972208435634));
#3296=CARTESIAN_POINT('Ctrl Pts',(-1.71788821032165,18.9152543932061,-2.80090264193933));
#3297=CARTESIAN_POINT('Ctrl Pts',(-1.2919022275442,17.2939472539459,-2.91208319952233));
#3298=CARTESIAN_POINT('Ctrl Pts',(0.29633372829303,16.7576561980554,-3.02326375710532));
#3299=CARTESIAN_POINT('Ctrl Pts',(1.61797546357051,17.7888524524745,-3.13444431468832));
#3300=CARTESIAN_POINT('Ctrl Pts',(1.48401711239013,19.4598273122748,-3.24562487227131));
#3301=CARTESIAN_POINT('Ctrl Pts',(0.0149735569379748,20.2673005395475,-3.35680542985431));
#3302=CARTESIAN_POINT('Ctrl Pts',(-1.46754088959187,19.4848345578131,-3.4679859874373));
#3303=CARTESIAN_POINT('Ctrl Pts',(-1.62979275196226,17.8163692986356,-3.5791665450203));
#3304=CARTESIAN_POINT('Ctrl Pts',(-0.325813344267326,16.7629274525489,-3.69034710260329));
#3305=CARTESIAN_POINT('Ctrl Pts',(1.27128169126027,17.2722303858743,-3.80152766018629));
#3306=CARTESIAN_POINT('Ctrl Pts',(1.72467733047011,18.886087383826,-3.91270821776928));
#3307=CARTESIAN_POINT('Ctrl Pts',(0.626479464783209,20.1526036563913,-4.02388877535228));
#3308=CARTESIAN_POINT('Ctrl Pts',(-1.03532612829275,19.9323669822688,-4.13506933293527));
#3309=CARTESIAN_POINT('Ctrl Pts',(-1.76570804582444,18.4235116961754,-4.24624989051827));
#3310=CARTESIAN_POINT('Ctrl Pts',(-0.907583470432317,16.9834685600804,-4.35743044810127));
#3311=CARTESIAN_POINT('Ctrl Pts',(0.767042020514767,16.9077619830385,-4.46861100568425));
#3312=CARTESIAN_POINT('Ctrl Pts',(1.75160369651578,18.2645008402376,-4.57979156326726));
#3313=CARTESIAN_POINT('Ctrl Pts',(1.16034775542696,19.8331048159903,-4.69097212085024));
#3314=CARTESIAN_POINT('Ctrl Pts',(-0.47480666489402,20.2023906704652,-4.80215267843325));
#3315=CARTESIAN_POINT('Ctrl Pts',(-1.68280469774769,19.0401330513458,-4.91333323601624));
#3316=CARTESIAN_POINT('Ctrl Pts',(-1.37687963592679,17.3919486329176,-5.02451379359923));
#3317=CARTESIAN_POINT('Ctrl Pts',(0.167745247813644,16.7406146255708,-5.13569435118223));
#3318=CARTESIAN_POINT('Ctrl Pts',(1.56145933065764,17.6720989656836,-5.24687490876522));
#3319=CARTESIAN_POINT('Ctrl Pts',(1.55041780208291,19.3483984929884,-5.35805546634822));
#3320=CARTESIAN_POINT('Ctrl Pts',(0.144554093539251,20.2614424424208,-5.46923602393121));
#3321=CARTESIAN_POINT('Ctrl Pts',(-1.39135666142165,19.5898174180283,-5.58041658151421));
#3322=CARTESIAN_POINT('Ctrl Pts',(-1.67554344301825,17.9377460231543,-5.6915971390972));
#3323=CARTESIAN_POINT('Ctrl Pts',(-0.452339665319697,16.7915023584744,-5.80277769668021));
#3324=CARTESIAN_POINT('Ctrl Pts',(1.17780822590743,17.1822962598121,-5.91395825426318));
#3325=CARTESIAN_POINT('Ctrl Pts',(1.74834945173234,18.7585528157792,-6.0251388118462));
#3326=CARTESIAN_POINT('Ctrl Pts',(0.746000718259883,20.1022041980585,-6.13631936942917));
#3327=CARTESIAN_POINT('Ctrl Pts',(-0.927482174472051,20.0044441431827,-6.24749992701219));
#3328=CARTESIAN_POINT('Ctrl Pts',(-1.76656242635324,18.5532217785893,-6.35868048459516));
#3329=CARTESIAN_POINT('Ctrl Pts',(-1.01636754783742,17.0541188252051,-6.46986104217817));
#3330=CARTESIAN_POINT('Ctrl Pts',(0.648195055831256,16.8557924299184,-6.58104159976117));
#3331=CARTESIAN_POINT('Ctrl Pts',(1.72961365817931,18.1366655021136,-6.69222215734416));
#3332=CARTESIAN_POINT('Ctrl Pts',(1.25499782261471,19.7444098316766,-6.80340271492715));
#3333=CARTESIAN_POINT('Ctrl Pts',(-0.348667741652438,20.2326298421265,-6.91458327251016));
#3334=CARTESIAN_POINT('Ctrl Pts',(-1.63865688986877,19.1621019265783,-7.02576383009313));
#3335=CARTESIAN_POINT('Ctrl Pts',(-1.45444020002323,17.4959187938105,-7.13694438767615));
#3336=CARTESIAN_POINT('Ctrl Pts',(0.0382531132606757,16.7330500677617,-7.24812494525912));
#3337=CARTESIAN_POINT('Ctrl Pts',(1.49653228923165,17.5598050887679,-7.35930550284214));
#3338=CARTESIAN_POINT('Ctrl Pts',(1.60846699813856,19.2323996728644,-7.47048606042511));
#3339=CARTESIAN_POINT('Ctrl Pts',(0.273355986291168,20.2460961791797,-7.58166661800812));
#3340=CARTESIAN_POINT('Ctrl Pts',(-1.30767776328865,19.6889298681185,-7.69284717559112));
#3341=CARTESIAN_POINT('Ctrl Pts',(-1.71226865868301,18.0621513835777,-7.80402773317411));
#3342=CARTESIAN_POINT('Ctrl Pts',(-0.576429414445984,16.8292802508026,-7.9152082907571));
#3343=CARTESIAN_POINT('Ctrl Pts',(1.07799037991072,17.0994600649368,-8.02638884834011));
#3344=CARTESIAN_POINT('Ctrl Pts',(1.76260393281351,18.6296255396235,-8.13756940592309));
#3345=CARTESIAN_POINT('Ctrl Pts',(0.861503547639611,20.0431742923791,-8.2487499635061));
#3346=CARTESIAN_POINT('Ctrl Pts',(-0.814642210222288,20.0684175159669,-8.35993052108907));
#3347=CARTESIAN_POINT('Ctrl Pts',(-1.75790112707736,18.6826450933344,-8.47111107867209));
#3348=CARTESIAN_POINT('Ctrl Pts',(-1.11967671707616,17.1325576278922,-8.58229163625507));
#3349=CARTESIAN_POINT('Ctrl Pts',(0.525856241582899,16.8126792458375,-8.69347219383807));
#3350=CARTESIAN_POINT('Ctrl Pts',(1.69830744222951,18.0107879005231,-8.80465275142107));
#3351=CARTESIAN_POINT('Ctrl Pts',(1.34288666195417,19.6490105561198,-8.91583330900406));
#3352=CARTESIAN_POINT('Ctrl Pts',(-0.220648635176721,20.2535382763154,-9.02701386658706));
#3353=CARTESIAN_POINT('Ctrl Pts',(-1.58568626006399,19.2805000078955,-9.13819442417004));
#3354=CARTESIAN_POINT('Ctrl Pts',(-1.52415864264376,17.6053058692613,-9.24937498175305));
#3355=CARTESIAN_POINT('Ctrl Pts',(-0.0914598229564413,16.7349872654325,
-9.36055553933604));
#3356=CARTESIAN_POINT('Ctrl Pts',(1.42357249791415,17.452606711801,-9.47173609691903));
#3357=CARTESIAN_POINT('Ctrl Pts',(1.65779709707429,19.1123957826087,-9.58291665450204));
#3358=CARTESIAN_POINT('Ctrl Pts',(0.400791466113972,20.2214600787207,-9.69409721208502));
#3359=CARTESIAN_POINT('Ctrl Pts',(-1.21715975437929,19.7814146821957,-9.80527776966803));
#3360=CARTESIAN_POINT('Ctrl Pts',(-1.73937382960558,18.1893472464401,-9.916458327251));
#3361=CARTESIAN_POINT('Ctrl Pts',(-0.698193706963803,16.8752151225212,-10.027638884834));
#3362=CARTESIAN_POINT('Ctrl Pts',(0.974002504130488,17.0258780694106,-10.138819442417));
#3363=CARTESIAN_POINT('Ctrl Pts',(1.5,18.0058908943991,-10.212939814139));
#3364=CARTESIAN_POINT('Ctrl Pts',(1.5,18.5,-10.25));
#3365=CARTESIAN_POINT('Ctrl Pts',(-0.108153216277445,20.1631538292012,-1.32770816911074));
#3366=CARTESIAN_POINT('Ctrl Pts',(-0.656006183626292,20.1275275032261,-1.36476835497173));
#3367=CARTESIAN_POINT('Ctrl Pts',(-1.70468869136887,19.4736566442785,-1.43888872669373));
#3368=CARTESIAN_POINT('Ctrl Pts',(-1.7511701970762,17.6087138349871,-1.55006928427672));
#3369=CARTESIAN_POINT('Ctrl Pts',(-0.219029628436193,16.5490371069575,-1.66124984185972));
#3370=CARTESIAN_POINT('Ctrl Pts',(1.50855298509865,17.2428434753461,-1.77243039944271));
#3371=CARTESIAN_POINT('Ctrl Pts',(1.87980402374971,19.068506203857,-1.88361095702571));
#3372=CARTESIAN_POINT('Ctrl Pts',(0.559474868565541,20.3822694423744,-1.9947915146087));
#3373=CARTESIAN_POINT('Ctrl Pts',(-1.26396006813414,20.0028940654836,-2.1059720721917));
#3374=CARTESIAN_POINT('Ctrl Pts',(-1.95039734271461,18.2713309608119,-2.21715262977469));
#3375=CARTESIAN_POINT('Ctrl Pts',(-0.882114206788645,16.7455504462353,-2.32833318735769));
#3376=CARTESIAN_POINT('Ctrl Pts',(0.979725763903893,16.7981156072142,-2.43951374494068));
#3377=CARTESIAN_POINT('Ctrl Pts',(1.9601785056443,18.3817854546313,-2.55069430252368));
#3378=CARTESIAN_POINT('Ctrl Pts',(1.17716252974455,20.0717975207956,-2.66187486010668));
#3379=CARTESIAN_POINT('Ctrl Pts',(-0.664874925761107,20.3477577758031,-2.77305541768967));
#3380=CARTESIAN_POINT('Ctrl Pts',(-1.90876467813517,18.961393770229,-2.88423597527267));
#3381=CARTESIAN_POINT('Ctrl Pts',(-1.43544691949356,17.1599413932732,-2.99541653285566));
#3382=CARTESIAN_POINT('Ctrl Pts',(0.329259698103367,16.5640624422837,-3.10659709043865));
#3383=CARTESIAN_POINT('Ctrl Pts',(1.79775051507834,17.7098360583051,-3.21777764802165));
#3384=CARTESIAN_POINT('Ctrl Pts',(1.6489079026557,19.5664747914165,-3.32895820560465));
#3385=CARTESIAN_POINT('Ctrl Pts',(0.0166372854866384,20.4636672661639,-3.44013876318764));
#3386=CARTESIAN_POINT('Ctrl Pts',(-1.63060098843542,19.5942606197923,-3.55131932077064));
#3387=CARTESIAN_POINT('Ctrl Pts',(-1.81088083551362,17.7404103318173,-3.66249987835363));
#3388=CARTESIAN_POINT('Ctrl Pts',(-0.362014826963696,16.569919391721,-3.77368043593663));
#3389=CARTESIAN_POINT('Ctrl Pts',(1.41253521251141,17.1358115398604,-3.88486099351962));
#3390=CARTESIAN_POINT('Ctrl Pts',(1.91630814496679,18.9289859820288,-3.99604155110262));
#3391=CARTESIAN_POINT('Ctrl Pts',(0.696088294203565,20.3362262848792,-4.10722210868562));
#3392=CARTESIAN_POINT('Ctrl Pts',(-1.15036236476972,20.0915188691876,-4.2184026662686));
#3393=CARTESIAN_POINT('Ctrl Pts',(-1.96189782869382,18.4150129957504,-4.3295832238516));
#3394=CARTESIAN_POINT('Ctrl Pts',(-1.00842607825813,16.814965066756,-4.44076378143459));
#3395=CARTESIAN_POINT('Ctrl Pts',(0.852268911683075,16.7308466478205,-4.5519443390176));
#3396=CARTESIAN_POINT('Ctrl Pts',(1.94622632946198,18.2383342669307,-4.66312489660058));
#3397=CARTESIAN_POINT('Ctrl Pts',(1.28927528380774,19.9812275733226,-4.77430545418358));
#3398=CARTESIAN_POINT('Ctrl Pts',(-0.527562960993357,20.3915451894058,-4.88548601176658));
#3399=CARTESIAN_POINT('Ctrl Pts',(-1.86978299749743,19.1001478348287,-4.99666656934957));
#3400=CARTESIAN_POINT('Ctrl Pts',(-1.52986626214087,17.2688318143529,-5.10784712693256));
#3401=CARTESIAN_POINT('Ctrl Pts',(0.186383608681827,16.5451273617454,-5.21902768451557));
#3402=CARTESIAN_POINT('Ctrl Pts',(1.73495481184182,17.5801099618706,-5.33020824209855));
#3403=CARTESIAN_POINT('Ctrl Pts',(1.72268644675879,19.4426649922094,-5.44138879968155));
#3404=CARTESIAN_POINT('Ctrl Pts',(0.160615659488055,20.4571582693564,-5.55256935726454));
#3405=CARTESIAN_POINT('Ctrl Pts',(-1.54595184602406,19.7109082422536,-5.66374991484755));
#3406=CARTESIAN_POINT('Ctrl Pts',(-1.86171493668695,17.8752733590604,-5.77493047243053));
#3407=CARTESIAN_POINT('Ctrl Pts',(-0.502599628132994,16.6016692871937,-5.88611103001354));
#3408=CARTESIAN_POINT('Ctrl Pts',(1.30867580656381,17.0358847331246,-5.99729158759652));
#3409=CARTESIAN_POINT('Ctrl Pts',(1.94261050192482,18.7872809064213,-6.10847214517953));
#3410=CARTESIAN_POINT('Ctrl Pts',(0.828889686955426,20.2802268867317,-6.21965270276251));
#3411=CARTESIAN_POINT('Ctrl Pts',(-1.03053574941339,20.1716046035363,-6.33083326034552));
#3412=CARTESIAN_POINT('Ctrl Pts',(-1.96284714039249,18.5591353095437,-6.44201381792851));
#3413=CARTESIAN_POINT('Ctrl Pts',(-1.12929727537491,16.893465361339,-6.5531943755115));
#3414=CARTESIAN_POINT('Ctrl Pts',(0.720216728701394,16.6731026999093,-6.6643749330945));
#3415=CARTESIAN_POINT('Ctrl Pts',(1.92179295353257,18.0962950023485,-6.77555549067749));
#3416=CARTESIAN_POINT('Ctrl Pts',(1.39444202512746,19.8826775907518,-6.88673604826048));
#3417=CARTESIAN_POINT('Ctrl Pts',(-0.387408601836041,20.4251442690295,-6.99791660584349));
#3418=CARTESIAN_POINT('Ctrl Pts',(-1.82072987763197,19.2356688073092,-7.10909716342646));
#3419=CARTESIAN_POINT('Ctrl Pts',(-1.61604466669248,17.3843542153451,-7.22027772100948));
#3420=CARTESIAN_POINT('Ctrl Pts',(0.0425034591785297,16.536722297513,-7.33145827859246));
#3421=CARTESIAN_POINT('Ctrl Pts',(1.66281365470183,17.4553389875199,-7.44263883617547));
#3422=CARTESIAN_POINT('Ctrl Pts',(1.78718555348729,19.3137774142938,-7.55381939375845));
#3423=CARTESIAN_POINT('Ctrl Pts',(0.303728873656852,20.4401068657552,-7.66499995134145));
#3424=CARTESIAN_POINT('Ctrl Pts',(-1.45297529254295,19.8210331867983,-7.77618050892445));
#3425=CARTESIAN_POINT('Ctrl Pts',(-1.90252073187001,18.0135015373086,-7.88736106650745));
#3426=CARTESIAN_POINT('Ctrl Pts',(-0.640477127162202,16.643644723114,-7.99854162409043));
#3427=CARTESIAN_POINT('Ctrl Pts',(1.19776708878969,16.9438445165964,-8.10972218167345));
#3428=CARTESIAN_POINT('Ctrl Pts',(1.95844881423724,18.6440283773594,-8.22090273925641));
#3429=CARTESIAN_POINT('Ctrl Pts',(0.95722616404401,20.2146381026435,-8.33208329683944));
#3430=CARTESIAN_POINT('Ctrl Pts',(-0.905158011358095,20.2426861288521,-8.4432638544224));
#3431=CARTESIAN_POINT('Ctrl Pts',(-1.9532234745304,18.7029389925938,-8.55444441200542));
#3432=CARTESIAN_POINT('Ctrl Pts',(-1.24408524119573,16.9806195865469,-8.66562496958841));
#3433=CARTESIAN_POINT('Ctrl Pts',(0.584284712869887,16.6251991620417,-8.7768055271714));
#3434=CARTESIAN_POINT('Ctrl Pts',(1.8870082691439,17.9564310005812,-8.8879860847544));
#3435=CARTESIAN_POINT('Ctrl Pts',(1.49209629106019,19.7766783956887,-8.99916664233739));
#3436=CARTESIAN_POINT('Ctrl Pts',(-0.245165150196357,20.4483758625727,-9.11034719992039));
#3437=CARTESIAN_POINT('Ctrl Pts',(-1.76187362229332,19.367222230995,-9.22152775750338));
#3438=CARTESIAN_POINT('Ctrl Pts',(-1.69350960293752,17.5058954102903,-9.33270831508638));
#3439=CARTESIAN_POINT('Ctrl Pts',(-0.101622025507157,16.5388747393694,-9.44388887266937));
#3440=CARTESIAN_POINT('Ctrl Pts',(1.58174721990461,17.336229679779,-9.55506943025237));
#3441=CARTESIAN_POINT('Ctrl Pts',(1.84199677452698,19.1804397584541,-9.66624998783536));
#3442=CARTESIAN_POINT('Ctrl Pts',(0.445323851237747,20.4127334208008,-9.77743054541836));
#3443=CARTESIAN_POINT('Ctrl Pts',(-1.3523997270881,19.9237940913285,-9.88861110300136));
#3444=CARTESIAN_POINT('Ctrl Pts',(-1.93263758845064,18.1548302738224,-9.99979166058434));
#3445=CARTESIAN_POINT('Ctrl Pts',(-0.775770785515337,16.694683469468,-10.1109722181674));
#3446=CARTESIAN_POINT('Ctrl Pts',(1.08222500458943,16.8620867437895,-10.2221527757503));
#3447=CARTESIAN_POINT('Ctrl Pts',(1.66666666666667,17.9509898826657,-10.2962731474723));
#3448=CARTESIAN_POINT('Ctrl Pts',(1.66666666666667,18.5,-10.3333333333333));
#3449=CARTESIAN_POINT('Ctrl Pts',(-0.11896853790519,20.3294692121213,-1.41104150244407));
#3450=CARTESIAN_POINT('Ctrl Pts',(-0.721606801988923,20.2902802535487,-1.44810168830507));
#3451=CARTESIAN_POINT('Ctrl Pts',(-1.87515756050576,19.5710223087064,-1.52222206002707));
#3452=CARTESIAN_POINT('Ctrl Pts',(-1.92628721678382,17.5195852184858,-1.63340261761006));
#3453=CARTESIAN_POINT('Ctrl Pts',(-0.240932591279815,16.3539408176532,-1.74458317519306));
#3454=CARTESIAN_POINT('Ctrl Pts',(1.65940828360852,17.1171278228807,-1.85576373277605));
#3455=CARTESIAN_POINT('Ctrl Pts',(2.06778442612468,19.1253568242427,-1.96694429035905));
#3456=CARTESIAN_POINT('Ctrl Pts',(0.615422355422096,20.5704963866118,-2.07812484794204));
#3457=CARTESIAN_POINT('Ctrl Pts',(-1.39035607494756,20.1531834720319,-2.18930540552503));
#3458=CARTESIAN_POINT('Ctrl Pts',(-2.14543707698607,18.2484640568931,-2.30048596310803));
#3459=CARTESIAN_POINT('Ctrl Pts',(-0.970325627467509,16.5701054908589,-2.41166652069102));
#3460=CARTESIAN_POINT('Ctrl Pts',(1.07769834029428,16.6279271679356,-2.52284707827402));
#3461=CARTESIAN_POINT('Ctrl Pts',(2.15619635620872,18.3699640000944,-2.63402763585701));
#3462=CARTESIAN_POINT('Ctrl Pts',(1.29487878271901,20.2289772728751,-2.74520819344001));
#3463=CARTESIAN_POINT('Ctrl Pts',(-0.73136241833722,20.5325335533834,-2.856388751023));
#3464=CARTESIAN_POINT('Ctrl Pts',(-2.09964114594868,19.0075331472519,-2.967569308606));
#3465=CARTESIAN_POINT('Ctrl Pts',(-1.57899161144292,17.0259355326006,-3.07874986618899));
#3466=CARTESIAN_POINT('Ctrl Pts',(0.362185667913707,16.3704686865121,-3.18993042377199));
#3467=CARTESIAN_POINT('Ctrl Pts',(1.97752556658617,17.6308196641356,-3.30111098135498));
#3468=CARTESIAN_POINT('Ctrl Pts',(1.81379869292128,19.6731222705581,-3.41229153893798));
#3469=CARTESIAN_POINT('Ctrl Pts',(0.0183010140353004,20.6600339927803,-3.52347209652097));
#3470=CARTESIAN_POINT('Ctrl Pts',(-1.79366108727896,19.7036866817715,-3.63465265410397));
#3471=CARTESIAN_POINT('Ctrl Pts',(-1.99196891906498,17.6644513649991,-3.74583321168697));
#3472=CARTESIAN_POINT('Ctrl Pts',(-0.398216309660065,16.3769113308931,-3.85701376926996));
#3473=CARTESIAN_POINT('Ctrl Pts',(1.55378873376255,16.9993926938464,-3.96819432685296));
#3474=CARTESIAN_POINT('Ctrl Pts',(2.10793895946347,18.9718845802317,-4.07937488443594));
#3475=CARTESIAN_POINT('Ctrl Pts',(0.765697123623923,20.5198489133671,-4.19055544201895));
#3476=CARTESIAN_POINT('Ctrl Pts',(-1.26539860124669,20.2506707561064,-4.30173599960193));
#3477=CARTESIAN_POINT('Ctrl Pts',(-2.15808761156321,18.4065142953254,-4.41291655718494));
#3478=CARTESIAN_POINT('Ctrl Pts',(-1.10926868608394,16.6464615734316,-4.52409711476792));
#3479=CARTESIAN_POINT('Ctrl Pts',(0.937495802851382,16.5539313126025,-4.63527767235093));
#3480=CARTESIAN_POINT('Ctrl Pts',(2.14084896240817,18.2121676936238,-4.74645822993392));
#3481=CARTESIAN_POINT('Ctrl Pts',(1.41820281218851,20.1293503306548,-4.85763878751691));
#3482=CARTESIAN_POINT('Ctrl Pts',(-0.580319257092694,20.5806997083464,-4.96881934509991));
#3483=CARTESIAN_POINT('Ctrl Pts',(-2.05676129724717,19.1601626183115,-5.07999990268291));
#3484=CARTESIAN_POINT('Ctrl Pts',(-1.68285288835496,17.1457149957882,-5.19118046026589));
#3485=CARTESIAN_POINT('Ctrl Pts',(0.20502196955001,16.3496400979199,-5.3023610178489));
#3486=CARTESIAN_POINT('Ctrl Pts',(1.908450293026,17.4881209580577,-5.41354157543188));
#3487=CARTESIAN_POINT('Ctrl Pts',(1.89495509143467,19.5369314914303,-5.52472213301489));
#3488=CARTESIAN_POINT('Ctrl Pts',(0.176677225436859,20.652874096292,-5.63590269059787));
#3489=CARTESIAN_POINT('Ctrl Pts',(-1.70054703062646,19.831999066479,-5.74708324818088));
#3490=CARTESIAN_POINT('Ctrl Pts',(-2.04788643035565,17.8128006949664,-5.85826380576386));
#3491=CARTESIAN_POINT('Ctrl Pts',(-0.552859590946295,16.4118362159131,-5.96944436334688));
#3492=CARTESIAN_POINT('Ctrl Pts',(1.43954338722019,16.8894732064371,-6.08062492092985));
#3493=CARTESIAN_POINT('Ctrl Pts',(2.1368715521173,18.8160089970634,-6.19180547851286));
#3494=CARTESIAN_POINT('Ctrl Pts',(0.911778655650969,20.4582495754049,-6.30298603609584));
#3495=CARTESIAN_POINT('Ctrl Pts',(-1.13358932435473,20.3387650638899,-6.41416659367885));
#3496=CARTESIAN_POINT('Ctrl Pts',(-2.15913185443174,18.5650488404981,-6.52534715126184));
#3497=CARTESIAN_POINT('Ctrl Pts',(-1.2422270029124,16.732811897473,-6.63652770884484));
#3498=CARTESIAN_POINT('Ctrl Pts',(0.792238401571536,16.4904129699003,-6.74770826642783));
#3499=CARTESIAN_POINT('Ctrl Pts',(2.11397224888582,18.0559245025833,-6.85888882401082));
#3500=CARTESIAN_POINT('Ctrl Pts',(1.53388622764021,20.020945349827,-6.97006938159382));
#3501=CARTESIAN_POINT('Ctrl Pts',(-0.426149462019646,20.6176586959324,-7.08124993917682));
#3502=CARTESIAN_POINT('Ctrl Pts',(-2.00280286539516,19.3092356880401,-7.1924304967598));
#3503=CARTESIAN_POINT('Ctrl Pts',(-1.77764913336173,17.2727896368796,-7.30361105434282));
#3504=CARTESIAN_POINT('Ctrl Pts',(0.0467538050963824,16.3403945272643,-7.41479161192579));
#3505=CARTESIAN_POINT('Ctrl Pts',(1.82909502017202,17.3508728862719,-7.5259721695088));
#3506=CARTESIAN_POINT('Ctrl Pts',(1.96590410883602,19.3951551557232,-7.63715272709178));
#3507=CARTESIAN_POINT('Ctrl Pts',(0.334101761022538,20.6341175523307,-7.74833328467479));
#3508=CARTESIAN_POINT('Ctrl Pts',(-1.59827282179724,19.9531365054782,-7.85951384225777));
#3509=CARTESIAN_POINT('Ctrl Pts',(-2.09277280505701,17.9648516910394,-7.97069439984079));
#3510=CARTESIAN_POINT('Ctrl Pts',(-0.704524839878423,16.4580091954254,-8.08187495742376));
#3511=CARTESIAN_POINT('Ctrl Pts',(1.31754379766866,16.7882289682561,-8.19305551500678));
#3512=CARTESIAN_POINT('Ctrl Pts',(2.15429369566096,18.6584312150953,-8.30423607258976));
#3513=CARTESIAN_POINT('Ctrl Pts',(1.05294878044841,20.3861019129078,-8.41541663017275));
#3514=CARTESIAN_POINT('Ctrl Pts',(-0.995673812493908,20.4169547417373,-8.52659718775575));
#3515=CARTESIAN_POINT('Ctrl Pts',(-2.14854582198344,18.7232328918532,-8.63777774533874));
#3516=CARTESIAN_POINT('Ctrl Pts',(-1.36849376531531,16.8286815452015,-8.74895830292175));
#3517=CARTESIAN_POINT('Ctrl Pts',(0.642713184156876,16.4377190782459,-8.86013886050473));
#3518=CARTESIAN_POINT('Ctrl Pts',(2.07570909605829,17.9020741006393,-8.97131941808774));
#3519=CARTESIAN_POINT('Ctrl Pts',(1.64130592016621,19.9043462352575,-9.08249997567072));
#3520=CARTESIAN_POINT('Ctrl Pts',(-0.269681665215993,20.64321344883,-9.19368053325372));
#3521=CARTESIAN_POINT('Ctrl Pts',(-1.93806098452265,19.4539444540945,-9.30486109083672));
#3522=CARTESIAN_POINT('Ctrl Pts',(-1.86286056323127,17.4064849513193,-9.4160416484197));
#3523=CARTESIAN_POINT('Ctrl Pts',(-0.111784228057873,16.3427622133064,-9.52722220600271));
#3524=CARTESIAN_POINT('Ctrl Pts',(1.73992194189507,17.2198526477569,-9.6384027635857));
#3525=CARTESIAN_POINT('Ctrl Pts',(2.02619645197968,19.2484837342995,-9.74958332116871));
#3526=CARTESIAN_POINT('Ctrl Pts',(0.489856236361522,20.6040067628809,-9.86076387875169));
#3527=CARTESIAN_POINT('Ctrl Pts',(-1.48763969979691,20.0661735004614,-9.97194443633469));
#3528=CARTESIAN_POINT('Ctrl Pts',(-2.12590134729571,18.1203133012046,-10.0831249939177));
#3529=CARTESIAN_POINT('Ctrl Pts',(-0.85334786406687,16.5141518164148,-10.1943055515007));
#3530=CARTESIAN_POINT('Ctrl Pts',(1.19044750504837,16.6982954181685,-10.3054861090837));
#3531=CARTESIAN_POINT('Ctrl Pts',(1.83333333333333,17.8960888709323,-10.3796064808057));
#3532=CARTESIAN_POINT('Ctrl Pts',(1.83333333333333,18.5,-10.4166666666667));
#3533=CARTESIAN_POINT('Ctrl Pts',(-0.129783859532934,20.4957845950414,-1.4943748357774));
#3534=CARTESIAN_POINT('Ctrl Pts',(-0.787207420351551,20.4530330038713,-1.5314350216384));
#3535=CARTESIAN_POINT('Ctrl Pts',(-2.04562642964264,19.6683879731342,-1.6055553933604));
#3536=CARTESIAN_POINT('Ctrl Pts',(-2.10140423649144,17.4304566019845,-1.71673595094339));
#3537=CARTESIAN_POINT('Ctrl Pts',(-0.262835554123434,16.158844528349,-1.82791650852639));
#3538=CARTESIAN_POINT('Ctrl Pts',(1.81026358211838,16.9914121704153,-1.93909706610938));
#3539=CARTESIAN_POINT('Ctrl Pts',(2.25576482849965,19.1822074446284,-2.05027762369238));
#3540=CARTESIAN_POINT('Ctrl Pts',(0.671369842278652,20.7587233308493,-2.16145818127537));
#3541=CARTESIAN_POINT('Ctrl Pts',(-1.51675208176097,20.3034728785803,-2.27263873885837));
#3542=CARTESIAN_POINT('Ctrl Pts',(-2.34047681125753,18.2255971529742,-2.38381929644136));
#3543=CARTESIAN_POINT('Ctrl Pts',(-1.05853704814637,16.3946605354824,-2.49499985402436));
#3544=CARTESIAN_POINT('Ctrl Pts',(1.17567091668467,16.457738728657,-2.60618041160735));
#3545=CARTESIAN_POINT('Ctrl Pts',(2.35221420677316,18.3581425455576,-2.71736096919035));
#3546=CARTESIAN_POINT('Ctrl Pts',(1.41259503569346,20.3861570249547,-2.82854152677334));
#3547=CARTESIAN_POINT('Ctrl Pts',(-0.797849910913328,20.7173093309637,-2.93972208435634));
#3548=CARTESIAN_POINT('Ctrl Pts',(-2.2905176137622,19.0536725242748,-3.05090264193933));
#3549=CARTESIAN_POINT('Ctrl Pts',(-1.72253630339227,16.8919296719279,-3.16208319952233));
#3550=CARTESIAN_POINT('Ctrl Pts',(0.395111637724042,16.1768749307405,-3.27326375710532));
#3551=CARTESIAN_POINT('Ctrl Pts',(2.15730061809401,17.551803269966,-3.38444431468832));
#3552=CARTESIAN_POINT('Ctrl Pts',(1.97868948318684,19.7797697496998,-3.49562487227131));
#3553=CARTESIAN_POINT('Ctrl Pts',(0.0199647425839655,20.8564007193967,-3.60680542985431));
#3554=CARTESIAN_POINT('Ctrl Pts',(-1.9567211861225,19.8131127437508,-3.7179859874373));
#3555=CARTESIAN_POINT('Ctrl Pts',(-2.17305700261635,17.5884923981808,-3.8291665450203));
#3556=CARTESIAN_POINT('Ctrl Pts',(-0.434417792356435,16.1839032700652,-3.94034710260329));
#3557=CARTESIAN_POINT('Ctrl Pts',(1.69504225501369,16.8629738478324,-4.05152766018629));
#3558=CARTESIAN_POINT('Ctrl Pts',(2.29956977396015,19.0147831784346,-4.16270821776928));
#3559=CARTESIAN_POINT('Ctrl Pts',(0.835305953044277,20.703471541855,-4.27388877535228));
#3560=CARTESIAN_POINT('Ctrl Pts',(-1.38043483772367,20.4098226430251,-4.38506933293527));
#3561=CARTESIAN_POINT('Ctrl Pts',(-2.35427739443259,18.3980155949005,-4.49624989051828));
#3562=CARTESIAN_POINT('Ctrl Pts',(-1.21011129390976,16.4779580801072,-4.60743044810126));
#3563=CARTESIAN_POINT('Ctrl Pts',(1.02272269401969,16.3770159773846,-4.71861100568426));
#3564=CARTESIAN_POINT('Ctrl Pts',(2.33547159535437,18.1860011203169,-4.82979156326725));
#3565=CARTESIAN_POINT('Ctrl Pts',(1.54713034056929,20.2774730879871,-4.94097212085024));
#3566=CARTESIAN_POINT('Ctrl Pts',(-0.633075553192027,20.769854227287,-5.05215267843324));
#3567=CARTESIAN_POINT('Ctrl Pts',(-2.24373959699691,19.2201774017944,-5.16333323601624));
#3568=CARTESIAN_POINT('Ctrl Pts',(-1.83583951456905,17.0225981772235,-5.27451379359923));
#3569=CARTESIAN_POINT('Ctrl Pts',(0.223660330418191,16.1541528340944,-5.38569435118223));
#3570=CARTESIAN_POINT('Ctrl Pts',(2.08194577421018,17.3961319542448,-5.49687490876522));
#3571=CARTESIAN_POINT('Ctrl Pts',(2.06722373611054,19.6311979906512,-5.60805546634822));
#3572=CARTESIAN_POINT('Ctrl Pts',(0.192738791385667,20.8485899232277,-5.71923602393121));
#3573=CARTESIAN_POINT('Ctrl Pts',(-1.85514221522887,19.9530898907044,-5.83041658151422));
#3574=CARTESIAN_POINT('Ctrl Pts',(-2.23405792402434,17.7503280308724,-5.94159713909719));
#3575=CARTESIAN_POINT('Ctrl Pts',(-0.603119553759594,16.2220031446325,-6.05277769668021));
#3576=CARTESIAN_POINT('Ctrl Pts',(1.57041096787657,16.7430616797495,-6.16395825426318));
#3577=CARTESIAN_POINT('Ctrl Pts',(2.33113260230978,18.8447370877056,-6.27513881184619));
#3578=CARTESIAN_POINT('Ctrl Pts',(0.99466762434651,20.636272264078,-6.38631936942918));
#3579=CARTESIAN_POINT('Ctrl Pts',(-1.23664289929607,20.5059255242436,-6.49749992701218));
#3580=CARTESIAN_POINT('Ctrl Pts',(-2.35541656847099,18.5709623714524,-6.60868048459518));
#3581=CARTESIAN_POINT('Ctrl Pts',(-1.35515673044989,16.5721584336069,-6.71986104217816));
#3582=CARTESIAN_POINT('Ctrl Pts',(0.864260074441674,16.3077232398912,-6.83104159976117));
#3583=CARTESIAN_POINT('Ctrl Pts',(2.30615154423908,18.0155540028182,-6.94222215734415));
#3584=CARTESIAN_POINT('Ctrl Pts',(1.67333043015295,20.1592131089022,-7.05340271492715));
#3585=CARTESIAN_POINT('Ctrl Pts',(-0.46489032220325,20.8101731228354,-7.16458327251015));
#3586=CARTESIAN_POINT('Ctrl Pts',(-2.18487585315836,19.382802568771,-7.27576383009314));
#3587=CARTESIAN_POINT('Ctrl Pts',(-1.93925360003098,17.1612250584141,-7.38694438767614));
#3588=CARTESIAN_POINT('Ctrl Pts',(0.0510041510142352,16.1440667570156,-7.49812494525912));
#3589=CARTESIAN_POINT('Ctrl Pts',(1.9953763856422,17.2464067850239,-7.60930550284214));
#3590=CARTESIAN_POINT('Ctrl Pts',(2.14462266418475,19.4765328971526,-7.72048606042511));
#3591=CARTESIAN_POINT('Ctrl Pts',(0.364474648388222,20.8281282389062,-7.83166661800813));
#3592=CARTESIAN_POINT('Ctrl Pts',(-1.74357035105154,20.085239824158,-7.9428471755911));
#3593=CARTESIAN_POINT('Ctrl Pts',(-2.28302487824401,17.9162018447702,-8.05402773317411));
#3594=CARTESIAN_POINT('Ctrl Pts',(-0.768572552594642,16.2723736677368,-8.1652082907571));
#3595=CARTESIAN_POINT('Ctrl Pts',(1.43732050654763,16.6326134199157,-8.2763888483401));
#3596=CARTESIAN_POINT('Ctrl Pts',(2.35013857708469,18.6728340528313,-8.3875694059231));
#3597=CARTESIAN_POINT('Ctrl Pts',(1.14867139685281,20.5575657231722,-8.49874996350608));
#3598=CARTESIAN_POINT('Ctrl Pts',(-1.08618961362972,20.5912233546226,-8.60993052108909));
#3599=CARTESIAN_POINT('Ctrl Pts',(-2.34386816943648,18.7435267911125,-8.72111107867208));
#3600=CARTESIAN_POINT('Ctrl Pts',(-1.49290228943488,16.6767435038563,-8.83229163625508));
#3601=CARTESIAN_POINT('Ctrl Pts',(0.701141655443864,16.25023899445,-8.94347219383807));
#3602=CARTESIAN_POINT('Ctrl Pts',(2.26440992297268,17.8477172006975,-9.05465275142107));
#3603=CARTESIAN_POINT('Ctrl Pts',(1.79051554927222,20.0320140748264,-9.16583330900405));
#3604=CARTESIAN_POINT('Ctrl Pts',(-0.294198180235628,20.8380510350872,-9.27701386658706));
#3605=CARTESIAN_POINT('Ctrl Pts',(-2.11424834675198,19.540666677194,-9.38819442417005));
#3606=CARTESIAN_POINT('Ctrl Pts',(-2.03221152352502,17.3070744923484,-9.49937498175304));
#3607=CARTESIAN_POINT('Ctrl Pts',(-0.12194643060859,16.1466496872433,-9.61055553933605));
#3608=CARTESIAN_POINT('Ctrl Pts',(1.89809666388553,17.1034756157348,-9.72173609691902));
#3609=CARTESIAN_POINT('Ctrl Pts',(2.21039612943238,19.3165277101449,-9.83291665450203));
#3610=CARTESIAN_POINT('Ctrl Pts',(0.534388621485298,20.795280104961,-9.94409721208503));
#3611=CARTESIAN_POINT('Ctrl Pts',(-1.62287967250572,20.2085529095942,-10.055277769668));
#3612=CARTESIAN_POINT('Ctrl Pts',(-2.31916510614077,18.0857963285869,-10.166458327251));
#3613=CARTESIAN_POINT('Ctrl Pts',(-0.930924942618405,16.3336201633615,-10.277638884834));
#3614=CARTESIAN_POINT('Ctrl Pts',(1.29867000550732,16.5345040925474,-10.388819442417));
#3615=CARTESIAN_POINT('Ctrl Pts',(2.,17.8411878591988,-10.462939814139));
#3616=CARTESIAN_POINT('Ctrl Pts',(2.,18.5,-10.5));
#3617=CARTESIAN_POINT('Ctrl Pts',(-0.754593420526499,19.7963752426277,-1.29637524262773));
#3618=CARTESIAN_POINT('Ctrl Pts',(-0.753079142581283,19.7998247861487,-1.29725667273897));
#3619=CARTESIAN_POINT('Ctrl Pts',(-0.751556385872877,19.8032703205492,-1.29813948603591));
#3620=CARTESIAN_POINT('Ctrl Pts',(-0.692941228606105,19.9350035207088,-1.33198247542384));
#3621=CARTESIAN_POINT('Ctrl Pts',(-0.622442346800288,20.0611667664679,-1.36778672866127));
#3622=CARTESIAN_POINT('Ctrl Pts',(-0.492289656009724,20.2316359666072,-1.41774388103823));
#3623=CARTESIAN_POINT('Ctrl Pts',(-0.441748071424358,20.2881976948437,-1.43464272137718));
#3624=CARTESIAN_POINT('Ctrl Pts',(-0.353561618983621,20.3672394922769,-1.4581198414095));
#3625=CARTESIAN_POINT('Ctrl Pts',(-0.319155103878442,20.3943029592884,-1.46612265254937));
#3626=CARTESIAN_POINT('Ctrl Pts',(-0.235149267256172,20.4499773891759,-1.48224566340466));
#3627=CARTESIAN_POINT('Ctrl Pts',(-0.184073090693171,20.4765559041504,-1.48965991032338));
#3628=CARTESIAN_POINT('Ctrl Pts',(-0.129783859532934,20.4957845950414,-1.4943748357774));
#3629=CARTESIAN_POINT('',(1.5,18.5,-10.25));
#3630=CARTESIAN_POINT('Origin',(1.70225424859374,18.5,-10.5772542485937));
#3631=CARTESIAN_POINT('',(1.5,18.5,-13.));
#3632=CARTESIAN_POINT('Origin',(-1.70225424859374,18.5,-0.327254248593736));
#3633=CARTESIAN_POINT('',(-1.5,18.5,-13.));
#3634=CARTESIAN_POINT('Origin',(0.,18.5,-13.));
#3635=CARTESIAN_POINT('',(1.5,18.5,0.));
#3636=CARTESIAN_POINT('Origin',(0.,18.5,0.));
#3637=CARTESIAN_POINT('Origin',(0.,18.5,0.));
#3638=CARTESIAN_POINT('Origin',(0.,18.5,-13.));
#3639=CARTESIAN_POINT('Origin',(0.,18.5,0.));
#3640=CARTESIAN_POINT('Origin',(0.,18.5,0.));
#3641=CARTESIAN_POINT('Origin',(0.,18.5,-13.));
#3642=CARTESIAN_POINT('Origin',(0.,18.5,0.));
#3643=CARTESIAN_POINT('Origin',(0.,18.5,0.));
#3644=CARTESIAN_POINT('Origin',(0.,18.4761163143332,0.));
#3645=CARTESIAN_POINT('',(-1.83697019872103E-16,15.9522326286664,1.5));
#3646=CARTESIAN_POINT('Origin',(0.,15.9522326286664,0.));
#3647=CARTESIAN_POINT('',(-1.83697019872103E-16,21.,1.5));
#3648=CARTESIAN_POINT('',(-1.83697019872103E-16,18.4761163143332,1.5));
#3649=CARTESIAN_POINT('Origin',(0.,21.,0.));
#3650=CARTESIAN_POINT('Origin',(0.,18.5,-13.));
#3651=CARTESIAN_POINT('',(1.5,18.5,-10.8972473588517));
#3652=CARTESIAN_POINT('',(1.5,18.5,-13.));
#3653=CARTESIAN_POINT('',(-1.5,18.5,-10.8972473588517));
#3654=CARTESIAN_POINT('Ctrl Pts',(-1.5,18.5,-10.8972473588517));
#3655=CARTESIAN_POINT('Ctrl Pts',(-1.5,18.3114029975643,-10.8972473588517));
#3656=CARTESIAN_POINT('Ctrl Pts',(-1.46226067026162,18.1103977707824,-10.9026488650516));
#3657=CARTESIAN_POINT('Ctrl Pts',(-1.30910762229559,17.7408995753473,-10.9220966726863));
#3658=CARTESIAN_POINT('Ctrl Pts',(-1.19370660370842,17.5723862601488,-10.9358553401433));
#3659=CARTESIAN_POINT('Ctrl Pts',(-0.927615318460897,17.3062949749013,-10.9616329473869));
#3660=CARTESIAN_POINT('Ctrl Pts',(-0.7591013193357,17.1908927185732,-10.9753355828262));
#3661=CARTESIAN_POINT('Ctrl Pts',(-0.389600798516764,17.037738766696,-10.9946549370726));
#3662=CARTESIAN_POINT('Ctrl Pts',(-0.18859476471275,17.,-11.));
#3663=CARTESIAN_POINT('Ctrl Pts',(0.18859476471275,17.,-11.));
#3664=CARTESIAN_POINT('Ctrl Pts',(0.389600798516764,17.037738766696,-10.9946549370726));
#3665=CARTESIAN_POINT('Ctrl Pts',(0.7591013193357,17.1908927185732,-10.9753355828262));
#3666=CARTESIAN_POINT('Ctrl Pts',(0.927615318460897,17.3062949749013,-10.9616329473869));
#3667=CARTESIAN_POINT('Ctrl Pts',(1.19370660370842,17.5723862601488,-10.9358553401433));
#3668=CARTESIAN_POINT('Ctrl Pts',(1.30910762229559,17.7408995753473,-10.9220966726863));
#3669=CARTESIAN_POINT('Ctrl Pts',(1.46226067026162,18.1103977707824,-10.9026488650516));
#3670=CARTESIAN_POINT('Ctrl Pts',(1.5,18.3114029975643,-10.8972473588517));
#3671=CARTESIAN_POINT('Ctrl Pts',(1.5,18.5,-10.8972473588517));
#3672=CARTESIAN_POINT('Ctrl Pts',(1.5,18.5,-10.8972473588517));
#3673=CARTESIAN_POINT('Ctrl Pts',(1.5,18.6885970024357,-10.8972473588517));
#3674=CARTESIAN_POINT('Ctrl Pts',(1.46226067026162,18.8896022292176,-10.9026488650516));
#3675=CARTESIAN_POINT('Ctrl Pts',(1.30910762229559,19.2591004246527,-10.9220966726863));
#3676=CARTESIAN_POINT('Ctrl Pts',(1.19370660370842,19.4276137398512,-10.9358553401433));
#3677=CARTESIAN_POINT('Ctrl Pts',(0.927615318460898,19.6937050250987,-10.9616329473869));
#3678=CARTESIAN_POINT('Ctrl Pts',(0.7591013193357,19.8091072814268,-10.9753355828262));
#3679=CARTESIAN_POINT('Ctrl Pts',(0.389600798516764,19.962261233304,-10.9946549370726));
#3680=CARTESIAN_POINT('Ctrl Pts',(0.188594764712751,20.,-11.));
#3681=CARTESIAN_POINT('Ctrl Pts',(-0.18859476471275,20.,-11.));
#3682=CARTESIAN_POINT('Ctrl Pts',(-0.389600798516762,19.962261233304,-10.9946549370726));
#3683=CARTESIAN_POINT('Ctrl Pts',(-0.759101319335698,19.8091072814268,-10.9753355828262));
#3684=CARTESIAN_POINT('Ctrl Pts',(-0.927615318460896,19.6937050250987,-10.9616329473869));
#3685=CARTESIAN_POINT('Ctrl Pts',(-1.19370660370842,19.4276137398512,-10.9358553401433));
#3686=CARTESIAN_POINT('Ctrl Pts',(-1.30910762229559,19.2591004246527,-10.9220966726863));
#3687=CARTESIAN_POINT('Ctrl Pts',(-1.46226067026162,18.8896022292176,-10.9026488650516));
#3688=CARTESIAN_POINT('Ctrl Pts',(-1.5,18.6885970024357,-10.8972473588517));
#3689=CARTESIAN_POINT('Ctrl Pts',(-1.5,18.5,-10.8972473588517));
#3690=CARTESIAN_POINT('Origin',(-4.05511027055523,23.,-6.48680049744383));
#3691=CARTESIAN_POINT('',(-3.33950257575137,21.8574552107368,-5.34207099789492));
#3692=CARTESIAN_POINT('',(-5.40511027055523,22.465575688923,-6.48680051285201));
#3693=CARTESIAN_POINT('Ctrl Pts',(-3.33950257575137,21.8574552107368,-5.34207099789492));
#3694=CARTESIAN_POINT('Ctrl Pts',(-3.42771848747672,21.8574552107368,-5.28692435822181));
#3695=CARTESIAN_POINT('Ctrl Pts',(-3.52190213659677,21.861111467662,-5.24222781233024));
#3696=CARTESIAN_POINT('Ctrl Pts',(-3.72775180623239,21.876192456212,-5.1721696937647));
#3697=CARTESIAN_POINT('Ctrl Pts',(-3.83914147215105,21.8882415359768,-5.14941824396186));
#3698=CARTESIAN_POINT('Ctrl Pts',(-4.13092147557873,21.9291943492183,-5.12699190794611));
#3699=CARTESIAN_POINT('Ctrl Pts',(-4.30968023989297,21.9633681546608,-5.14924686028627));
#3700=CARTESIAN_POINT('Ctrl Pts',(-4.5863121088376,22.0301785912523,-5.24045878646777));
#3701=CARTESIAN_POINT('Ctrl Pts',(-4.6893150505614,22.0587984045234,-5.2896781353753));
#3702=CARTESIAN_POINT('Ctrl Pts',(-4.85302571061243,22.1108197726828,-5.39480787633156));
#3703=CARTESIAN_POINT('Ctrl Pts',(-4.91721438522911,22.1333393169095,-5.44476494602107));
#3704=CARTESIAN_POINT('Ctrl Pts',(-5.03356146003029,22.1785404624504,-5.55339579832447));
#3705=CARTESIAN_POINT('Ctrl Pts',(-5.08590393812128,22.2011276243448,-5.6115563379182));
#3706=CARTESIAN_POINT('Ctrl Pts',(-5.19267146530055,22.2527592547206,-5.75310440778139));
#3707=CARTESIAN_POINT('Ctrl Pts',(-5.24355486341453,22.2817772906855,-5.83874808695771));
#3708=CARTESIAN_POINT('Ctrl Pts',(-5.35008756732401,22.3560586491279,-6.07366349382762));
#3709=CARTESIAN_POINT('Ctrl Pts',(-5.38989355666947,22.4002721442722,-6.22909573648375));
#3710=CARTESIAN_POINT('Ctrl Pts',(-5.40391621989594,22.4493843392486,-6.421243776477));
#3711=CARTESIAN_POINT('Ctrl Pts',(-5.40511027095043,22.4575728684359,-6.45401907450436));
#3712=CARTESIAN_POINT('Ctrl Pts',(-5.40511027055523,22.465575685373,-6.48680051371866));
#3713=CARTESIAN_POINT('Ctrl Pts',(-5.40511027055523,22.465575685373,-6.48680051371866));
#3714=CARTESIAN_POINT('Ctrl Pts',(-5.40511026880248,22.5010694203359,-6.6321912835341));
#3715=CARTESIAN_POINT('Ctrl Pts',(-5.38162837386071,22.5329115951027,-6.77770248519909));
#3716=CARTESIAN_POINT('Ctrl Pts',(-5.27858551771451,22.5916366223764,-7.08376558611156));
#3717=CARTESIAN_POINT('Ctrl Pts',(-5.19041741148593,22.6157894515169,-7.23853207506151));
#3718=CARTESIAN_POINT('Ctrl Pts',(-4.96265799305943,22.6447685627822,-7.50051706417878));
#3719=CARTESIAN_POINT('Ctrl Pts',(-4.82807785777714,22.6500815954025,-7.60660576318533));
#3720=CARTESIAN_POINT('Ctrl Pts',(-4.52786436304254,22.6423734018386,-7.76244539701948));
#3721=CARTESIAN_POINT('Ctrl Pts',(-4.36605420656334,22.6296566537322,-7.81106571624456));
#3722=CARTESIAN_POINT('Ctrl Pts',(-4.0334781213857,22.5879507564868,-7.84699036715956));
#3723=CARTESIAN_POINT('Ctrl Pts',(-3.86614235720196,22.5593357433243,-7.83369980773926));
#3724=CARTESIAN_POINT('Ctrl Pts',(-3.52884621954953,22.4860578286098,-7.74351063290947));
#3725=CARTESIAN_POINT('Ctrl Pts',(-3.3641405542161,22.4407222912581,-7.66065634063663));
#3726=CARTESIAN_POINT('Ctrl Pts',(-3.11472416433886,22.3545091232633,-7.46486315257091));
#3727=CARTESIAN_POINT('Ctrl Pts',(-3.02145467099343,22.3157674881833,-7.36561307961001));
#3728=CARTESIAN_POINT('Ctrl Pts',(-2.89434073737349,22.250740033265,-7.18173441379908));
#3729=CARTESIAN_POINT('Ctrl Pts',(-2.85131707621548,22.2248878702004,-7.10421974007407));
#3730=CARTESIAN_POINT('Ctrl Pts',(-2.78575760496591,22.1770916119881,-6.9527511569337));
#3731=CARTESIAN_POINT('Ctrl Pts',(-2.76133094892288,22.1551491297467,-6.87990651522));
#3732=CARTESIAN_POINT('Ctrl Pts',(-2.72250455749675,22.1091491399935,-6.71997117671625));
#3733=CARTESIAN_POINT('Ctrl Pts',(-2.71010912648896,22.0853188824329,-6.63261419248753));
#3734=CARTESIAN_POINT('Ctrl Pts',(-2.70069977758476,22.02848527897,-6.41241677421143));
#3735=CARTESIAN_POINT('Ctrl Pts',(-2.71444082004607,21.9970633951677,-6.27953952358203));
#3736=CARTESIAN_POINT('Ctrl Pts',(-2.79021561670576,21.9343708450033,-5.98527485084453));
#3737=CARTESIAN_POINT('Ctrl Pts',(-2.86378450984275,21.9060803489224,-5.82873229195169));
#3738=CARTESIAN_POINT('Ctrl Pts',(-3.06683354426972,21.8674736978978,-5.55133947534174));
#3739=CARTESIAN_POINT('Ctrl Pts',(-3.19353119579996,21.8574552107368,-5.43332246189189));
#3740=CARTESIAN_POINT('Ctrl Pts',(-3.33950257575137,21.8574552107368,-5.34207099789492));
#3741=CARTESIAN_POINT('',(-5.40511027055523,13.,-6.48680049744383));
#3742=CARTESIAN_POINT('',(-5.40511027055523,23.,-6.48680049744383));
#3743=CARTESIAN_POINT('',(-4.7707179653591,13.,-7.63152999699274));
#3744=CARTESIAN_POINT('Origin',(-4.05511027055523,13.,-6.48680049744383));
#3745=CARTESIAN_POINT('Origin',(-4.05511027055523,13.,-6.48680049744383));
#3746=CARTESIAN_POINT('Origin',(-1.38777878078145E-15,23.,7.65));
#3747=CARTESIAN_POINT('',(-7.97972798949331E-16,21.8574552107368,6.3));
#3748=CARTESIAN_POINT('',(-1.12869976700796E-15,22.6474341738611,9.));
#3749=CARTESIAN_POINT('Ctrl Pts',(-9.0205620750794E-16,21.8574552107368,
6.3));
#3750=CARTESIAN_POINT('Ctrl Pts',(0.152919126597086,21.8574552107368,6.3));
#3751=CARTESIAN_POINT('Ctrl Pts',(0.304324334833769,21.8653591045351,6.325974338398));
#3752=CARTESIAN_POINT('Ctrl Pts',(0.590564712952648,21.8958458413861,6.42663985514739));
#3753=CARTESIAN_POINT('Ctrl Pts',(0.722925430576419,21.9180540403961,6.5001202369685));
#3754=CARTESIAN_POINT('Ctrl Pts',(0.967139131041843,21.9763385708439,6.6942087621271));
#3755=CARTESIAN_POINT('Ctrl Pts',(1.07413645213239,22.0129409493415,6.81668409342388));
#3756=CARTESIAN_POINT('Ctrl Pts',(1.20215338738297,22.0760755089296,7.0294521701992));
#3757=CARTESIAN_POINT('Ctrl Pts',(1.23992778866664,22.0995854222954,7.10894109811108));
#3758=CARTESIAN_POINT('Ctrl Pts',(1.29312273731833,22.1429847861733,7.25617960674857));
#3759=CARTESIAN_POINT('Ctrl Pts',(1.31152596823892,22.162538376249,7.32268588274499));
#3760=CARTESIAN_POINT('Ctrl Pts',(1.33880350741286,22.2033341890032,7.46178458202701));
#3761=CARTESIAN_POINT('Ctrl Pts',(1.34700858437016,22.224560087164,7.5343415661975));
#3762=CARTESIAN_POINT('Ctrl Pts',(1.35256400546406,22.275636784383,7.70935094815874));
#3763=CARTESIAN_POINT('Ctrl Pts',(1.34419285583476,22.3053997291129,7.81166934142097));
#3764=CARTESIAN_POINT('Ctrl Pts',(1.28889827144623,22.3864302384986,8.09100392724627));
#3765=CARTESIAN_POINT('Ctrl Pts',(1.2174254963309,22.4357299803444,8.26185069346696));
#3766=CARTESIAN_POINT('Ctrl Pts',(1.01309606334444,22.5213935036313,8.55960620718622));
#3767=CARTESIAN_POINT('Ctrl Pts',(0.884665289431508,22.5574521439348,8.68539843259964));
#3768=CARTESIAN_POINT('Ctrl Pts',(0.588436606145475,22.6124013223487,8.8773442763199));
#3769=CARTESIAN_POINT('Ctrl Pts',(0.42516174364781,22.6312248113846,8.94324590498269));
#3770=CARTESIAN_POINT('Ctrl Pts',(0.169370791817965,22.6451589790603,8.99203106606607));
#3771=CARTESIAN_POINT('Ctrl Pts',(0.0846873997631887,22.6474341738611,9.));
#3772=CARTESIAN_POINT('Ctrl Pts',(-1.16809334478026E-15,22.6474341738611,
9.));
#3773=CARTESIAN_POINT('',(-1.35,22.2583094450313,7.6499999998139));
#3774=CARTESIAN_POINT('Ctrl Pts',(-1.35,22.2583094450313,7.64999999962779));
#3775=CARTESIAN_POINT('Ctrl Pts',(-1.34999999999937,22.2576401817105,7.64770474993574));
#3776=CARTESIAN_POINT('Ctrl Pts',(-1.34999414647613,22.2569708375933,7.64540938894418));
#3777=CARTESIAN_POINT('Ctrl Pts',(-1.34959876456704,22.2343658652067,7.56789647823151));
#3778=CARTESIAN_POINT('Ctrl Pts',(-1.34292923786821,22.2124170901433,7.49281349136336));
#3779=CARTESIAN_POINT('Ctrl Pts',(-1.31834844414369,22.1709991320296,7.35149831180996));
#3780=CARTESIAN_POINT('Ctrl Pts',(-1.30158414018797,22.1515334102283,7.28524274566981));
#3781=CARTESIAN_POINT('Ctrl Pts',(-1.25344982692909,22.1092918092856,7.14182244872475));
#3782=CARTESIAN_POINT('Ctrl Pts',(-1.21979743195816,22.0867647016961,7.06558141589179));
#3783=CARTESIAN_POINT('Ctrl Pts',(-1.11280773321147,22.0298704197536,6.8736232465875));
#3784=CARTESIAN_POINT('Ctrl Pts',(-1.02835049390913,21.9973515514714,6.76454798247639));
#3785=CARTESIAN_POINT('Ctrl Pts',(-0.805175425452103,21.9340693952854,6.5532382630562));
#3786=CARTESIAN_POINT('Ctrl Pts',(-0.660469492901558,21.9059705947804,6.46013206854521));
#3787=CARTESIAN_POINT('Ctrl Pts',(-0.342092005632196,21.867470968617,6.33290344965982));
#3788=CARTESIAN_POINT('Ctrl Pts',(-0.172123236642127,21.8574552107368,6.3));
#3789=CARTESIAN_POINT('Ctrl Pts',(-8.32667268468867E-16,21.8574552107368,
6.3));
#3790=CARTESIAN_POINT('',(-1.35,13.,7.65));
#3791=CARTESIAN_POINT('',(-1.35,23.,7.65));
#3792=CARTESIAN_POINT('',(-1.63268091856641E-15,13.,9.));
#3793=CARTESIAN_POINT('Origin',(-1.38777878078145E-15,13.,7.65));
#3794=CARTESIAN_POINT('Origin',(-1.38777878078145E-15,13.,7.65));
#3795=CARTESIAN_POINT('Ctrl Pts',(-1.16809334478026E-15,22.6474341738611,
9.));
#3796=CARTESIAN_POINT('Ctrl Pts',(-0.0833364932750603,22.6474341738611,
9.));
#3797=CARTESIAN_POINT('Ctrl Pts',(-0.166676867418938,22.6452309850179,8.99228330144996));
#3798=CARTESIAN_POINT('Ctrl Pts',(-0.413427520502222,22.6320081917005,8.94598835319996));
#3799=CARTESIAN_POINT('Ctrl Pts',(-0.569923344843597,22.6145817254291,8.884977887045));
#3800=CARTESIAN_POINT('Ctrl Pts',(-0.851693233889318,22.5646289711121,8.71045373190773));
#3801=CARTESIAN_POINT('Ctrl Pts',(-0.974260615938393,22.5326027397234,8.59869283181614));
#3802=CARTESIAN_POINT('Ctrl Pts',(-1.18552366596185,22.4529865293251,8.32173765070683));
#3803=CARTESIAN_POINT('Ctrl Pts',(-1.26557535610518,22.4046874737319,8.15418893080923));
#3804=CARTESIAN_POINT('Ctrl Pts',(-1.33654471335949,22.3222976122623,7.86983320816917));
#3805=CARTESIAN_POINT('Ctrl Pts',(-1.35000000003034,22.2903968772487,7.76004438219775));
#3806=CARTESIAN_POINT('Ctrl Pts',(-1.35,22.2583094450313,7.6499999996278));
#3807=CARTESIAN_POINT('Origin',(3.59017888479026,23.,6.75522875816994));
#3808=CARTESIAN_POINT('',(2.9566179051214,21.8574552107368,5.56312956555171));
#3809=CARTESIAN_POINT('',(2.24017888479026,22.07219700918,6.75522875315963));
#3810=CARTESIAN_POINT('Ctrl Pts',(2.9566179051214,21.8574552107368,5.56312956555171));
#3811=CARTESIAN_POINT('Ctrl Pts',(3.05224752119763,21.8574552107368,5.5123056126275));
#3812=CARTESIAN_POINT('Ctrl Pts',(3.153515028921,21.8614173392639,5.47324086006719));
#3813=CARTESIAN_POINT('Ctrl Pts',(3.37388694319474,21.8778141120605,5.41733560826981));
#3814=CARTESIAN_POINT('Ctrl Pts',(3.49247043247464,21.8909955020573,5.40357265284931));
#3815=CARTESIAN_POINT('Ctrl Pts',(3.79086155672805,21.9344676142431,5.40814601360897));
#3816=CARTESIAN_POINT('Ctrl Pts',(3.96702058122147,21.9695773777627,5.44682603760388));
#3817=CARTESIAN_POINT('Ctrl Pts',(4.23064771690437,22.0366934876313,5.56171909769181));
#3818=CARTESIAN_POINT('Ctrl Pts',(4.32555352951061,22.06462533129,5.61782351046386));
#3819=CARTESIAN_POINT('Ctrl Pts',(4.47539024014785,22.1154347384406,5.73286698184756));
#3820=CARTESIAN_POINT('Ctrl Pts',(4.53393185210247,22.1375324438406,5.7866715681856));
#3821=CARTESIAN_POINT('Ctrl Pts',(4.6394544545773,22.182082478796,5.90229185464797));
#3822=CARTESIAN_POINT('Ctrl Pts',(4.68653565145656,22.2044552592592,5.96373564551179));
#3823=CARTESIAN_POINT('Ctrl Pts',(4.78167465724032,22.2559656300856,6.11276473242329));
#3824=CARTESIAN_POINT('Ctrl Pts',(4.82584430822192,22.2850712074416,6.20244209587592));
#3825=CARTESIAN_POINT('Ctrl Pts',(4.91480210233651,22.3603081834164,6.44848519812314));
#3826=CARTESIAN_POINT('Ctrl Pts',(4.94225123866139,22.4052829795067,6.61008227854853));
#3827=CARTESIAN_POINT('Ctrl Pts',(4.93766515299385,22.4915126514328,6.95136129584512));
#3828=CARTESIAN_POINT('Ctrl Pts',(4.90007388018852,22.5313370588449,7.12846217557612));
#3829=CARTESIAN_POINT('Ctrl Pts',(4.75807201574227,22.5947779878396,7.45465386015131));
#3830=CARTESIAN_POINT('Ctrl Pts',(4.65715969747766,22.6181976381232,7.60108125558325));
#3831=CARTESIAN_POINT('Ctrl Pts',(4.40823179093729,22.6457120803384,7.8424329378803));
#3832=CARTESIAN_POINT('Ctrl Pts',(4.26525102000394,22.650294059008,7.93660725106042));
#3833=CARTESIAN_POINT('Ctrl Pts',(3.95316761589953,22.6411799123648,8.0663255896978));
#3834=CARTESIAN_POINT('Ctrl Pts',(3.78794147381693,22.6277933331807,8.10103893948589));
#3835=CARTESIAN_POINT('Ctrl Pts',(3.45389308375861,22.5848935239193,8.10871866028602));
#3836=CARTESIAN_POINT('Ctrl Pts',(3.2885075380413,22.5557710449707,8.08141213697781));
#3837=CARTESIAN_POINT('Ctrl Pts',(2.96002866850864,22.48154588268,7.96322439635747));
#3838=CARTESIAN_POINT('Ctrl Pts',(2.8027067593864,22.4357634474526,7.86668844209813));
#3839=CARTESIAN_POINT('Ctrl Pts',(2.57288917715411,22.3498975806474,7.65255760073633));
#3840=CARTESIAN_POINT('Ctrl Pts',(2.48995691451148,22.3119792483338,7.54859574557342));
#3841=CARTESIAN_POINT('Ctrl Pts',(2.37998532359115,22.2483707279292,7.35973263094957));
#3842=CARTESIAN_POINT('Ctrl Pts',(2.3437134471953,22.2230676028471,7.28089371224485));
#3843=CARTESIAN_POINT('Ctrl Pts',(2.29044171152427,22.176167093481,7.12788296940768));
#3844=CARTESIAN_POINT('Ctrl Pts',(2.27162367189531,22.1545708544187,7.05461140694688));
#3845=CARTESIAN_POINT('Ctrl Pts',(2.24651020897485,22.112430765926,6.90591738551043));
#3846=CARTESIAN_POINT('Ctrl Pts',(2.24017888422995,22.0919400487146,6.83071590585736));
#3847=CARTESIAN_POINT('Ctrl Pts',(2.24017888479026,22.07219700918,6.75522874814933));
#3848=CARTESIAN_POINT('Ctrl Pts',(2.24017888479026,22.07219700918,6.75522874814933));
#3849=CARTESIAN_POINT('Ctrl Pts',(2.24017888487924,22.069061825928,6.74324143119288));
#3850=CARTESIAN_POINT('Ctrl Pts',(2.24033854617982,22.0659455089553,6.73124690710742));
#3851=CARTESIAN_POINT('Ctrl Pts',(2.24419329264773,22.0286332283561,6.58666676636854));
#3852=CARTESIAN_POINT('Ctrl Pts',(2.26726735077517,21.9970860561279,6.45457852280632));
#3853=CARTESIAN_POINT('Ctrl Pts',(2.36369134146851,21.9343307493107,6.16601243298428));
#3854=CARTESIAN_POINT('Ctrl Pts',(2.44802090475323,21.906065721503,6.01513052153065));
#3855=CARTESIAN_POINT('Ctrl Pts',(2.66994854066108,21.8674733140407,5.75275520014686));
#3856=CARTESIAN_POINT('Ctrl Pts',(2.80460903988938,21.8574552107368,5.64391720987788));
#3857=CARTESIAN_POINT('Ctrl Pts',(2.9566179051214,21.8574552107368,5.56312956555171));
#3858=CARTESIAN_POINT('',(2.24017888479026,13.,6.75522875816994));
#3859=CARTESIAN_POINT('',(2.24017888479026,23.,6.75522875816994));
#3860=CARTESIAN_POINT('',(4.22373986445914,13.,7.94732795078816));
#3861=CARTESIAN_POINT('Origin',(3.59017888479026,13.,6.75522875816994));
#3862=CARTESIAN_POINT('Origin',(3.59017888479026,13.,6.75522875816994));
#3863=CARTESIAN_POINT('Origin',(-6.62509433895095,23.,-3.825));
#3864=CARTESIAN_POINT('',(-5.45596004384196,21.8574552107368,-3.15));
#3865=CARTESIAN_POINT('',(-7.97509433895095,22.5957349991938,-3.825));
#3866=CARTESIAN_POINT('Ctrl Pts',(-5.45596004384196,21.8574552107368,-3.15));
#3867=CARTESIAN_POINT('Ctrl Pts',(-5.50898722103461,21.8574552107368,-3.05815423492038));
#3868=CARTESIAN_POINT('Ctrl Pts',(-5.57258242681338,21.8612548946796,-2.9729958381652));
#3869=CARTESIAN_POINT('Ctrl Pts',(-5.72539873738001,21.8769515268227,-2.81179726678255));
#3870=CARTESIAN_POINT('Ctrl Pts',(-5.81569561661819,21.8895285354126,-2.73839717126354));
#3871=CARTESIAN_POINT('Ctrl Pts',(-6.06674422111577,21.931664643088,-2.58278005397204));
#3872=CARTESIAN_POINT('Ctrl Pts',(-6.23579945807849,21.9662832081737,-2.52026247385154));
#3873=CARTESIAN_POINT('Ctrl Pts',(-6.52165702146613,22.0332462786796,-2.47428725759001));
#3874=CARTESIAN_POINT('Ctrl Pts',(-6.63390001049725,22.0615441368506,-2.47043956643043));
#3875=CARTESIAN_POINT('Ctrl Pts',(-6.82503298372822,22.11299638681,-2.48746420253564));
#3876=CARTESIAN_POINT('Ctrl Pts',(-6.9042332641074,22.1353181038466,-2.50174411710373));
#3877=CARTESIAN_POINT('Ctrl Pts',(-7.05656197005445,22.1802139308606,-2.54344418878269));
#3878=CARTESIAN_POINT('Ctrl Pts',(-7.12959631847469,22.2027008023754,-2.57040635533751));
#3879=CARTESIAN_POINT('Ctrl Pts',(-7.28981372646459,22.2542752102312,-2.64579079354019));
#3880=CARTESIAN_POINT('Ctrl Pts',(-7.37487259506164,22.2833337760622,-2.69795200219193));
#3881=CARTESIAN_POINT('Ctrl Pts',(-7.5798916589921,22.3580558787936,-2.85727008908115));
#3882=CARTESIAN_POINT('Ctrl Pts',(-7.6883723334718,22.4026207618631,-2.97764728144093));
#3883=CARTESIAN_POINT('Ctrl Pts',(-7.86697096495839,22.4888255830792,-3.26645798550437));
#3884=CARTESIAN_POINT('Ctrl Pts',(-7.93044775989542,22.5289604436996,-3.43613122574527));
#3885=CARTESIAN_POINT('Ctrl Pts',(-7.96958024581682,22.5742211954709,-3.68422653804892));
#3886=CARTESIAN_POINT('Ctrl Pts',(-7.97509433895095,22.585656339578,-3.75455626809863));
#3887=CARTESIAN_POINT('Ctrl Pts',(-7.97509433895095,22.5957349991938,-3.825));
#3888=CARTESIAN_POINT('Ctrl Pts',(-7.97509433895095,22.5957349991938,-3.825));
#3889=CARTESIAN_POINT('Ctrl Pts',(-7.97509433895095,22.6107390472319,-3.92986921651545));
#3890=CARTESIAN_POINT('Ctrl Pts',(-7.96287805951978,22.6227381593224,-4.03499089623587));
#3891=CARTESIAN_POINT('Ctrl Pts',(-7.89892092372899,22.6452199161958,-4.30313278320975));
#3892=CARTESIAN_POINT('Ctrl Pts',(-7.82880736830779,22.6501914525535,-4.45941878340698));
#3893=CARTESIAN_POINT('Ctrl Pts',(-7.6350133366321,22.6418260511182,-4.73649099998223));
#3894=CARTESIAN_POINT('Ctrl Pts',(-7.51417882089992,22.6287959167452,-4.85450003930082));
#3895=CARTESIAN_POINT('Ctrl Pts',(-7.23624606381614,22.5865306474873,-5.04033663870322));
#3896=CARTESIAN_POINT('Ctrl Pts',(-7.08190689273858,22.5576773696413,-5.10606696747511));
#3897=CARTESIAN_POINT('Ctrl Pts',(-6.7412532393437,22.4839545750095,-5.18250270952645));
#3898=CARTESIAN_POINT('Ctrl Pts',(-6.55680742530918,22.4384090338114,-5.18542284805223));
#3899=CARTESIAN_POINT('Ctrl Pts',(-6.24642096376479,22.3523540762718,-5.12774232590964));
#3900=CARTESIAN_POINT('Ctrl Pts',(-6.1191205804899,22.313995365848,-5.08371113160019));
#3901=CARTESIAN_POINT('Ctrl Pts',(-5.92300110801225,22.2496297033996,-4.98138704010032));
#3902=CARTESIAN_POINT('Ctrl Pts',(-5.84948507999176,22.2240342464195,-4.93342324566861));
#3903=CARTESIAN_POINT('Ctrl Pts',(-5.72177149886825,22.1766567977069,-4.8311264260861));
#3904=CARTESIAN_POINT('Ctrl Pts',(-5.66646463443627,22.1548761640336,-4.77859434122894));
#3905=CARTESIAN_POINT('Ctrl Pts',(-5.55773072702034,22.1091208716665,-4.65619619800223));
#3906=CARTESIAN_POINT('Ctrl Pts',(-5.50597071120795,22.085375130578,-4.5851294538035));
#3907=CARTESIAN_POINT('Ctrl Pts',(-5.394294785734,22.0285528054454,-4.39522163532388));
#3908=CARTESIAN_POINT('Ctrl Pts',(-5.34396522607812,21.9970733713849,-4.27123012822266));
#3909=CARTESIAN_POINT('Ctrl Pts',(-5.27277211702915,21.9343521899235,-3.97564187702344));
#3910=CARTESIAN_POINT('Ctrl Pts',(-5.26428384438575,21.9060735422049,-3.80293759493719));
#3911=CARTESIAN_POINT('Ctrl Pts',(-5.31339497138628,21.8674735187297,-3.46275357697573));
#3912=CARTESIAN_POINT('Ctrl Pts',(-5.36988748178783,21.8574552107368,-3.29908205061537));
#3913=CARTESIAN_POINT('Ctrl Pts',(-5.45596004384196,21.8574552107368,-3.15));
#3914=CARTESIAN_POINT('',(-7.97509433895095,13.,-3.825));
#3915=CARTESIAN_POINT('',(-7.97509433895095,23.,-3.825));
#3916=CARTESIAN_POINT('',(-7.79422863405994,13.,-4.50000000000001));
#3917=CARTESIAN_POINT('Origin',(-6.62509433895095,13.,-3.825));
#3918=CARTESIAN_POINT('Origin',(-6.62509433895095,13.,-3.825));
#3919=CARTESIAN_POINT('Origin',(4.05511027055524,23.,-6.48680049744382));
#3920=CARTESIAN_POINT('',(3.33950257575137,21.8574552107368,-5.34207099789491));
#3921=CARTESIAN_POINT('',(2.70511027055524,22.0478667295224,-6.48680049744382));
#3922=CARTESIAN_POINT('Ctrl Pts',(3.33950257575137,21.8574552107368,-5.34207099789491));
#3923=CARTESIAN_POINT('Ctrl Pts',(3.25128666402602,21.8574552107368,-5.39721763756802));
#3924=CARTESIAN_POINT('Ctrl Pts',(3.16985091471718,21.861111467662,-5.46230649768029));
#3925=CARTESIAN_POINT('Ctrl Pts',(3.01670296402341,21.876192456212,-5.61666948438479));
#3926=CARTESIAN_POINT('Ctrl Pts',(2.94745821036167,21.8882415359768,-5.70683849365032));
#3927=CARTESIAN_POINT('Ctrl Pts',(2.79948918511287,21.9291943492183,-5.95931359839189));
#3928=CARTESIAN_POINT('Ctrl Pts',(2.74119363912809,21.9633681546608,-6.1297589211237));
#3929=CARTESIAN_POINT('Ctrl Pts',(2.70918119768958,22.0179599227698,-6.36560640607017));
#3930=CARTESIAN_POINT('Ctrl Pts',(2.70511027055524,22.0326272090083,-6.42626848897293));
#3931=CARTESIAN_POINT('Ctrl Pts',(2.70511027055524,22.0478667295224,-6.48680049744382));
#3932=CARTESIAN_POINT('Ctrl Pts',(2.70511027055524,22.0478667295224,-6.48680049744382));
#3933=CARTESIAN_POINT('Ctrl Pts',(2.70511027055524,22.0611895608724,-6.53971933694348));
#3934=CARTESIAN_POINT('Ctrl Pts',(2.70822193085512,22.0749498228977,-6.59253874209318));
#3935=CARTESIAN_POINT('Ctrl Pts',(2.7239410661263,22.1108197726828,-6.72576803336726));
#3936=CARTESIAN_POINT('Ctrl Pts',(2.74073384934976,22.1333393169095,-6.80535381848382));
#3937=CARTESIAN_POINT('Ctrl Pts',(2.78742502299169,22.1785404624504,-6.957528843343));
#3938=CARTESIAN_POINT('Ctrl Pts',(2.81678139669459,22.2011276243448,-7.03005874546313));
#3939=CARTESIAN_POINT('Ctrl Pts',(2.89725996755287,22.2527592547206,-7.18804089817219));
#3940=CARTESIAN_POINT('Ctrl Pts',(2.95196170462216,22.2817772906855,-7.27129760930158));
#3941=CARTESIAN_POINT('Ctrl Pts',(3.11647663027925,22.3560586491279,-7.46996644083577));
#3942=CARTESIAN_POINT('Ctrl Pts',(3.23876773661448,22.4002721442722,-7.57383455026397));
#3943=CARTESIAN_POINT('Ctrl Pts',(3.53110939074863,22.4864564985124,-7.74365556391041));
#3944=CARTESIAN_POINT('Ctrl Pts',(3.70256783674138,22.5268615373533,-7.8024425283032));
#3945=CARTESIAN_POINT('Ctrl Pts',(4.05583804356687,22.5916366223764,-7.84814485793678));
#3946=CARTESIAN_POINT('Ctrl Pts',(4.23358726797482,22.6157894515169,-7.83667776239346));
#3947=CARTESIAN_POINT('Ctrl Pts',(4.56886693148291,22.6447685627823,-7.74668868281899));
#3948=CARTESIAN_POINT('Ctrl Pts',(4.72318667444124,22.6500815954025,-7.67217665826739));
#3949=CARTESIAN_POINT('Ctrl Pts',(4.9947830383755,22.6423734018386,-7.47055932520291));
#3950=CARTESIAN_POINT('Ctrl Pts',(5.10936860031457,22.6296566537321,-7.34639567844395));
#3951=CARTESIAN_POINT('Ctrl Pts',(5.28734201285239,22.5879507564868,-7.06315920938485));
#3952=CARTESIAN_POINT('Ctrl Pts',(5.34869256224422,22.5593357433243,-6.90690938687622));
#3953=CARTESIAN_POINT('Ctrl Pts',(5.41536222719886,22.4860578286098,-6.56418803138962));
#3954=CARTESIAN_POINT('Ctrl Pts',(5.41302570353365,22.4407222912581,-6.37983150018414));
#3955=CARTESIAN_POINT('Ctrl Pts',(5.34626754982517,22.3545091232633,-6.06985269938354));
#3956=CARTESIAN_POINT('Ctrl Pts',(5.29790062794349,22.3157674881833,-5.94253256649267));
#3957=CARTESIAN_POINT('Ctrl Pts',(5.18828090146033,22.250740033265,-5.74771770200209));
#3958=CARTESIAN_POINT('Ctrl Pts',(5.13744400719192,22.2248878702004,-5.6750873347768));
#3959=CARTESIAN_POINT('Ctrl Pts',(5.02999689194175,22.1770916119881,-5.54980408221088));
#3960=CARTESIAN_POINT('Ctrl Pts',(4.97521210706864,22.1551491297467,-5.49593729561424));
#3961=CARTESIAN_POINT('Ctrl Pts',(4.84844380386941,22.1091491399935,-5.39097731048903));
#3962=CARTESIAN_POINT('Ctrl Pts',(4.77534295662313,22.0853188824329,-5.34156925916865));
#3963=CARTESIAN_POINT('Ctrl Pts',(4.58151588564202,22.02848527897,-5.2366573655763));
#3964=CARTESIAN_POINT('Ctrl Pts',(4.45604556066995,21.9970633951677,-5.19080567494054));
#3965=CARTESIAN_POINT('Ctrl Pts',(4.15832171053239,21.9343708450033,-5.13002717142666));
#3966=CARTESIAN_POINT('Ctrl Pts',(3.98537077637009,21.9060803489224,-5.12759218590081));
#3967=CARTESIAN_POINT('Ctrl Pts',(3.64706400421758,21.8674736978978,-5.18861851631876));
#3968=CARTESIAN_POINT('Ctrl Pts',(3.48547395570278,21.8574552107368,-5.25081953389793));
#3969=CARTESIAN_POINT('Ctrl Pts',(3.33950257575137,21.8574552107368,-5.34207099789491));
#3970=CARTESIAN_POINT('',(2.70511027055524,13.,-6.48680049744382));
#3971=CARTESIAN_POINT('',(2.70511027055524,23.,-6.48680049744382));
#3972=CARTESIAN_POINT('',(4.77071796535911,13.,-7.63152999699273));
#3973=CARTESIAN_POINT('Origin',(4.05511027055524,13.,-6.48680049744382));
#3974=CARTESIAN_POINT('Origin',(4.05511027055524,13.,-6.48680049744382));
#3975=CARTESIAN_POINT('Origin',(-3.59017888479027,23.,6.75522875816993));
#3976=CARTESIAN_POINT('',(-2.9566179051214,21.8574552107368,5.56312956555171));
#3977=CARTESIAN_POINT('',(-4.94017888479027,22.4419395451522,6.75522877460335));
#3978=CARTESIAN_POINT('Ctrl Pts',(-2.95661790512139,21.8574552107368,5.56312956555171));
#3979=CARTESIAN_POINT('Ctrl Pts',(-2.86098828904519,21.8574552107368,5.6139535184759));
#3980=CARTESIAN_POINT('Ctrl Pts',(-2.77195056372365,21.8614173392639,5.67602965304195));
#3981=CARTESIAN_POINT('Ctrl Pts',(-2.60231528366698,21.8778141120605,5.82740022329693));
#3982=CARTESIAN_POINT('Ctrl Pts',(-2.52455993342794,21.8909955020573,5.91798481570041));
#3983=CARTESIAN_POINT('Ctrl Pts',(-2.36139861816089,21.9344676142431,6.16785791121527));
#3984=CARTESIAN_POINT('Ctrl Pts',(-2.29489546555849,21.9695773777627,6.33550479266751));
#3985=CARTESIAN_POINT('Ctrl Pts',(-2.24262065071891,22.0366934876313,6.61828920818267));
#3986=CARTESIAN_POINT('Ctrl Pts',(-2.23602099837006,22.06462533129,6.72834039167393));
#3987=CARTESIAN_POINT('Ctrl Pts',(-2.24753735408822,22.1154347384406,6.91689652048854));
#3988=CARTESIAN_POINT('Ctrl Pts',(-2.2593775602905,22.1375324438406,6.99552134709146));
#3989=CARTESIAN_POINT('Ctrl Pts',(-2.29616603588998,22.182082478796,7.14767153058717));
#3990=CARTESIAN_POINT('Ctrl Pts',(-2.32074999115802,22.2044552592592,7.22107185537311));
#3991=CARTESIAN_POINT('Ctrl Pts',(-2.39103823529847,22.2559656300856,7.383308293644));
#3992=CARTESIAN_POINT('Ctrl Pts',(-2.44065193409063,22.2850712074416,7.47009232717446));
#3993=CARTESIAN_POINT('Ctrl Pts',(-2.59480632882914,22.3603081834164,7.68148560965994));
#3994=CARTESIAN_POINT('Ctrl Pts',(-2.71338418638378,22.4052829795067,7.79465081272495));
#3995=CARTESIAN_POINT('Ctrl Pts',(-2.99881099487131,22.4915126514328,7.98179764498588));
#3996=CARTESIAN_POINT('Ctrl Pts',(-3.16662934667638,22.5313370588449,8.04973015701105));
#3997=CARTESIAN_POINT('Ctrl Pts',(-3.51643643380156,22.5947779878396,8.11454177934229));
#3998=CARTESIAN_POINT('Ctrl Pts',(-3.69426035920989,22.6181976381232,8.11283015353826));
#3999=CARTESIAN_POINT('Ctrl Pts',(-4.03357569902212,22.6457120803384,8.04155016076119));
#4000=CARTESIAN_POINT('Ctrl Pts',(-4.19162850180626,22.650294059008,7.97573516511643));
#4001=CARTESIAN_POINT('Ctrl Pts',(-4.47375516789951,22.6411799123648,7.78965066072302));
#4002=CARTESIAN_POINT('Ctrl Pts',(-4.59497162300612,22.6277933331807,7.67212931928924));
#4003=CARTESIAN_POINT('Ctrl Pts',(-4.78823908800056,22.5848935239193,7.39955824234459));
#4004=CARTESIAN_POINT('Ctrl Pts',(-4.85814105807137,22.5557710449707,7.24720424821375));
#4005=CARTESIAN_POINT('Ctrl Pts',(-4.92644120880669,22.4967049351649,6.97793292415965));
#4006=CARTESIAN_POINT('Ctrl Pts',(-4.94017888335413,22.4702478711842,6.86643961435495));
#4007=CARTESIAN_POINT('Ctrl Pts',(-4.94017888479027,22.4419395412237,6.75522877560335));
#4008=CARTESIAN_POINT('Ctrl Pts',(-4.94017888479027,22.4419395412237,6.75522877560335));
#4009=CARTESIAN_POINT('Ctrl Pts',(-4.94017888569904,22.4240262255093,6.68485532481337));
#4010=CARTESIAN_POINT('Ctrl Pts',(-4.93467578010159,22.4053712959977,6.61459506371933));
#4011=CARTESIAN_POINT('Ctrl Pts',(-4.90308861481613,22.3498975806474,6.41413428186254));
#4012=CARTESIAN_POINT('Ctrl Pts',(-4.86332350154069,22.3119792483338,6.28723052588136));
#4013=CARTESIAN_POINT('Ctrl Pts',(-4.76831871738696,22.2483707279292,6.09041305241202));
#4014=CARTESIAN_POINT('Ctrl Pts',(-4.7232693436602,22.2230676028471,6.01623908092178));
#4015=CARTESIAN_POINT('Ctrl Pts',(-4.6262559819121,22.1761670934809,5.88647555412271));
#4016=CARTESIAN_POINT('Ctrl Pts',(-4.5760554381119,22.1545708544187,5.82988274642522));
#4017=CARTESIAN_POINT('Ctrl Pts',(-4.45822034132268,22.1090944551429,5.71763808961823));
#4018=CARTESIAN_POINT('Ctrl Pts',(-4.38929857024286,22.0854450740694,5.66363388053447));
#4019=CARTESIAN_POINT('Ctrl Pts',(-4.20355831679941,22.0286332283561,5.54532957570741));
#4020=CARTESIAN_POINT('Ctrl Pts',(-4.08117007922004,21.9970860561279,5.49054969301277));
#4021=CARTESIAN_POINT('Ctrl Pts',(-3.7880491826485,21.9343307493107,5.40901372444975));
#4022=CARTESIAN_POINT('Ctrl Pts',(-3.61581140192753,21.9060657215029,5.39448880310722));
#4023=CARTESIAN_POINT('Ctrl Pts',(-3.27417795957967,21.8674733140407,5.43162740728757));
#4024=CARTESIAN_POINT('Ctrl Pts',(-3.10862677035339,21.8574552107368,5.48234192122555));
#4025=CARTESIAN_POINT('Ctrl Pts',(-2.9566179051214,21.8574552107368,5.56312956555171));
#4026=CARTESIAN_POINT('',(-4.94017888479027,13.,6.75522875816993));
#4027=CARTESIAN_POINT('',(-4.94017888479027,23.,6.75522875816993));
#4028=CARTESIAN_POINT('',(-4.22373986445914,13.,7.94732795078816));
#4029=CARTESIAN_POINT('Origin',(-3.59017888479027,13.,6.75522875816993));
#4030=CARTESIAN_POINT('Origin',(-3.59017888479027,13.,6.75522875816993));
#4031=CARTESIAN_POINT('Origin',(7.6452891553455,23.,-0.268428260726108));
#4032=CARTESIAN_POINT('',(6.29612048087277,21.8574552107368,-0.221058567656795));
#4033=CARTESIAN_POINT('',(6.2952891553455,21.857707797401,-0.268428262055635));
#4034=CARTESIAN_POINT('Ctrl Pts',(6.29612048087277,21.8574552107368,-0.221058567656795));
#4035=CARTESIAN_POINT('Ctrl Pts',(6.29556578044718,21.8574552107368,-0.236857370423531));
#4036=CARTESIAN_POINT('Ctrl Pts',(6.29528915531442,21.8575395811693,-0.252649618384507));
#4037=CARTESIAN_POINT('Ctrl Pts',(6.2952891553455,21.857707797401,-0.268428263385162));
#4038=CARTESIAN_POINT('Ctrl Pts',(6.2952891553455,21.857707797401,-0.268428263385162));
#4039=CARTESIAN_POINT('Ctrl Pts',(6.29528915561745,21.859179757115,-0.406497756182502));
#4040=CARTESIAN_POINT('Ctrl Pts',(6.31646694210415,21.8670783351686,-0.543525606442939));
#4041=CARTESIAN_POINT('Ctrl Pts',(6.40340816912567,21.8963179481338,-0.818962976726712));
#4042=CARTESIAN_POINT('Ctrl Pts',(6.47251836800315,21.9186184170668,-0.953579826945213));
#4043=CARTESIAN_POINT('Ctrl Pts',(6.65815994502427,21.9769604596381,-1.20345798409747));
#4044=CARTESIAN_POINT('Ctrl Pts',(6.77658072867612,22.01348639135,-1.31406100625015));
#4045=CARTESIAN_POINT('Ctrl Pts',(6.98424495019345,22.0764685159109,-1.44878282350701));
#4046=CARTESIAN_POINT('Ctrl Pts',(7.06221903880275,22.0999342630369,-1.48914920399126));
#4047=CARTESIAN_POINT('Ctrl Pts',(7.20727990017833,22.143265221704,-1.54725465655538));
#4048=CARTESIAN_POINT('Ctrl Pts',(7.27303213168481,22.1627978264888,-1.56790812419337));
#4049=CARTESIAN_POINT('Ctrl Pts',(7.41101171855878,22.2035693866937,-1.59994318536257));
#4050=CARTESIAN_POINT('Ctrl Pts',(7.48322939635298,22.2247924732592,-1.61064424743501));
#4051=CARTESIAN_POINT('Ctrl Pts',(7.65803950115541,22.2758975058465,-1.62224206262438));
#4052=CARTESIAN_POINT('Ctrl Pts',(7.76069675757819,22.3056905222618,-1.61738909231111));
#4053=CARTESIAN_POINT('Ctrl Pts',(8.04186151158561,22.3867348321476,-1.57168178997799));
#4054=CARTESIAN_POINT('Ctrl Pts',(8.21504891991009,22.4360144580275,-1.50611040094731));
#4055=CARTESIAN_POINT('Ctrl Pts',(8.51961988272519,22.521625356881,-1.31211856046492));
#4056=CARTESIAN_POINT('Ctrl Pts',(8.64973519454037,22.5576523236559,-1.18808425051678));
#4057=CARTESIAN_POINT('Ctrl Pts',(8.85171753113627,22.6125311631249,-0.898632944670485));
#4058=CARTESIAN_POINT('Ctrl Pts',(8.92317774882882,22.6313170567406,-0.737728662014878));
#4059=CARTESIAN_POINT('Ctrl Pts',(8.99920573434876,22.6496558559361,-0.402157709693533));
#4060=CARTESIAN_POINT('Ctrl Pts',(9.00530798725202,22.649692730101,-0.232038364510186));
#4061=CARTESIAN_POINT('Ctrl Pts',(8.95471578851556,22.6319214201104,0.1002285812774));
#4062=CARTESIAN_POINT('Ctrl Pts',(8.89912085449449,22.6144630280627,0.258720828829474));
#4063=CARTESIAN_POINT('Ctrl Pts',(8.73439634365556,22.5644556579162,0.546300954796345));
#4064=CARTESIAN_POINT('Ctrl Pts',(8.62692687005319,22.5324076627747,0.672626482568017));
#4065=CARTESIAN_POINT('Ctrl Pts',(8.35741175410914,22.4527513391216,0.893286606457661));
#4066=CARTESIAN_POINT('Ctrl Pts',(8.19270946787887,22.4044338263097,0.979057772309039));
#4067=CARTESIAN_POINT('Ctrl Pts',(7.90889781237769,22.3214243525085,1.0603552866666));
#4068=CARTESIAN_POINT('Ctrl Pts',(7.79745436787829,22.2888840493935,1.07765216342146));
#4069=CARTESIAN_POINT('Ctrl Pts',(7.61021848978144,22.2342569981669,1.0832056348998));
#4070=CARTESIAN_POINT('Ctrl Pts',(7.53503994000862,22.2123351406511,1.0791614308386));
#4071=CARTESIAN_POINT('Ctrl Pts',(7.39310060314388,22.170961320569,1.05955470553439));
#4072=CARTESIAN_POINT('Ctrl Pts',(7.32635683320616,22.1515128654018,1.04513300433038));
#4073=CARTESIAN_POINT('Ctrl Pts',(7.18142631846697,22.1092976080753,1.00208597868009));
#4074=CARTESIAN_POINT('Ctrl Pts',(7.10408299867837,22.0867796928439,0.971144622945362));
#4075=CARTESIAN_POINT('Ctrl Pts',(6.90848096237513,22.0298830587538,0.870968735237351));
#4076=CARTESIAN_POINT('Ctrl Pts',(6.79647689582723,21.9973547302549,0.790372004706769));
#4077=CARTESIAN_POINT('Ctrl Pts',(6.57744760019936,21.9340671820033,0.574724177990108));
#4078=CARTESIAN_POINT('Ctrl Pts',(6.47932604752607,21.9059697907029,0.433379002979717));
#4079=CARTESIAN_POINT('Ctrl Pts',(6.34100714676712,21.8674709499022,0.119667924294669));
#4080=CARTESIAN_POINT('Ctrl Pts',(6.30216004923287,21.8574552107368,-0.0490414843527036));
#4081=CARTESIAN_POINT('Ctrl Pts',(6.29612048087277,21.8574552107368,-0.221058567656795));
#4082=CARTESIAN_POINT('',(6.2952891553455,13.,-0.268428260726108));
#4083=CARTESIAN_POINT('',(6.2952891553455,23.,-0.268428260726108));
#4084=CARTESIAN_POINT('',(8.99445782981824,13.,-0.315797953795421));
#4085=CARTESIAN_POINT('Origin',(7.6452891553455,13.,-0.268428260726108));
#4086=CARTESIAN_POINT('Origin',(7.6452891553455,13.,-0.268428260726108));
#4087=CARTESIAN_POINT('Origin',(-7.6452891553455,23.,-0.268428260726116));
#4088=CARTESIAN_POINT('',(-6.29612048087277,21.8574552107368,-0.221058567656802));
#4089=CARTESIAN_POINT('',(-8.9952891553455,22.6471967907109,-0.268428263987192));
#4090=CARTESIAN_POINT('Ctrl Pts',(-6.29612048087277,21.8574552107368,-0.221058567656802));
#4091=CARTESIAN_POINT('Ctrl Pts',(-6.3015290332237,21.8574552107368,-0.067013883528412));
#4092=CARTESIAN_POINT('Ctrl Pts',(-6.33325734540161,21.8654858799253,0.0845555228901834));
#4093=CARTESIAN_POINT('Ctrl Pts',(-6.44507747334271,21.8963179481338,0.367849018327769));
#4094=CARTESIAN_POINT('Ctrl Pts',(-6.52345872603378,21.9186184170668,0.497287402040675));
#4095=CARTESIAN_POINT('Ctrl Pts',(-6.72616815566146,21.9769604596381,0.733530445707009));
#4096=CARTESIAN_POINT('Ctrl Pts',(-6.85205438093217,22.01348639135,0.835555779801631));
#4097=CARTESIAN_POINT('Ctrl Pts',(-7.06865583868125,22.0764685159109,0.955381509277212));
#4098=CARTESIAN_POINT('Ctrl Pts',(-7.14926898177785,22.0999342630369,0.990179847282588));
#4099=CARTESIAN_POINT('Ctrl Pts',(-7.2980478152694,22.143265221704,1.03796850520066));
#4100=CARTESIAN_POINT('Ctrl Pts',(-7.36508664914987,22.1627978264889,1.05395964104223));
#4101=CARTESIAN_POINT('Ctrl Pts',(-7.50497322162238,22.2035693866937,1.07623874290728));
#4102=CARTESIAN_POINT('Ctrl Pts',(-7.57776357800459,22.2247924732592,1.08184853195991));
#4103=CARTESIAN_POINT('Ctrl Pts',(-7.75295662787574,22.2758975058464,1.08115763757287));
#4104=CARTESIAN_POINT('Ctrl Pts',(-7.85502073941678,22.3056905222618,1.06911684223174));
#4105=CARTESIAN_POINT('Ctrl Pts',(-8.13228750448383,22.3867348321476,1.00380285160287));
#4106=CARTESIAN_POINT('Ctrl Pts',(-8.30044966033985,22.4360144580275,0.926246583001153));
#4107=CARTESIAN_POINT('Ctrl Pts',(-8.59066519427427,22.521625356881,0.711371620692806));
#4108=CARTESIAN_POINT('Ctrl Pts',(-8.71176107075632,22.5576523236559,0.578517214999506));
#4109=CARTESIAN_POINT('Ctrl Pts',(-8.89294563114849,22.6125311631249,0.275612811221084));
#4110=CARTESIAN_POINT('Ctrl Pts',(-8.95294500482214,22.6313170567406,0.110092945197836));
#4111=CARTESIAN_POINT('Ctrl Pts',(-8.9900656818181,22.6443318391833,-0.131254667617289));
#4112=CARTESIAN_POINT('Ctrl Pts',(-8.99528915567675,22.6465098003033,-0.1998631812903));
#4113=CARTESIAN_POINT('Ctrl Pts',(-8.9952891553455,22.6471967907109,-0.268428267248268));
#4114=CARTESIAN_POINT('Ctrl Pts',(-8.9952891553455,22.6471967907109,-0.268428267248268));
#4115=CARTESIAN_POINT('Ctrl Pts',(-8.99528915486492,22.6481934830914,-0.367903162375458));
#4116=CARTESIAN_POINT('Ctrl Pts',(-8.98429401108288,22.6460520622097,-0.46728664717251));
#4117=CARTESIAN_POINT('Ctrl Pts',(-8.92563600045986,22.6319214201104,-0.728012780718679));
#4118=CARTESIAN_POINT('Ctrl Pts',(-8.85906225255641,22.6144630280627,-0.882215651356711));
#4119=CARTESIAN_POINT('Ctrl Pts',(-8.67457418837797,22.5644556579162,-1.15753482522207));
#4120=CARTESIAN_POINT('Ctrl Pts',(-8.55850962243185,22.5324076627747,-1.2760120097552));
#4121=CARTESIAN_POINT('Ctrl Pts',(-8.27418236716355,22.4527513391216,-1.47722657162619));
#4122=CARTESIAN_POINT('Ctrl Pts',(-8.10387016429204,22.4044338263097,-1.55123528418111));
#4123=CARTESIAN_POINT('Ctrl Pts',(-7.81505564599311,22.3214243525085,-1.61242773190795));
#4124=CARTESIAN_POINT('Ctrl Pts',(-7.70267352196515,22.2888840493935,-1.62186602975951));
#4125=CARTESIAN_POINT('Ctrl Pts',(-7.51550921103115,22.2342569981669,-1.61427420489719));
#4126=CARTESIAN_POINT('Ctrl Pts',(-7.44079941969438,22.2123351406511,-1.60496737886191));
#4127=CARTESIAN_POINT('Ctrl Pts',(-7.3005846984668,22.170961320569,-1.57545414491798));
#4128=CARTESIAN_POINT('Ctrl Pts',(-7.2350167334307,22.1515128654018,-1.55638694134369));
#4129=CARTESIAN_POINT('Ctrl Pts',(-7.09346216444824,22.1092976080753,-1.50328134352107));
#4130=CARTESIAN_POINT('Ctrl Pts',(-7.01847934142986,22.0867796928439,-1.4669917739064));
#4131=CARTESIAN_POINT('Ctrl Pts',(-6.83038470766123,22.0298830587538,-1.3533441877837));
#4132=CARTESIAN_POINT('Ctrl Pts',(-6.72430902291235,21.997354730255,-1.26509061561499));
#4133=CARTESIAN_POINT('Ctrl Pts',(-6.52094333921957,21.9340671820033,-1.03461238192032));
#4134=CARTESIAN_POINT('Ctrl Pts',(-6.43297652162194,21.9059697907029,-0.886733591691691));
#4135=CARTESIAN_POINT('Ctrl Pts',(-6.31700006794914,21.8674709499022,-0.564094131317721));
#4136=CARTESIAN_POINT('Ctrl Pts',(-6.29008091251266,21.8574552107368,-0.393075650960878));
#4137=CARTESIAN_POINT('Ctrl Pts',(-6.29612048087277,21.8574552107368,-0.221058567656802));
#4138=CARTESIAN_POINT('',(-8.9952891553455,13.,-0.268428260726116));
#4139=CARTESIAN_POINT('',(-8.9952891553455,23.,-0.268428260726116));
#4140=CARTESIAN_POINT('',(-8.99445782981824,13.,-0.315797953795431));
#4141=CARTESIAN_POINT('Origin',(-7.6452891553455,13.,-0.268428260726116));
#4142=CARTESIAN_POINT('Origin',(-7.6452891553455,13.,-0.268428260726116));
#4143=CARTESIAN_POINT('Origin',(6.62509433895096,23.,-3.825));
#4144=CARTESIAN_POINT('',(5.45596004384197,21.8574552107368,-3.15));
#4145=CARTESIAN_POINT('',(5.27509433895096,21.9122009757925,-3.82499998503344));
#4146=CARTESIAN_POINT('Ctrl Pts',(5.45596004384197,21.8574552107368,-3.15));
#4147=CARTESIAN_POINT('Ctrl Pts',(5.40293286664935,21.8574552107368,-3.24184576507957));
#4148=CARTESIAN_POINT('Ctrl Pts',(5.3609811346032,21.8612548946796,-3.33950002722041));
#4149=CARTESIAN_POINT('Ctrl Pts',(5.29778723201534,21.8769515268227,-3.55244211997518));
#4150=CARTESIAN_POINT('Ctrl Pts',(5.27936932427477,21.8895285354126,-3.66734155903742));
#4151=CARTESIAN_POINT('Ctrl Pts',(5.27531420640484,21.908012471425,-3.79684767279414));
#4152=CARTESIAN_POINT('Ctrl Pts',(5.27509433911038,21.9100798096657,-3.81093284078775));
#4153=CARTESIAN_POINT('Ctrl Pts',(5.27509433895096,21.9122009779991,-3.82499998470072));
#4154=CARTESIAN_POINT('Ctrl Pts',(5.27509433895096,21.9122009779991,-3.82499998470072));
#4155=CARTESIAN_POINT('Ctrl Pts',(5.27509433707709,21.9371338417809,-3.99034951281599));
#4156=CARTESIAN_POINT('Ctrl Pts',(5.30545827150768,21.9694959992089,-4.1532099844211));
#4157=CARTESIAN_POINT('Ctrl Pts',(5.40362413206614,22.0332462786796,-4.41077702656381));
#4158=CARTESIAN_POINT('Ctrl Pts',(5.45641342829157,22.0615441368506,-4.50990615204123));
#4159=CARTESIAN_POINT('Ctrl Pts',(5.56672368226437,22.11299638681,-4.66691984430753));
#4160=CARTESIAN_POINT('Ctrl Pts',(5.6186905912338,22.1353181038466,-4.7283693418187));
#4161=CARTESIAN_POINT('Ctrl Pts',(5.73096826562094,22.1802139308606,-4.83943983505498));
#4162=CARTESIAN_POINT('Ctrl Pts',(5.7908353610086,22.2027008023754,-4.88920835285834));
#4163=CARTESIAN_POINT('Ctrl Pts',(5.93622890353711,22.2542752102312,-4.99026847920476));
#4164=CARTESIAN_POINT('Ctrl Pts',(6.02393126962013,22.2833337760622,-5.03785101590109));
#4165=CARTESIAN_POINT('Ctrl Pts',(6.26441431211374,22.3580558787936,-5.13574369008036));
#4166=CARTESIAN_POINT('Ctrl Pts',(6.42290435597342,22.4026207618631,-5.16950211381956));
#4167=CARTESIAN_POINT('Ctrl Pts',(6.76232107832053,22.4888255830792,-5.17976771373636));
#4168=CARTESIAN_POINT('Ctrl Pts',(6.94100081218008,22.5289604436996,-5.14990361058219));
#4169=CARTESIAN_POINT('Ctrl Pts',(7.27327619278481,22.5931138245779,-5.02211218541181));
#4170=CARTESIAN_POINT('Ctrl Pts',(7.42406381079344,22.6169246011826,-4.92755156258854));
#4171=CARTESIAN_POINT('Ctrl Pts',(7.67608276798178,22.6452199161958,-4.68909979082887));
#4172=CARTESIAN_POINT('Ctrl Pts',(7.77637363669784,22.6501914525535,-4.55023667058584));
#4173=CARTESIAN_POINT('Ctrl Pts',(7.91942819909702,22.6418260511182,-4.24387000776527));
#4174=CARTESIAN_POINT('Ctrl Pts',(7.96120976715702,22.6287959167452,-4.08021972782792));
#4175=CARTESIAN_POINT('Ctrl Pts',(7.98318260465053,22.5865306474873,-3.74660459994831));
#4176=CARTESIAN_POINT('Ctrl Pts',(7.9629371536273,22.5576773696413,-3.58007779261016));
#4177=CARTESIAN_POINT('Ctrl Pts',(7.85880562130344,22.4839545750095,-3.24684520385255));
#4178=CARTESIAN_POINT('Ctrl Pts',(7.76911162843207,22.4384090338114,-3.08565037401407));
#4179=CARTESIAN_POINT('Ctrl Pts',(7.56396560018085,22.3523540762718,-2.84568807439716));
#4180=CARTESIAN_POINT('Ctrl Pts',(7.46218327571245,22.313995365848,-2.75745830572434));
#4181=CARTESIAN_POINT('Ctrl Pts',(7.27550827681558,22.2496297033996,-2.63877590613183));
#4182=CARTESIAN_POINT('Ctrl Pts',(7.19721239836558,22.2240342464195,-2.59909105549661));
#4183=CARTESIAN_POINT('Ctrl Pts',(7.04476396331901,22.1766567977069,-2.53963625962662));
#4184=CARTESIAN_POINT('Ctrl Pts',(6.97161641110296,22.1548761640336,-2.51800515245344));
#4185=CARTESIAN_POINT('Ctrl Pts',(6.81124955598462,22.1091208716665,-2.48503789799186));
#4186=CARTESIAN_POINT('Ctrl Pts',(6.72382394223807,22.085375130578,-2.47574578149741));
#4187=CARTESIAN_POINT('Ctrl Pts',(6.50352098432044,22.0285528054454,-2.47398550228565));
#4188=CARTESIAN_POINT('Ctrl Pts',(6.37097640948933,21.9970733713849,-2.49239457861298));
#4189=CARTESIAN_POINT('Ctrl Pts',(6.07939292036612,21.9343521899235,-2.57853366320179));
#4190=CARTESIAN_POINT('Ctrl Pts',(5.92558248841537,21.9060735422049,-2.65753474450148));
#4191=CARTESIAN_POINT('Ctrl Pts',(5.6555300503995,21.8674735187297,-2.87015823707319));
#4192=CARTESIAN_POINT('Ctrl Pts',(5.54203260589607,21.8574552107368,-3.00091794938466));
#4193=CARTESIAN_POINT('Ctrl Pts',(5.45596004384197,21.8574552107368,-3.15));
#4194=CARTESIAN_POINT('',(5.27509433895096,13.,-3.825));
#4195=CARTESIAN_POINT('',(5.27509433895096,23.,-3.825));
#4196=CARTESIAN_POINT('',(7.79422863405995,13.,-4.5));
#4197=CARTESIAN_POINT('Origin',(6.62509433895096,13.,-3.825));
#4198=CARTESIAN_POINT('Origin',(6.62509433895096,13.,-3.825));
#4199=CARTESIAN_POINT('Origin',(0.,13.,-3.5));
#4200=CARTESIAN_POINT('Origin',(0.,13.,0.));
#4201=CARTESIAN_POINT('Origin',(0.,13.,0.));
#4202=CARTESIAN_POINT('Origin',(0.,13.,0.));
#4203=CARTESIAN_POINT('Origin',(0.,13.,0.));
#4204=CARTESIAN_POINT('Origin',(0.,13.,0.));
#4205=CARTESIAN_POINT('Origin',(0.,13.,0.));
#4206=CARTESIAN_POINT('Origin',(0.,13.,0.));
#4207=CARTESIAN_POINT('Origin',(0.,13.,0.));
#4208=CARTESIAN_POINT('Origin',(0.,13.,0.));
#4209=CARTESIAN_POINT('',(-4.28626379701574E-16,13.,3.5));
#4210=CARTESIAN_POINT('Origin',(0.,13.,0.));
#4211=CARTESIAN_POINT('Origin',(0.,14.28125,0.));
#4212=CARTESIAN_POINT('',(-4.28626379701574E-16,15.5625,3.5));
#4213=CARTESIAN_POINT('',(-4.28626379701574E-16,14.28125,3.5));
#4214=CARTESIAN_POINT('Origin',(0.,15.5625,0.));
#4215=CARTESIAN_POINT('Origin',(0.,15.7573663143332,0.));
#4216=CARTESIAN_POINT('',(-3.06161699786838E-16,15.7573663143332,2.5));
#4217=CARTESIAN_POINT('Ctrl Pts',(0.,23.,10.));
#4218=CARTESIAN_POINT('Ctrl Pts',(-10.,23.,10.));
#4219=CARTESIAN_POINT('Ctrl Pts',(-10.,23.,0.));
#4220=CARTESIAN_POINT('Ctrl Pts',(-10.,23.,-10.));
#4221=CARTESIAN_POINT('Ctrl Pts',(0.,23.,-10.));
#4222=CARTESIAN_POINT('Ctrl Pts',(10.,23.,-10.));
#4223=CARTESIAN_POINT('Ctrl Pts',(10.,23.,0.));
#4224=CARTESIAN_POINT('Ctrl Pts',(10.,23.,10.));
#4225=CARTESIAN_POINT('Ctrl Pts',(0.,23.,10.));
#4226=CARTESIAN_POINT('Ctrl Pts',(0.,21.4757418484863,5.87335485917971));
#4227=CARTESIAN_POINT('Ctrl Pts',(-5.87335485917971,21.4757418484863,5.87335485917971));
#4228=CARTESIAN_POINT('Ctrl Pts',(-5.87335485917971,21.4757418484863,0.));
#4229=CARTESIAN_POINT('Ctrl Pts',(-5.87335485917971,21.4757418484863,-5.87335485917971));
#4230=CARTESIAN_POINT('Ctrl Pts',(0.,21.4757418484863,-5.87335485917971));
#4231=CARTESIAN_POINT('Ctrl Pts',(5.87335485917971,21.4757418484863,-5.87335485917971));
#4232=CARTESIAN_POINT('Ctrl Pts',(5.87335485917971,21.4757418484863,0.));
#4233=CARTESIAN_POINT('Ctrl Pts',(5.87335485917971,21.4757418484863,5.87335485917971));
#4234=CARTESIAN_POINT('Ctrl Pts',(0.,21.4757418484863,5.87335485917971));
#4235=CARTESIAN_POINT('Ctrl Pts',(0.,21.,1.5));
#4236=CARTESIAN_POINT('Ctrl Pts',(-1.5,21.,1.5));
#4237=CARTESIAN_POINT('Ctrl Pts',(-1.5,21.,0.));
#4238=CARTESIAN_POINT('Ctrl Pts',(-1.5,21.,-1.5));
#4239=CARTESIAN_POINT('Ctrl Pts',(0.,21.,-1.5));
#4240=CARTESIAN_POINT('Ctrl Pts',(1.5,21.,-1.5));
#4241=CARTESIAN_POINT('Ctrl Pts',(1.5,21.,0.));
#4242=CARTESIAN_POINT('Ctrl Pts',(1.5,21.,1.5));
#4243=CARTESIAN_POINT('Ctrl Pts',(0.,21.,1.5));
#4244=CARTESIAN_POINT('Ctrl Pts',(0.,21.,1.5));
#4245=CARTESIAN_POINT('Ctrl Pts',(0.,21.2642723224478,3.92937771650982));
#4246=CARTESIAN_POINT('Ctrl Pts',(0.,21.8574552107342,6.29999999998949));
#4247=CARTESIAN_POINT('',(-1.22464679914735E-15,23.,10.));
#4248=CARTESIAN_POINT('Ctrl Pts',(0.,22.6474341738637,9.00000000000769));
#4249=CARTESIAN_POINT('Ctrl Pts',(0.,22.8162831882105,9.50262093864797));
#4250=CARTESIAN_POINT('Ctrl Pts',(0.,23.,10.));
#4251=CARTESIAN_POINT('Origin',(0.,23.,0.));
#4252=CARTESIAN_POINT('Origin',(0.,23.,-13.));
#4253=CARTESIAN_POINT('',(-1.59204083889156E-15,23.,13.));
#4254=CARTESIAN_POINT('Origin',(0.,23.,0.));
#4255=CARTESIAN_POINT('Origin',(0.,22.25,0.));
#4256=CARTESIAN_POINT('',(-1.59204083889156E-15,21.5,13.));
#4257=CARTESIAN_POINT('Origin',(0.,21.5,0.));
#4258=CARTESIAN_POINT('',(-1.59204083889156E-15,22.25,13.));
#4259=CARTESIAN_POINT('Origin',(0.,21.5,-11.));
#4260=CARTESIAN_POINT('',(-1.34711147906209E-15,21.5,11.));
#4261=CARTESIAN_POINT('Origin',(0.,21.5,0.));
#4262=CARTESIAN_POINT('Origin',(0.,11.5,0.));
#4263=CARTESIAN_POINT('',(-1.34711147906209E-15,1.5,11.));
#4264=CARTESIAN_POINT('Origin',(0.,1.5,0.));
#4265=CARTESIAN_POINT('',(-1.34711147906209E-15,11.5,11.));
#4266=CARTESIAN_POINT('Origin',(0.,1.5,-13.));
#4267=CARTESIAN_POINT('',(-1.59204083889156E-15,1.5,13.));
#4268=CARTESIAN_POINT('Origin',(0.,1.5,0.));
#4269=CARTESIAN_POINT('Origin',(0.,0.75,0.));
#4270=CARTESIAN_POINT('',(-1.59204083889156E-15,0.,13.));
#4271=CARTESIAN_POINT('Origin',(0.,0.,0.));
#4272=CARTESIAN_POINT('',(-1.59204083889156E-15,0.75,13.));
#4273=CARTESIAN_POINT('Origin',(0.,0.,-9.));
#4274=CARTESIAN_POINT('',(-1.10218211923262E-15,0.,9.));
#4275=CARTESIAN_POINT('Origin',(0.,0.,0.));
#4276=CARTESIAN_POINT('Origin',(0.,6.5,0.));
#4277=CARTESIAN_POINT('',(-1.10218211923262E-15,6.5,9.));
#4278=CARTESIAN_POINT('',(0.,0.,0.));
#4279=CARTESIAN_POINT('Origin',(0.,0.,0.));
#4280=CARTESIAN_POINT('',(1.50033181007832,0.35,-0.00108470137580804));
#4281=CARTESIAN_POINT('',(1.5,0.,-1.83697019872103E-16));
#4282=CARTESIAN_POINT('',(1.5,0.,-1.83697019872103E-16));
#4283=CARTESIAN_POINT('',(-1.5,0.,0.));
#4284=CARTESIAN_POINT('Origin',(0.,0.,0.));
#4285=CARTESIAN_POINT('Ctrl Pts',(-1.5,-3.46944695195361E-17,0.));
#4286=CARTESIAN_POINT('Ctrl Pts',(-1.5,0.0364583333333333,-0.490873852123405));
#4287=CARTESIAN_POINT('Ctrl Pts',(-0.981449164962456,0.109375,-1.46468251746891));
#4288=CARTESIAN_POINT('Ctrl Pts',(0.675687105059814,0.21875,-1.63012682457169));
#4289=CARTESIAN_POINT('Ctrl Pts',(1.44830022710411,0.298958333333333,-0.686694698997277));
#4290=CARTESIAN_POINT('Ctrl Pts',(1.50118638538082,0.342708333333333,-0.0991527200596));
#4291=CARTESIAN_POINT('Ctrl Pts',(1.50033181007832,0.35,-0.00108470137580797));
#4292=CARTESIAN_POINT('Origin',(0.,0.,0.));
#4293=CARTESIAN_POINT('',(1.49808038143541,1.05,0.000713454800299607));
#4294=CARTESIAN_POINT('',(1.50033181007832,0.850000000000001,-0.00108470137580696));
#4295=CARTESIAN_POINT('',(1.5,0.,-1.83697019872103E-16));
#4296=CARTESIAN_POINT('',(-1.5,0.500000000000001,0.));
#4297=CARTESIAN_POINT('Ctrl Pts',(1.50033181007832,0.850000000000001,-0.00108470137580696));
#4298=CARTESIAN_POINT('Ctrl Pts',(1.50118638538082,0.842708333333334,-0.0991527200595994));
#4299=CARTESIAN_POINT('Ctrl Pts',(1.49237202566804,0.835416666666667,-0.197076383215879));
#4300=CARTESIAN_POINT('Ctrl Pts',(1.47332046648247,0.828125000000001,-0.292973861991179));
#4301=CARTESIAN_POINT('Ctrl Pts',(1.37806267055463,0.791666666666667,-0.772461255867678));
#4302=CARTESIAN_POINT('Ctrl Pts',(1.02687488780722,0.755208333333334,-1.20129404021968));
#4303=CARTESIAN_POINT('Ctrl Pts',(0.575091618096473,0.71875,-1.38813638121189));
#4304=CARTESIAN_POINT('Ctrl Pts',(0.123308348385724,0.682291666666667,-1.57497872220409));
#4305=CARTESIAN_POINT('Ctrl Pts',(-0.429070408288366,0.645833333333334,
-1.5198306198365));
#4306=CARTESIAN_POINT('Ctrl Pts',(-0.834897495384797,0.609375000000001,
-1.24880440231633));
#4307=CARTESIAN_POINT('Ctrl Pts',(-1.24072458248123,0.572916666666668,-0.977778184796156));
#4308=CARTESIAN_POINT('Ctrl Pts',(-1.5,0.536458333333334,-0.490873852123405));
#4309=CARTESIAN_POINT('Ctrl Pts',(-1.5,0.500000000000001,0.));
#4310=CARTESIAN_POINT('',(-1.5,0.,0.));
#4311=CARTESIAN_POINT('Origin',(0.,0.,0.));
#4312=CARTESIAN_POINT('Ctrl Pts',(1.50033181007832,0.35,-0.00108470137580797));
#4313=CARTESIAN_POINT('Ctrl Pts',(1.49691350886829,0.379166666666666,0.391187373359362));
#4314=CARTESIAN_POINT('Ctrl Pts',(1.14114067059524,0.444791666666667,1.27899634050396));
#4315=CARTESIAN_POINT('Ctrl Pts',(-0.344164269847385,0.546875,1.72977956593707));
#4316=CARTESIAN_POINT('Ctrl Pts',(-1.62924901048954,0.65625,0.674821049930491));
#4317=CARTESIAN_POINT('Ctrl Pts',(-1.46636927175313,0.765625,-0.979744406710603));
#4318=CARTESIAN_POINT('Ctrl Pts',(1.61398884358073E-5,0.875,-1.76356676763098));
#4319=CARTESIAN_POINT('Ctrl Pts',(1.27082146853572,0.969791666666667,-1.08427394792893));
#4320=CARTESIAN_POINT('Ctrl Pts',(1.49676743660632,1.028125,-0.294687114166267));
#4321=CARTESIAN_POINT('Ctrl Pts',(1.49808038143541,1.05,0.000713454800299693));
#4322=CARTESIAN_POINT('Origin',(0.,0.,0.));
#4323=CARTESIAN_POINT('',(1.50229248838722,1.75,2.22989920848925E-15));
#4324=CARTESIAN_POINT('',(1.49808038143541,1.55,0.000713454800302015));
#4325=CARTESIAN_POINT('',(1.5,0.,-1.83697019872103E-16));
#4326=CARTESIAN_POINT('Ctrl Pts',(1.49808038143541,1.55,0.000713454800302015));
#4327=CARTESIAN_POINT('Ctrl Pts',(1.49676743660632,1.528125,-0.294687114166264));
#4328=CARTESIAN_POINT('Ctrl Pts',(1.41203769857985,1.50625,-0.590782176827264));
#4329=CARTESIAN_POINT('Ctrl Pts',(1.24910807425728,1.484375,-0.834626546541527));
#4330=CARTESIAN_POINT('Ctrl Pts',(0.977558700386348,1.44791666666667,-1.24103382939864));
#4331=CARTESIAN_POINT('Ctrl Pts',(0.488787420137392,1.41145833333333,-1.50230029851481));
#4332=CARTESIAN_POINT('Ctrl Pts',(4.21140598540204E-6,1.375,-1.5022964729195));
#4333=CARTESIAN_POINT('Ctrl Pts',(-0.48877899732542,1.33854166666667,-1.50229264732419));
#4334=CARTESIAN_POINT('Ctrl Pts',(-0.977574134539277,1.30208333333333,-1.2410185270174));
#4335=CARTESIAN_POINT('Ctrl Pts',(-1.24911832626894,1.265625,-0.834620557423817));
#4336=CARTESIAN_POINT('Ctrl Pts',(-1.5206625179986,1.22916666666667,-0.428222587830238));
#4337=CARTESIAN_POINT('Ctrl Pts',(-1.57495576424407,1.19270833333333,0.123299231050127));
#4338=CARTESIAN_POINT('Ctrl Pts',(-1.38792159725978,1.15625,0.574886559824739));
#4339=CARTESIAN_POINT('Ctrl Pts',(-1.20088743027549,1.11979166666667,1.02647388859935));
#4340=CARTESIAN_POINT('Ctrl Pts',(-0.772525850061436,1.08333333333333,1.37812672726821));
#4341=CARTESIAN_POINT('Ctrl Pts',(-0.29311203487537,1.046875,1.47345614206101));
#4342=CARTESIAN_POINT('Ctrl Pts',(0.186301780310696,1.01041666666667,1.56878555685381));
#4343=CARTESIAN_POINT('Ctrl Pts',(0.716767830468775,0.973958333333334,1.40779154777056));
#4344=CARTESIAN_POINT('Ctrl Pts',(1.06233695099368,0.937500000000001,1.06222354152844));
#4345=CARTESIAN_POINT('Ctrl Pts',(1.3387922474136,0.908333333333334,0.785769136534739));
#4346=CARTESIAN_POINT('Ctrl Pts',(1.49691350886829,0.879166666666667,0.391187373359363));
#4347=CARTESIAN_POINT('Ctrl Pts',(1.50033181007832,0.850000000000001,-0.00108470137580696));
#4348=CARTESIAN_POINT('Ctrl Pts',(1.49808038143541,1.05,0.000713454800299693));
#4349=CARTESIAN_POINT('Ctrl Pts',(1.49895567798814,1.06458333333333,0.197647167444679));
#4350=CARTESIAN_POINT('Ctrl Pts',(1.37225975983787,1.115625,0.88583483817533));
#4351=CARTESIAN_POINT('Ctrl Pts',(0.34404926673309,1.203125,1.72966647283001));
#4352=CARTESIAN_POINT('Ctrl Pts',(-1.24701711038478,1.3125,1.24701709429406));
#4353=CARTESIAN_POINT('Ctrl Pts',(-1.72966475334976,1.421875,-0.344050947042179));
#4354=CARTESIAN_POINT('Ctrl Pts',(-0.674881099315098,1.53125,-1.62930827648713));
#4355=CARTESIAN_POINT('Ctrl Pts',(0.97977579175252,1.640625,-1.466338297481));
#4356=CARTESIAN_POINT('Ctrl Pts',(1.50229220517577,1.71354166666667,-0.488779432493667));
#4357=CARTESIAN_POINT('Ctrl Pts',(1.50229220517577,1.75,-4.5102810375397E-16));
#4358=CARTESIAN_POINT('Origin',(0.,0.,0.));
#4359=CARTESIAN_POINT('',(1.49808038143541,2.45,-0.000713454800304186));
#4360=CARTESIAN_POINT('',(1.50229248838722,2.25,-3.60864794463335E-15));
#4361=CARTESIAN_POINT('',(1.5,0.,-1.83697019872103E-16));
#4362=CARTESIAN_POINT('Ctrl Pts',(1.50229220517577,2.25,-3.60822483003177E-15));
#4363=CARTESIAN_POINT('Ctrl Pts',(1.50229220517577,2.21354166666667,-0.48877943249367));
#4364=CARTESIAN_POINT('Ctrl Pts',(1.24103399846414,2.17708333333333,-0.977558864987335));
#4365=CARTESIAN_POINT('Ctrl Pts',(0.834628746597062,2.140625,-1.24911024440186));
#4366=CARTESIAN_POINT('Ctrl Pts',(0.428223494729981,2.10416666666667,-1.52066162381638));
#4367=CARTESIAN_POINT('Ctrl Pts',(-0.123328802292559,2.06770833333333,-1.57498495015176));
#4368=CARTESIAN_POINT('Ctrl Pts',(-0.574902226476272,2.03125,-1.38793705841195));
#4369=CARTESIAN_POINT('Ctrl Pts',(-1.02647565065998,1.99479166666667,-1.20088916667215));
#4370=CARTESIAN_POINT('Ctrl Pts',(-1.37807020200487,1.95833333333333,-0.772470056857162));
#4371=CARTESIAN_POINT('Ctrl Pts',(-1.47342620384982,1.921875,-0.293082495060297));
#4372=CARTESIAN_POINT('Ctrl Pts',(-1.56878220569477,1.88541666666667,0.18630506673657));
#4373=CARTESIAN_POINT('Ctrl Pts',(-1.40789965803978,1.84895833333333,0.716661080515316));
#4374=CARTESIAN_POINT('Ctrl Pts',(-1.06228065469263,1.8125,1.06228065049401));
#4375=CARTESIAN_POINT('Ctrl Pts',(-0.716661651345493,1.77604166666667,1.40790022047271));
#4376=CARTESIAN_POINT('Ctrl Pts',(-0.186306192306202,1.73958333333333,1.56878334665136));
#4377=CARTESIAN_POINT('Ctrl Pts',(0.293082056610271,1.703125,1.47342665252096));
#4378=CARTESIAN_POINT('Ctrl Pts',(0.772470305526746,1.66666666666667,1.37806995839056));
#4379=CARTESIAN_POINT('Ctrl Pts',(1.2008913443204,1.63020833333333,1.02647344395111));
#4380=CARTESIAN_POINT('Ctrl Pts',(1.38793812997077,1.59375,0.574901138432365));
#4381=CARTESIAN_POINT('Ctrl Pts',(1.46275684423092,1.57916666666667,0.394272216224866));
#4382=CARTESIAN_POINT('Ctrl Pts',(1.49895567798814,1.56458333333333,0.19764716744468));
#4383=CARTESIAN_POINT('Ctrl Pts',(1.49808038143541,1.55,0.000713454800302015));
#4384=CARTESIAN_POINT('Ctrl Pts',(1.50229220517577,1.75,-4.5102810375397E-16));
#4385=CARTESIAN_POINT('Ctrl Pts',(1.50229220517577,1.78645833333333,0.488779432493666));
#4386=CARTESIAN_POINT('Ctrl Pts',(0.979775791752522,1.859375,1.466338297481));
#4387=CARTESIAN_POINT('Ctrl Pts',(-0.674881099315096,1.96875,1.62930827648713));
#4388=CARTESIAN_POINT('Ctrl Pts',(-1.72966475334976,2.078125,0.34405094704218));
#4389=CARTESIAN_POINT('Ctrl Pts',(-1.24701711038478,2.1875,-1.24701709429406));
#4390=CARTESIAN_POINT('Ctrl Pts',(0.344049266733088,2.296875,-1.72966647283001));
#4391=CARTESIAN_POINT('Ctrl Pts',(1.37225975983787,2.384375,-0.88583483817533));
#4392=CARTESIAN_POINT('Ctrl Pts',(1.49895567798814,2.43541666666667,-0.197647167444682));
#4393=CARTESIAN_POINT('Ctrl Pts',(1.49808038143541,2.45,-0.000713454800304117));
#4394=CARTESIAN_POINT('Origin',(0.,0.,0.));
#4395=CARTESIAN_POINT('',(1.50033181007832,3.15,0.0010847013758046));
#4396=CARTESIAN_POINT('',(1.49808038143541,2.95,-0.000713454800309768));
#4397=CARTESIAN_POINT('',(1.5,0.,-1.83697019872103E-16));
#4398=CARTESIAN_POINT('Ctrl Pts',(1.49808038143541,2.95,-0.000713454800309768));
#4399=CARTESIAN_POINT('Ctrl Pts',(1.49895567798814,2.93541666666667,-0.197647167444687));
#4400=CARTESIAN_POINT('Ctrl Pts',(1.46275684423092,2.92083333333333,-0.394272216224872));
#4401=CARTESIAN_POINT('Ctrl Pts',(1.38793812997077,2.90625,-0.574901138432369));
#4402=CARTESIAN_POINT('Ctrl Pts',(1.2008913443204,2.86979166666667,-1.02647344395111));
#4403=CARTESIAN_POINT('Ctrl Pts',(0.772470305526745,2.83333333333333,-1.37806995839056));
#4404=CARTESIAN_POINT('Ctrl Pts',(0.293082056610272,2.796875,-1.47342665252096));
#4405=CARTESIAN_POINT('Ctrl Pts',(-0.186306192306203,2.76041666666667,-1.56878334665136));
#4406=CARTESIAN_POINT('Ctrl Pts',(-0.716661651345495,2.72395833333333,-1.40790022047271));
#4407=CARTESIAN_POINT('Ctrl Pts',(-1.06228065469264,2.6875,-1.06228065049401));
#4408=CARTESIAN_POINT('Ctrl Pts',(-1.40789965803978,2.65104166666667,-0.716661080515315));
#4409=CARTESIAN_POINT('Ctrl Pts',(-1.56878220569477,2.61458333333334,-0.186305066736567));
#4410=CARTESIAN_POINT('Ctrl Pts',(-1.47342620384982,2.578125,0.293082495060299));
#4411=CARTESIAN_POINT('Ctrl Pts',(-1.37807020200487,2.54166666666667,0.772470056857165));
#4412=CARTESIAN_POINT('Ctrl Pts',(-1.02647565065998,2.50520833333333,1.20088916667215));
#4413=CARTESIAN_POINT('Ctrl Pts',(-0.57490222647627,2.46875,1.38793705841195));
#4414=CARTESIAN_POINT('Ctrl Pts',(-0.123328802292557,2.43229166666667,1.57498495015176));
#4415=CARTESIAN_POINT('Ctrl Pts',(0.428223494729983,2.39583333333334,1.52066162381638));
#4416=CARTESIAN_POINT('Ctrl Pts',(0.834628746597064,2.359375,1.24911024440186));
#4417=CARTESIAN_POINT('Ctrl Pts',(1.24103399846415,2.32291666666667,0.977558864987333));
#4418=CARTESIAN_POINT('Ctrl Pts',(1.50229220517577,2.28645833333333,0.488779432493664));
#4419=CARTESIAN_POINT('Ctrl Pts',(1.50229220517577,2.25,-3.52052818017859E-15));
#4420=CARTESIAN_POINT('Ctrl Pts',(1.49808038143541,2.45,-0.000713454800304117));
#4421=CARTESIAN_POINT('Ctrl Pts',(1.49676743660632,2.471875,0.294687114166264));
#4422=CARTESIAN_POINT('Ctrl Pts',(1.27082146853572,2.53020833333333,1.08427394792893));
#4423=CARTESIAN_POINT('Ctrl Pts',(1.61398884416479E-5,2.62500000000001,
1.76356676763098));
#4424=CARTESIAN_POINT('Ctrl Pts',(-1.46636927175313,2.734375,0.979744406710607));
#4425=CARTESIAN_POINT('Ctrl Pts',(-1.62924901048954,2.84375,-0.674821049930487));
#4426=CARTESIAN_POINT('Ctrl Pts',(-0.34416426984739,2.953125,-1.72977956593707));
#4427=CARTESIAN_POINT('Ctrl Pts',(1.14114067059524,3.05520833333334,-1.27899634050396));
#4428=CARTESIAN_POINT('Ctrl Pts',(1.49691350886829,3.12083333333333,-0.391187373359365));
#4429=CARTESIAN_POINT('Ctrl Pts',(1.50033181007832,3.15,0.00108470137580459));
#4430=CARTESIAN_POINT('Origin',(0.,0.,0.));
#4431=CARTESIAN_POINT('',(1.5,4.,-1.83697019872103E-16));
#4432=CARTESIAN_POINT('',(1.50033181007832,3.65,0.00108470137580487));
#4433=CARTESIAN_POINT('',(1.5,0.,-1.83697019872103E-16));
#4434=CARTESIAN_POINT('',(-1.5,4.,0.));
#4435=CARTESIAN_POINT('Origin',(0.,4.,0.));
#4436=CARTESIAN_POINT('Ctrl Pts',(-1.5,4.,1.87350135405495E-15));
#4437=CARTESIAN_POINT('Ctrl Pts',(-1.5,3.96354166666667,0.490873852123408));
#4438=CARTESIAN_POINT('Ctrl Pts',(-1.24072458248122,3.92708333333333,0.977778184796161));
#4439=CARTESIAN_POINT('Ctrl Pts',(-0.83489749538479,3.890625,1.24880440231633));
#4440=CARTESIAN_POINT('Ctrl Pts',(-0.429070408288359,3.85416666666667,1.5198306198365));
#4441=CARTESIAN_POINT('Ctrl Pts',(0.123308348385728,3.81770833333333,1.57497872220409));
#4442=CARTESIAN_POINT('Ctrl Pts',(0.575091618096475,3.78125,1.38813638121189));
#4443=CARTESIAN_POINT('Ctrl Pts',(1.02687488780722,3.74479166666667,1.20129404021968));
#4444=CARTESIAN_POINT('Ctrl Pts',(1.37806267055463,3.70833333333333,0.772461255867674));
#4445=CARTESIAN_POINT('Ctrl Pts',(1.47332046648247,3.671875,0.292973861991176));
#4446=CARTESIAN_POINT('Ctrl Pts',(1.49237202566804,3.66458333333333,0.197076383215876));
#4447=CARTESIAN_POINT('Ctrl Pts',(1.50118638538082,3.65729166666667,0.0991527200595972));
#4448=CARTESIAN_POINT('Ctrl Pts',(1.50033181007832,3.65,0.00108470137580487));
#4449=CARTESIAN_POINT('Origin',(0.,-0.2,0.));
#4450=CARTESIAN_POINT('',(1.25,-0.2,-1.53080849893419E-16));
#4451=CARTESIAN_POINT('Origin',(0.,-0.2,0.));
#4452=CARTESIAN_POINT('Ctrl Pts',(1.5,0.,-1.83697019872103E-16));
#4453=CARTESIAN_POINT('Ctrl Pts',(1.5,-0.106718737290548,-1.83697019872103E-16));
#4454=CARTESIAN_POINT('Ctrl Pts',(1.41666666666667,-0.133333333333333,-1.37772764904077E-16));
#4455=CARTESIAN_POINT('Ctrl Pts',(1.25,-0.2,-1.53080849893419E-16));
#4456=CARTESIAN_POINT('Ctrl Pts',(1.5,0.,-0.392699081698724));
#4457=CARTESIAN_POINT('Ctrl Pts',(1.5,-0.106718737290548,-0.392699081698724));
#4458=CARTESIAN_POINT('Ctrl Pts',(1.41666666666667,-0.133333333333333,-0.362954739287755));
#4459=CARTESIAN_POINT('Ctrl Pts',(1.25,-0.2,-0.327249234748937));
#4460=CARTESIAN_POINT('Ctrl Pts',(1.17513253952527,0.,-1.17548719930499));
#4461=CARTESIAN_POINT('Ctrl Pts',(1.17513253952527,-0.106718737290547,-1.17548719930499));
#4462=CARTESIAN_POINT('Ctrl Pts',(1.09831595414321,-0.133333333333333,-1.09861150395964));
#4463=CARTESIAN_POINT('Ctrl Pts',(0.979277116271057,-0.2,-0.979572666087488));
#4464=CARTESIAN_POINT('Ctrl Pts',(0.3926048788722,0.,-1.5009908668424));
#4465=CARTESIAN_POINT('Ctrl Pts',(0.3926048788722,-0.106718737290548,-1.5009908668424));
#4466=CARTESIAN_POINT('Ctrl Pts',(0.362876236932318,-0.133333333333333,
-1.41749238903533));
#4467=CARTESIAN_POINT('Ctrl Pts',(0.3271707323935,-0.2,-1.25082572236867));
#4468=CARTESIAN_POINT('Ctrl Pts',(-0.392620025869295,0.,-1.50133137172229));
#4469=CARTESIAN_POINT('Ctrl Pts',(-0.392620025869295,-0.106718737290547,
-1.50133137172229));
#4470=CARTESIAN_POINT('Ctrl Pts',(-0.362888859429897,-0.133333333333333,
-1.41777614310191));
#4471=CARTESIAN_POINT('Ctrl Pts',(-0.327183354891079,-0.2,-1.25110947643524));
#4472=CARTESIAN_POINT('Ctrl Pts',(-1.17505265753122,0.,-1.17500874453739));
#4473=CARTESIAN_POINT('Ctrl Pts',(-1.17505265753122,-0.106718737290548,
-1.17500874453739));
#4474=CARTESIAN_POINT('Ctrl Pts',(-1.09824938581483,-0.133333333333333,
-1.09821279165331));
#4475=CARTESIAN_POINT('Ctrl Pts',(-0.97921054794268,-0.2,-0.979173953781158));
#4476=CARTESIAN_POINT('Ctrl Pts',(-1.50130107794237,0.,-0.392618256769099));
#4477=CARTESIAN_POINT('Ctrl Pts',(-1.50130107794237,-0.106718737290547,
-0.392618256769099));
#4478=CARTESIAN_POINT('Ctrl Pts',(-1.41775089828531,-0.133333333333333,
-0.362887385179734));
#4479=CARTESIAN_POINT('Ctrl Pts',(-1.25108423161864,-0.2,-0.327181880640916));
#4480=CARTESIAN_POINT('Ctrl Pts',(-1.50130107794237,0.,0.3926182567691));
#4481=CARTESIAN_POINT('Ctrl Pts',(-1.50130107794237,-0.106718737290548,
0.3926182567691));
#4482=CARTESIAN_POINT('Ctrl Pts',(-1.41775089828531,-0.133333333333333,
0.362887385179734));
#4483=CARTESIAN_POINT('Ctrl Pts',(-1.25108423161864,-0.2,0.327181880640916));
#4484=CARTESIAN_POINT('Ctrl Pts',(-1.17505265753122,0.,1.17500874453739));
#4485=CARTESIAN_POINT('Ctrl Pts',(-1.17505265753122,-0.106718737290548,
1.17500874453739));
#4486=CARTESIAN_POINT('Ctrl Pts',(-1.09824938581483,-0.133333333333333,
1.09821279165331));
#4487=CARTESIAN_POINT('Ctrl Pts',(-0.979210547942681,-0.2,0.979173953781157));
#4488=CARTESIAN_POINT('Ctrl Pts',(-0.392620025869295,0.,1.50133137172229));
#4489=CARTESIAN_POINT('Ctrl Pts',(-0.392620025869295,-0.106718737290548,
1.50133137172229));
#4490=CARTESIAN_POINT('Ctrl Pts',(-0.362888859429897,-0.133333333333333,
1.41777614310191));
#4491=CARTESIAN_POINT('Ctrl Pts',(-0.327183354891079,-0.2,1.25110947643524));
#4492=CARTESIAN_POINT('Ctrl Pts',(0.3926048788722,0.,1.5009908668424));
#4493=CARTESIAN_POINT('Ctrl Pts',(0.3926048788722,-0.106718737290548,1.5009908668424));
#4494=CARTESIAN_POINT('Ctrl Pts',(0.362876236932318,-0.133333333333333,
1.41749238903533));
#4495=CARTESIAN_POINT('Ctrl Pts',(0.3271707323935,-0.2,1.25082572236867));
#4496=CARTESIAN_POINT('Ctrl Pts',(1.17513253952527,0.,1.17548719930499));
#4497=CARTESIAN_POINT('Ctrl Pts',(1.17513253952527,-0.106718737290548,1.17548719930499));
#4498=CARTESIAN_POINT('Ctrl Pts',(1.09831595414321,-0.133333333333333,1.09861150395964));
#4499=CARTESIAN_POINT('Ctrl Pts',(0.979277116271057,-0.2,0.979572666087488));
#4500=CARTESIAN_POINT('Ctrl Pts',(1.5,0.,0.392699081698724));
#4501=CARTESIAN_POINT('Ctrl Pts',(1.5,-0.106718737290548,0.392699081698724));
#4502=CARTESIAN_POINT('Ctrl Pts',(1.41666666666667,-0.133333333333334,0.362954739287755));
#4503=CARTESIAN_POINT('Ctrl Pts',(1.25,-0.2,0.327249234748937));
#4504=CARTESIAN_POINT('Ctrl Pts',(1.5,0.,1.83697019872103E-16));
#4505=CARTESIAN_POINT('Ctrl Pts',(1.5,-0.106718737290548,1.83697019872103E-16));
#4506=CARTESIAN_POINT('Ctrl Pts',(1.41666666666667,-0.133333333333333,1.68388934882761E-16));
#4507=CARTESIAN_POINT('Ctrl Pts',(1.25,-0.2,1.53080849893419E-16));
#4508=CARTESIAN_POINT('Ctrl Pts',(1.5,0.,1.83697019872103E-16));
#4509=CARTESIAN_POINT('Ctrl Pts',(1.5,-0.106718737290548,1.83697019872103E-16));
#4510=CARTESIAN_POINT('Ctrl Pts',(1.41666666666667,-0.133333333333333,1.68388934882761E-16));
#4511=CARTESIAN_POINT('Ctrl Pts',(1.25,-0.2,1.53080849893419E-16));
#4512=CARTESIAN_POINT('Origin',(0.,1.5,1.38777878078145E-16));
#4513=CARTESIAN_POINT('',(-1.03923048454133,1.5,2.77555756156289E-16));
#4514=CARTESIAN_POINT('',(-0.519615242270664,1.5,-0.899999999999999));
#4515=CARTESIAN_POINT('',(-0.909326673973661,1.5,-0.225));
#4516=CARTESIAN_POINT('',(-0.519615242270663,1.5,0.900000000000001));
#4517=CARTESIAN_POINT('',(-0.649519052838329,1.5,0.675000000000001));
#4518=CARTESIAN_POINT('',(0.519615242270664,1.5,0.9));
#4519=CARTESIAN_POINT('',(0.259807621135332,1.5,0.9));
#4520=CARTESIAN_POINT('',(1.03923048454133,1.5,-1.38777878078145E-16));
#4521=CARTESIAN_POINT('',(0.909326673973661,1.5,0.225));
#4522=CARTESIAN_POINT('',(0.519615242270663,1.5,-0.9));
#4523=CARTESIAN_POINT('',(0.649519052838329,1.5,-0.675));
#4524=CARTESIAN_POINT('',(-0.259807621135333,1.5,-0.9));
#4525=CARTESIAN_POINT('Origin',(1.03923048454133,0.,-1.27269028646989E-16));
#4526=CARTESIAN_POINT('',(0.519615242270664,4.,0.9));
#4527=CARTESIAN_POINT('',(0.519615242270664,0.,0.9));
#4528=CARTESIAN_POINT('',(1.03923048454133,4.,-1.27269028646989E-16));
#4529=CARTESIAN_POINT('',(1.03923048454133,4.,-1.27269028646989E-16));
#4530=CARTESIAN_POINT('',(1.03923048454133,0.,-1.27269028646989E-16));
#4531=CARTESIAN_POINT('Origin',(0.519615242270664,0.,0.9));
#4532=CARTESIAN_POINT('',(-0.519615242270663,4.,0.900000000000001));
#4533=CARTESIAN_POINT('',(-0.519615242270663,0.,0.900000000000001));
#4534=CARTESIAN_POINT('',(0.519615242270664,4.,0.9));
#4535=CARTESIAN_POINT('Origin',(-0.519615242270663,0.,0.900000000000001));
#4536=CARTESIAN_POINT('',(-1.03923048454133,4.,2.54538057293978E-16));
#4537=CARTESIAN_POINT('',(-1.03923048454133,0.,2.54538057293978E-16));
#4538=CARTESIAN_POINT('',(-0.519615242270663,4.,0.900000000000001));
#4539=CARTESIAN_POINT('Ctrl Pts',(-1.5,-3.46944695195361E-17,0.));
#4540=CARTESIAN_POINT('Ctrl Pts',(-1.5,0.0364583333333333,-0.490873852123405));
#4541=CARTESIAN_POINT('Ctrl Pts',(-0.981449164962456,0.109375,-1.46468251746891));
#4542=CARTESIAN_POINT('Ctrl Pts',(0.675687105059814,0.21875,-1.63012682457169));
#4543=CARTESIAN_POINT('Ctrl Pts',(1.72925045330204,0.328125,-0.343628471515673));
#4544=CARTESIAN_POINT('Ctrl Pts',(1.24723388062686,0.4375,1.24679753868731));
#4545=CARTESIAN_POINT('Ctrl Pts',(-0.344164269847385,0.546875,1.72977956593707));
#4546=CARTESIAN_POINT('Ctrl Pts',(-1.62924901048954,0.65625,0.674821049930491));
#4547=CARTESIAN_POINT('Ctrl Pts',(-1.46636927175313,0.765625,-0.979744406710603));
#4548=CARTESIAN_POINT('Ctrl Pts',(1.61398884358073E-5,0.875,-1.76356676763098));
#4549=CARTESIAN_POINT('Ctrl Pts',(1.4663299806353,0.984375,-0.979767360282464));
#4550=CARTESIAN_POINT('Ctrl Pts',(1.62931238311406,1.09375,0.674876929511661));
#4551=CARTESIAN_POINT('Ctrl Pts',(0.34404926673309,1.203125,1.72966647283001));
#4552=CARTESIAN_POINT('Ctrl Pts',(-1.24701711038478,1.3125,1.24701709429406));
#4553=CARTESIAN_POINT('Ctrl Pts',(-1.72966475334976,1.421875,-0.344050947042179));
#4554=CARTESIAN_POINT('Ctrl Pts',(-0.674881099315098,1.53125,-1.62930827648713));
#4555=CARTESIAN_POINT('Ctrl Pts',(0.97977579175252,1.640625,-1.466338297481));
#4556=CARTESIAN_POINT('Ctrl Pts',(1.76355041188739,1.75,1.67420655248246E-16));
#4557=CARTESIAN_POINT('Ctrl Pts',(0.979775791752522,1.859375,1.466338297481));
#4558=CARTESIAN_POINT('Ctrl Pts',(-0.674881099315096,1.96875,1.62930827648713));
#4559=CARTESIAN_POINT('Ctrl Pts',(-1.72966475334976,2.078125,0.34405094704218));
#4560=CARTESIAN_POINT('Ctrl Pts',(-1.24701711038478,2.1875,-1.24701709429406));
#4561=CARTESIAN_POINT('Ctrl Pts',(0.344049266733088,2.296875,-1.72966647283001));
#4562=CARTESIAN_POINT('Ctrl Pts',(1.62931238311406,2.40625,-0.67487692951166));
#4563=CARTESIAN_POINT('Ctrl Pts',(1.4663299806353,2.515625,0.979767360282462));
#4564=CARTESIAN_POINT('Ctrl Pts',(1.61398884416479E-5,2.62500000000001,
1.76356676763098));
#4565=CARTESIAN_POINT('Ctrl Pts',(-1.46636927175313,2.734375,0.979744406710607));
#4566=CARTESIAN_POINT('Ctrl Pts',(-1.62924901048954,2.84375,-0.674821049930487));
#4567=CARTESIAN_POINT('Ctrl Pts',(-0.34416426984739,2.953125,-1.72977956593707));
#4568=CARTESIAN_POINT('Ctrl Pts',(1.24723388062685,3.0625,-1.24679753868731));
#4569=CARTESIAN_POINT('Ctrl Pts',(1.72925045330204,3.171875,0.343628471515669));
#4570=CARTESIAN_POINT('Ctrl Pts',(0.675687105059817,3.28125,1.63012682457169));
#4571=CARTESIAN_POINT('Ctrl Pts',(-0.981449164962454,3.390625,1.46468251746891));
#4572=CARTESIAN_POINT('Ctrl Pts',(-1.5,3.46354166666667,0.490873852123407));
#4573=CARTESIAN_POINT('Ctrl Pts',(-1.5,3.5,1.83697019872103E-15));
#4574=CARTESIAN_POINT('Ctrl Pts',(-1.66666666666667,0.0833333333333338,
0.));
#4575=CARTESIAN_POINT('Ctrl Pts',(-1.66666666666667,0.119791666666667,-0.545415391248227));
#4576=CARTESIAN_POINT('Ctrl Pts',(-1.09049907218051,0.192708333333334,-1.6274250194099));
#4577=CARTESIAN_POINT('Ctrl Pts',(0.750763450066459,0.302083333333333,-1.81125202730187));
#4578=CARTESIAN_POINT('Ctrl Pts',(1.92138939255782,0.411458333333334,-0.381809412795193));
#4579=CARTESIAN_POINT('Ctrl Pts',(1.38581542291873,0.520833333333334,1.38533059854145));
#4580=CARTESIAN_POINT('Ctrl Pts',(-0.382404744274872,0.630208333333334,
1.92197729548563));
#4581=CARTESIAN_POINT('Ctrl Pts',(-1.81027667832171,0.739583333333334,0.749801166589436));
#4582=CARTESIAN_POINT('Ctrl Pts',(-1.62929919083681,0.848958333333334,-1.08860489634512));
#4583=CARTESIAN_POINT('Ctrl Pts',(1.79332093726914E-5,0.958333333333334,
-1.95951863070109));
#4584=CARTESIAN_POINT('Ctrl Pts',(1.62925553403922,1.06770833333333,-1.08863040031385));
#4585=CARTESIAN_POINT('Ctrl Pts',(1.81034709234896,1.17708333333333,0.749863255012955));
#4586=CARTESIAN_POINT('Ctrl Pts',(0.382276963036766,1.28645833333333,1.92185163647779));
#4587=CARTESIAN_POINT('Ctrl Pts',(-1.38557456709421,1.39583333333334,1.38557454921562));
#4588=CARTESIAN_POINT('Ctrl Pts',(-1.92184972594417,1.50520833333333,-0.382278830046863));
#4589=CARTESIAN_POINT('Ctrl Pts',(-0.749867888127888,1.61458333333334,-1.81034252943015));
#4590=CARTESIAN_POINT('Ctrl Pts',(1.08863976861391,1.72395833333333,-1.62926477497889));
#4591=CARTESIAN_POINT('Ctrl Pts',(1.95950045765266,1.83333333333333,-1.33936524198597E-15));
#4592=CARTESIAN_POINT('Ctrl Pts',(1.08863976861391,1.94270833333333,1.62926477497889));
#4593=CARTESIAN_POINT('Ctrl Pts',(-0.749867888127884,2.05208333333333,1.81034252943015));
#4594=CARTESIAN_POINT('Ctrl Pts',(-1.92184972594417,2.16145833333334,0.382278830046868));
#4595=CARTESIAN_POINT('Ctrl Pts',(-1.38557456709421,2.27083333333333,-1.38557454921562));
#4596=CARTESIAN_POINT('Ctrl Pts',(0.382276963036765,2.38020833333334,-1.92185163647779));
#4597=CARTESIAN_POINT('Ctrl Pts',(1.81034709234896,2.48958333333333,-0.749863255012956));
#4598=CARTESIAN_POINT('Ctrl Pts',(1.62925553403922,2.59895833333333,1.08863040031385));
#4599=CARTESIAN_POINT('Ctrl Pts',(1.79332093790321E-5,2.70833333333333,
1.95951863070109));
#4600=CARTESIAN_POINT('Ctrl Pts',(-1.62929919083681,2.81770833333333,1.08860489634512));
#4601=CARTESIAN_POINT('Ctrl Pts',(-1.81027667832171,2.92708333333333,-0.749801166589431));
#4602=CARTESIAN_POINT('Ctrl Pts',(-0.382404744274877,3.03645833333333,-1.92197729548563));
#4603=CARTESIAN_POINT('Ctrl Pts',(1.38581542291872,3.14583333333333,-1.38533059854146));
#4604=CARTESIAN_POINT('Ctrl Pts',(1.92138939255782,3.25520833333333,0.381809412795189));
#4605=CARTESIAN_POINT('Ctrl Pts',(0.750763450066462,3.36458333333334,1.81125202730187));
#4606=CARTESIAN_POINT('Ctrl Pts',(-1.0904990721805,3.47395833333333,1.6274250194099));
#4607=CARTESIAN_POINT('Ctrl Pts',(-1.66666666666667,3.546875,0.545415391248229));
#4608=CARTESIAN_POINT('Ctrl Pts',(-1.66666666666667,3.58333333333333,2.04107799857892E-15));
#4609=CARTESIAN_POINT('Ctrl Pts',(-1.83333333333333,0.166666666666668,0.));
#4610=CARTESIAN_POINT('Ctrl Pts',(-1.83333333333333,0.203125000000001,-0.599956930373052));
#4611=CARTESIAN_POINT('Ctrl Pts',(-1.19954897939856,0.276041666666668,-1.79016752135088));
#4612=CARTESIAN_POINT('Ctrl Pts',(0.825839795073104,0.385416666666668,-1.99237723003206));
#4613=CARTESIAN_POINT('Ctrl Pts',(2.1135283318136,0.494791666666667,-0.419990354074711));
#4614=CARTESIAN_POINT('Ctrl Pts',(1.5243969652106,0.604166666666668,1.5238636583956));
#4615=CARTESIAN_POINT('Ctrl Pts',(-0.420645218702361,0.713541666666667,
2.1141750250342));
#4616=CARTESIAN_POINT('Ctrl Pts',(-1.99130434615388,0.822916666666668,0.824781283248378));
#4617=CARTESIAN_POINT('Ctrl Pts',(-1.7922291099205,0.932291666666667,-1.19746538597963));
#4618=CARTESIAN_POINT('Ctrl Pts',(1.97265303125891E-5,1.04166666666667,
-2.1554704937712));
#4619=CARTESIAN_POINT('Ctrl Pts',(1.79218108744314,1.15104166666667,-1.19749344034523));
#4620=CARTESIAN_POINT('Ctrl Pts',(1.99138180158385,1.26041666666667,0.824849580514252));
#4621=CARTESIAN_POINT('Ctrl Pts',(0.420504659340442,1.36979166666667,2.11403680012557));
#4622=CARTESIAN_POINT('Ctrl Pts',(-1.52413202380363,1.47916666666667,1.52413200413719));
#4623=CARTESIAN_POINT('Ctrl Pts',(-2.11403469853859,1.58854166666667,-0.420506713051552));
#4624=CARTESIAN_POINT('Ctrl Pts',(-0.824854676940674,1.69791666666667,-1.99137678237316));
#4625=CARTESIAN_POINT('Ctrl Pts',(1.1975037454753,1.80729166666667,-1.79219125247678));
#4626=CARTESIAN_POINT('Ctrl Pts',(2.15545050341792,1.91666666666666,-1.33936524198597E-15));
#4627=CARTESIAN_POINT('Ctrl Pts',(1.1975037454753,2.02604166666667,1.79219125247678));
#4628=CARTESIAN_POINT('Ctrl Pts',(-0.824854676940672,2.13541666666667,1.99137678237316));
#4629=CARTESIAN_POINT('Ctrl Pts',(-2.11403469853859,2.24479166666667,0.420506713051554));
#4630=CARTESIAN_POINT('Ctrl Pts',(-1.52413202380363,2.35416666666667,-1.52413200413719));
#4631=CARTESIAN_POINT('Ctrl Pts',(0.420504659340441,2.46354166666667,-2.11403680012557));
#4632=CARTESIAN_POINT('Ctrl Pts',(1.99138180158386,2.57291666666666,-0.824849580514249));
#4633=CARTESIAN_POINT('Ctrl Pts',(1.79218108744314,2.68229166666667,1.19749344034523));
#4634=CARTESIAN_POINT('Ctrl Pts',(1.97265303169186E-5,2.79166666666667,
2.1554704937712));
#4635=CARTESIAN_POINT('Ctrl Pts',(-1.79222910992049,2.90104166666667,1.19746538597963));
#4636=CARTESIAN_POINT('Ctrl Pts',(-1.99130434615388,3.01041666666667,-0.824781283248374));
#4637=CARTESIAN_POINT('Ctrl Pts',(-0.420645218702365,3.11979166666666,-2.11417502503419));
#4638=CARTESIAN_POINT('Ctrl Pts',(1.5243969652106,3.22916666666667,-1.5238636583956));
#4639=CARTESIAN_POINT('Ctrl Pts',(2.1135283318136,3.33854166666667,0.419990354074708));
#4640=CARTESIAN_POINT('Ctrl Pts',(0.825839795073108,3.44791666666667,1.99237723003206));
#4641=CARTESIAN_POINT('Ctrl Pts',(-1.19954897939855,3.55729166666667,1.79016752135089));
#4642=CARTESIAN_POINT('Ctrl Pts',(-1.83333333333333,3.63020833333333,0.599956930373054));
#4643=CARTESIAN_POINT('Ctrl Pts',(-1.83333333333333,3.66666666666667,2.24518579843681E-15));
#4644=CARTESIAN_POINT('Ctrl Pts',(-2.,0.250000000000001,0.));
#4645=CARTESIAN_POINT('Ctrl Pts',(-2.,0.286458333333335,-0.654498469497873));
#4646=CARTESIAN_POINT('Ctrl Pts',(-1.30859888661661,0.359375000000002,-1.95291002329187));
#4647=CARTESIAN_POINT('Ctrl Pts',(0.900916140079749,0.468750000000002,-2.17350243276225));
#4648=CARTESIAN_POINT('Ctrl Pts',(2.30566727106938,0.578125000000002,-0.45817129535423));
#4649=CARTESIAN_POINT('Ctrl Pts',(1.66297850750247,0.687500000000001,1.66239671824974));
#4650=CARTESIAN_POINT('Ctrl Pts',(-0.458885693129847,0.796875000000002,
2.30637275458276));
#4651=CARTESIAN_POINT('Ctrl Pts',(-2.17233201398605,0.906250000000001,0.899761399907321));
#4652=CARTESIAN_POINT('Ctrl Pts',(-1.95515902900418,1.015625,-1.30632587561414));
#4653=CARTESIAN_POINT('Ctrl Pts',(2.15198512503103E-5,1.125,-2.35142235684131));
#4654=CARTESIAN_POINT('Ctrl Pts',(1.95510664084707,1.234375,-1.30635648037662));
#4655=CARTESIAN_POINT('Ctrl Pts',(2.17241651081875,1.34375,0.899835906015546));
#4656=CARTESIAN_POINT('Ctrl Pts',(0.458732355644118,1.453125,2.30622196377335));
#4657=CARTESIAN_POINT('Ctrl Pts',(-1.66268948051305,1.5625,1.66268945905875));
#4658=CARTESIAN_POINT('Ctrl Pts',(-2.30621967113301,1.671875,-0.458734596056237));
#4659=CARTESIAN_POINT('Ctrl Pts',(-0.899841465753465,1.78125,-2.17241103531618));
#4660=CARTESIAN_POINT('Ctrl Pts',(1.30636772233669,1.890625,-1.95511772997467));
#4661=CARTESIAN_POINT('Ctrl Pts',(2.35140054918319,2.,-2.00904786297896E-15));
#4662=CARTESIAN_POINT('Ctrl Pts',(1.3063677223367,2.109375,1.95511772997467));
#4663=CARTESIAN_POINT('Ctrl Pts',(-0.899841465753461,2.21875,2.17241103531618));
#4664=CARTESIAN_POINT('Ctrl Pts',(-2.30621967113301,2.328125,0.458734596056241));
#4665=CARTESIAN_POINT('Ctrl Pts',(-1.66268948051305,2.4375,-1.66268945905875));
#4666=CARTESIAN_POINT('Ctrl Pts',(0.458732355644118,2.546875,-2.30622196377334));
#4667=CARTESIAN_POINT('Ctrl Pts',(2.17241651081875,2.65625,-0.899835906015547));
#4668=CARTESIAN_POINT('Ctrl Pts',(1.95510664084706,2.765625,1.30635648037662));
#4669=CARTESIAN_POINT('Ctrl Pts',(2.15198512558096E-5,2.87500000000001,
2.35142235684131));
#4670=CARTESIAN_POINT('Ctrl Pts',(-1.95515902900418,2.984375,1.30632587561414));
#4671=CARTESIAN_POINT('Ctrl Pts',(-2.17233201398605,3.09375000000001,-0.899761399907316));
#4672=CARTESIAN_POINT('Ctrl Pts',(-0.458885693129854,3.20312499999999,-2.30637275458276));
#4673=CARTESIAN_POINT('Ctrl Pts',(1.66297850750247,3.31250000000001,-1.66239671824975));
#4674=CARTESIAN_POINT('Ctrl Pts',(2.30566727106938,3.421875,0.458171295354227));
#4675=CARTESIAN_POINT('Ctrl Pts',(0.900916140079755,3.53125,2.17350243276224));
#4676=CARTESIAN_POINT('Ctrl Pts',(-1.3085988866166,3.640625,1.95291002329188));
#4677=CARTESIAN_POINT('Ctrl Pts',(-2.,3.71354166666667,0.654498469497876));
#4678=CARTESIAN_POINT('Ctrl Pts',(-2.,3.75,2.44929359829471E-15));
#4679=CARTESIAN_POINT('',(-2.,0.250000000000001,0.));
#4680=CARTESIAN_POINT('',(-2.,0.250000000000001,0.));
#4681=CARTESIAN_POINT('',(-2.,3.75,2.44929359829471E-15));
#4682=CARTESIAN_POINT('Ctrl Pts',(-2.,0.250000000000001,0.));
#4683=CARTESIAN_POINT('Ctrl Pts',(-2.,0.286458333333335,-0.654498469497873));
#4684=CARTESIAN_POINT('Ctrl Pts',(-1.30859888661661,0.359375000000002,-1.95291002329187));
#4685=CARTESIAN_POINT('Ctrl Pts',(0.900916140079749,0.468750000000002,-2.17350243276225));
#4686=CARTESIAN_POINT('Ctrl Pts',(2.30566727106938,0.578125000000002,-0.45817129535423));
#4687=CARTESIAN_POINT('Ctrl Pts',(1.66297850750247,0.687500000000001,1.66239671824974));
#4688=CARTESIAN_POINT('Ctrl Pts',(-0.458885693129847,0.796875000000002,
2.30637275458276));
#4689=CARTESIAN_POINT('Ctrl Pts',(-2.17233201398605,0.906250000000001,0.899761399907321));
#4690=CARTESIAN_POINT('Ctrl Pts',(-1.95515902900418,1.015625,-1.30632587561414));
#4691=CARTESIAN_POINT('Ctrl Pts',(2.15198512503103E-5,1.125,-2.35142235684131));
#4692=CARTESIAN_POINT('Ctrl Pts',(1.95510664084707,1.234375,-1.30635648037662));
#4693=CARTESIAN_POINT('Ctrl Pts',(2.17241651081875,1.34375,0.899835906015546));
#4694=CARTESIAN_POINT('Ctrl Pts',(0.458732355644118,1.453125,2.30622196377335));
#4695=CARTESIAN_POINT('Ctrl Pts',(-1.66268948051305,1.5625,1.66268945905875));
#4696=CARTESIAN_POINT('Ctrl Pts',(-2.30621967113301,1.671875,-0.458734596056237));
#4697=CARTESIAN_POINT('Ctrl Pts',(-0.899841465753465,1.78125,-2.17241103531618));
#4698=CARTESIAN_POINT('Ctrl Pts',(1.30636772233669,1.890625,-1.95511772997467));
#4699=CARTESIAN_POINT('Ctrl Pts',(2.35140054918319,2.,-2.00904786297896E-15));
#4700=CARTESIAN_POINT('Ctrl Pts',(1.3063677223367,2.109375,1.95511772997467));
#4701=CARTESIAN_POINT('Ctrl Pts',(-0.899841465753461,2.21875,2.17241103531618));
#4702=CARTESIAN_POINT('Ctrl Pts',(-2.30621967113301,2.328125,0.458734596056241));
#4703=CARTESIAN_POINT('Ctrl Pts',(-1.66268948051305,2.4375,-1.66268945905875));
#4704=CARTESIAN_POINT('Ctrl Pts',(0.458732355644118,2.546875,-2.30622196377334));
#4705=CARTESIAN_POINT('Ctrl Pts',(2.17241651081875,2.65625,-0.899835906015547));
#4706=CARTESIAN_POINT('Ctrl Pts',(1.95510664084706,2.765625,1.30635648037662));
#4707=CARTESIAN_POINT('Ctrl Pts',(2.15198512558096E-5,2.87500000000001,
2.35142235684131));
#4708=CARTESIAN_POINT('Ctrl Pts',(-1.95515902900418,2.984375,1.30632587561414));
#4709=CARTESIAN_POINT('Ctrl Pts',(-2.17233201398605,3.09375000000001,-0.899761399907316));
#4710=CARTESIAN_POINT('Ctrl Pts',(-0.458885693129854,3.20312499999999,-2.30637275458276));
#4711=CARTESIAN_POINT('Ctrl Pts',(1.66297850750247,3.31250000000001,-1.66239671824975));
#4712=CARTESIAN_POINT('Ctrl Pts',(2.30566727106938,3.421875,0.458171295354227));
#4713=CARTESIAN_POINT('Ctrl Pts',(0.900916140079755,3.53125,2.17350243276224));
#4714=CARTESIAN_POINT('Ctrl Pts',(-1.3085988866166,3.640625,1.95291002329188));
#4715=CARTESIAN_POINT('Ctrl Pts',(-2.,3.71354166666667,0.654498469497876));
#4716=CARTESIAN_POINT('Ctrl Pts',(-2.,3.75,2.44929359829471E-15));
#4717=CARTESIAN_POINT('',(-1.5,3.5,1.83697019872103E-15));
#4718=CARTESIAN_POINT('',(-2.,3.75,2.44929359829471E-15));
#4719=CARTESIAN_POINT('Ctrl Pts',(1.50033181007832,3.15,0.00108470137580459));
#4720=CARTESIAN_POINT('Ctrl Pts',(1.50118638538082,3.15729166666667,0.0991527200595966));
#4721=CARTESIAN_POINT('Ctrl Pts',(1.44830022710411,3.20104166666667,0.686694698997273));
#4722=CARTESIAN_POINT('Ctrl Pts',(0.675687105059817,3.28125,1.63012682457169));
#4723=CARTESIAN_POINT('Ctrl Pts',(-0.981449164962454,3.390625,1.46468251746891));
#4724=CARTESIAN_POINT('Ctrl Pts',(-1.5,3.46354166666667,0.490873852123407));
#4725=CARTESIAN_POINT('Ctrl Pts',(-1.5,3.5,1.83697019872103E-15));
#4726=CARTESIAN_POINT('Ctrl Pts',(-2.,0.250000000000002,0.));
#4727=CARTESIAN_POINT('Ctrl Pts',(-2.,0.286458333333335,-0.654498469497873));
#4728=CARTESIAN_POINT('Ctrl Pts',(-1.30859888661661,0.359375000000002,-1.95291002329187));
#4729=CARTESIAN_POINT('Ctrl Pts',(0.900916140079749,0.468750000000002,-2.17350243276225));
#4730=CARTESIAN_POINT('Ctrl Pts',(2.30566727106938,0.578125000000002,-0.458171295354231));
#4731=CARTESIAN_POINT('Ctrl Pts',(1.66297850750247,0.687500000000001,1.66239671824974));
#4732=CARTESIAN_POINT('Ctrl Pts',(-0.458885693129847,0.796875000000002,
2.30637275458276));
#4733=CARTESIAN_POINT('Ctrl Pts',(-2.17233201398605,0.906250000000001,0.899761399907322));
#4734=CARTESIAN_POINT('Ctrl Pts',(-1.95515902900418,1.015625,-1.30632587561414));
#4735=CARTESIAN_POINT('Ctrl Pts',(2.15198512491383E-5,1.125,-2.35142235684131));
#4736=CARTESIAN_POINT('Ctrl Pts',(1.95510664084707,1.234375,-1.30635648037662));
#4737=CARTESIAN_POINT('Ctrl Pts',(2.17241651081875,1.34375,0.899835906015548));
#4738=CARTESIAN_POINT('Ctrl Pts',(0.45873235564412,1.453125,2.30622196377335));
#4739=CARTESIAN_POINT('Ctrl Pts',(-1.66268948051305,1.5625,1.66268945905875));
#4740=CARTESIAN_POINT('Ctrl Pts',(-2.30621967113301,1.671875,-0.458734596056237));
#4741=CARTESIAN_POINT('Ctrl Pts',(-0.899841465753465,1.78125,-2.17241103531618));
#4742=CARTESIAN_POINT('Ctrl Pts',(1.30636772233669,1.890625,-1.95511772997467));
#4743=CARTESIAN_POINT('Ctrl Pts',(2.35140054918319,2.,-2.34388917347545E-15));
#4744=CARTESIAN_POINT('Ctrl Pts',(1.30636772233669,2.109375,1.95511772997467));
#4745=CARTESIAN_POINT('Ctrl Pts',(-0.89984146575346,2.21875,2.17241103531618));
#4746=CARTESIAN_POINT('Ctrl Pts',(-2.30621967113301,2.328125,0.458734596056242));
#4747=CARTESIAN_POINT('Ctrl Pts',(-1.66268948051305,2.4375,-1.66268945905875));
#4748=CARTESIAN_POINT('Ctrl Pts',(0.458732355644118,2.546875,-2.30622196377334));
#4749=CARTESIAN_POINT('Ctrl Pts',(2.17241651081875,2.65625,-0.899835906015547));
#4750=CARTESIAN_POINT('Ctrl Pts',(1.95510664084706,2.765625,1.30635648037662));
#4751=CARTESIAN_POINT('Ctrl Pts',(2.15198512558096E-5,2.87500000000001,
2.35142235684131));
#4752=CARTESIAN_POINT('Ctrl Pts',(-1.95515902900418,2.984375,1.30632587561414));
#4753=CARTESIAN_POINT('Ctrl Pts',(-2.17233201398605,3.09375000000001,-0.899761399907316));
#4754=CARTESIAN_POINT('Ctrl Pts',(-0.458885693129854,3.20312499999999,-2.30637275458276));
#4755=CARTESIAN_POINT('Ctrl Pts',(1.66297850750247,3.31250000000001,-1.66239671824975));
#4756=CARTESIAN_POINT('Ctrl Pts',(2.30566727106938,3.421875,0.458171295354227));
#4757=CARTESIAN_POINT('Ctrl Pts',(0.900916140079755,3.53125,2.17350243276224));
#4758=CARTESIAN_POINT('Ctrl Pts',(-1.3085988866166,3.640625,1.95291002329188));
#4759=CARTESIAN_POINT('Ctrl Pts',(-2.,3.71354166666667,0.654498469497876));
#4760=CARTESIAN_POINT('Ctrl Pts',(-2.,3.75,2.44929359829471E-15));
#4761=CARTESIAN_POINT('Ctrl Pts',(-1.83333333333333,0.333333333333335,0.));
#4762=CARTESIAN_POINT('Ctrl Pts',(-1.83333333333333,0.369791666666668,-0.59995693037305));
#4763=CARTESIAN_POINT('Ctrl Pts',(-1.19954897939856,0.442708333333335,-1.79016752135089));
#4764=CARTESIAN_POINT('Ctrl Pts',(0.825839795073104,0.552083333333334,-1.99237723003206));
#4765=CARTESIAN_POINT('Ctrl Pts',(2.1135283318136,0.661458333333334,-0.419990354074712));
#4766=CARTESIAN_POINT('Ctrl Pts',(1.5243969652106,0.770833333333335,1.5238636583956));
#4767=CARTESIAN_POINT('Ctrl Pts',(-0.420645218702361,0.880208333333334,
2.1141750250342));
#4768=CARTESIAN_POINT('Ctrl Pts',(-1.99130434615388,0.989583333333335,0.824781283248379));
#4769=CARTESIAN_POINT('Ctrl Pts',(-1.7922291099205,1.09895833333333,-1.19746538597963));
#4770=CARTESIAN_POINT('Ctrl Pts',(1.97265303130913E-5,1.20833333333334,
-2.1554704937712));
#4771=CARTESIAN_POINT('Ctrl Pts',(1.79218108744314,1.31770833333334,-1.19749344034523));
#4772=CARTESIAN_POINT('Ctrl Pts',(1.99138180158385,1.42708333333333,0.824849580514253));
#4773=CARTESIAN_POINT('Ctrl Pts',(0.420504659340442,1.53645833333334,2.11403680012557));
#4774=CARTESIAN_POINT('Ctrl Pts',(-1.52413202380362,1.64583333333333,1.52413200413719));
#4775=CARTESIAN_POINT('Ctrl Pts',(-2.11403469853859,1.75520833333334,-0.420506713051552));
#4776=CARTESIAN_POINT('Ctrl Pts',(-0.824854676940675,1.86458333333333,-1.99137678237316));
#4777=CARTESIAN_POINT('Ctrl Pts',(1.1975037454753,1.97395833333334,-1.79219125247678));
#4778=CARTESIAN_POINT('Ctrl Pts',(2.15545050341792,2.08333333333333,-3.34841310496493E-16));
#4779=CARTESIAN_POINT('Ctrl Pts',(1.1975037454753,2.19270833333334,1.79219125247678));
#4780=CARTESIAN_POINT('Ctrl Pts',(-0.824854676940673,2.30208333333333,1.99137678237316));
#4781=CARTESIAN_POINT('Ctrl Pts',(-2.11403469853859,2.41145833333334,0.420506713051553));
#4782=CARTESIAN_POINT('Ctrl Pts',(-1.52413202380363,2.52083333333333,-1.52413200413719));
#4783=CARTESIAN_POINT('Ctrl Pts',(0.420504659340442,2.63020833333333,-2.11403680012557));
#4784=CARTESIAN_POINT('Ctrl Pts',(1.99138180158385,2.73958333333334,-0.824849580514249));
#4785=CARTESIAN_POINT('Ctrl Pts',(1.79218108744314,2.84895833333334,1.19749344034523));
#4786=CARTESIAN_POINT('Ctrl Pts',(1.9726530317086E-5,2.95833333333333,2.1554704937712));
#4787=CARTESIAN_POINT('Ctrl Pts',(-1.7922291099205,3.06770833333333,1.19746538597963));
#4788=CARTESIAN_POINT('Ctrl Pts',(-1.99130434615388,3.17708333333333,-0.824781283248375));
#4789=CARTESIAN_POINT('Ctrl Pts',(-0.420645218702365,3.28645833333334,-2.11417502503419));
#4790=CARTESIAN_POINT('Ctrl Pts',(1.5243969652106,3.39583333333333,-1.5238636583956));
#4791=CARTESIAN_POINT('Ctrl Pts',(2.1135283318136,3.50520833333334,0.419990354074708));
#4792=CARTESIAN_POINT('Ctrl Pts',(0.825839795073107,3.61458333333334,1.99237723003206));
#4793=CARTESIAN_POINT('Ctrl Pts',(-1.19954897939855,3.72395833333333,1.79016752135089));
#4794=CARTESIAN_POINT('Ctrl Pts',(-1.83333333333333,3.796875,0.599956930373052));
#4795=CARTESIAN_POINT('Ctrl Pts',(-1.83333333333333,3.83333333333333,2.24518579843681E-15));
#4796=CARTESIAN_POINT('Ctrl Pts',(-1.66666666666667,0.416666666666668,0.));
#4797=CARTESIAN_POINT('Ctrl Pts',(-1.66666666666667,0.453125000000001,-0.545415391248228));
#4798=CARTESIAN_POINT('Ctrl Pts',(-1.09049907218051,0.526041666666669,-1.62742501940989));
#4799=CARTESIAN_POINT('Ctrl Pts',(0.750763450066459,0.635416666666667,-1.81125202730187));
#4800=CARTESIAN_POINT('Ctrl Pts',(1.92138939255782,0.744791666666669,-0.381809412795192));
#4801=CARTESIAN_POINT('Ctrl Pts',(1.38581542291873,0.854166666666667,1.38533059854145));
#4802=CARTESIAN_POINT('Ctrl Pts',(-0.382404744274872,0.96354166666667,1.92197729548563));
#4803=CARTESIAN_POINT('Ctrl Pts',(-1.81027667832171,1.07291666666667,0.749801166589435));
#4804=CARTESIAN_POINT('Ctrl Pts',(-1.62929919083681,1.18229166666667,-1.08860489634511));
#4805=CARTESIAN_POINT('Ctrl Pts',(1.79332093726914E-5,1.29166666666667,
-1.95951863070109));
#4806=CARTESIAN_POINT('Ctrl Pts',(1.62925553403922,1.40104166666667,-1.08863040031385));
#4807=CARTESIAN_POINT('Ctrl Pts',(1.81034709234896,1.51041666666667,0.749863255012956));
#4808=CARTESIAN_POINT('Ctrl Pts',(0.382276963036768,1.61979166666667,1.92185163647779));
#4809=CARTESIAN_POINT('Ctrl Pts',(-1.38557456709421,1.72916666666667,1.38557454921562));
#4810=CARTESIAN_POINT('Ctrl Pts',(-1.92184972594417,1.83854166666667,-0.382278830046864));
#4811=CARTESIAN_POINT('Ctrl Pts',(-0.749867888127888,1.94791666666667,-1.81034252943015));
#4812=CARTESIAN_POINT('Ctrl Pts',(1.08863976861391,2.05729166666667,-1.62926477497889));
#4813=CARTESIAN_POINT('Ctrl Pts',(1.95950045765265,2.16666666666666,-1.50678589723422E-15));
#4814=CARTESIAN_POINT('Ctrl Pts',(1.08863976861391,2.27604166666667,1.62926477497889));
#4815=CARTESIAN_POINT('Ctrl Pts',(-0.749867888127885,2.38541666666667,1.81034252943015));
#4816=CARTESIAN_POINT('Ctrl Pts',(-1.92184972594417,2.49479166666667,0.382278830046867));
#4817=CARTESIAN_POINT('Ctrl Pts',(-1.38557456709421,2.60416666666667,-1.38557454921562));
#4818=CARTESIAN_POINT('Ctrl Pts',(0.382276963036765,2.71354166666667,-1.92185163647779));
#4819=CARTESIAN_POINT('Ctrl Pts',(1.81034709234896,2.82291666666667,-0.749863255012955));
#4820=CARTESIAN_POINT('Ctrl Pts',(1.62925553403922,2.93229166666667,1.08863040031385));
#4821=CARTESIAN_POINT('Ctrl Pts',(1.79332093786973E-5,3.04166666666667,
1.95951863070109));
#4822=CARTESIAN_POINT('Ctrl Pts',(-1.62929919083681,3.15104166666667,1.08860489634512));
#4823=CARTESIAN_POINT('Ctrl Pts',(-1.81027667832171,3.26041666666667,-0.74980116658943));
#4824=CARTESIAN_POINT('Ctrl Pts',(-0.382404744274877,3.36979166666667,-1.92197729548563));
#4825=CARTESIAN_POINT('Ctrl Pts',(1.38581542291872,3.47916666666667,-1.38533059854145));
#4826=CARTESIAN_POINT('Ctrl Pts',(1.92138939255782,3.58854166666667,0.381809412795188));
#4827=CARTESIAN_POINT('Ctrl Pts',(0.750763450066462,3.69791666666667,1.81125202730187));
#4828=CARTESIAN_POINT('Ctrl Pts',(-1.0904990721805,3.80729166666667,1.6274250194099));
#4829=CARTESIAN_POINT('Ctrl Pts',(-1.66666666666667,3.88020833333333,0.545415391248231));
#4830=CARTESIAN_POINT('Ctrl Pts',(-1.66666666666667,3.91666666666667,2.04107799857892E-15));
#4831=CARTESIAN_POINT('Ctrl Pts',(-1.5,0.500000000000001,0.));
#4832=CARTESIAN_POINT('Ctrl Pts',(-1.5,0.536458333333334,-0.490873852123405));
#4833=CARTESIAN_POINT('Ctrl Pts',(-0.981449164962455,0.609375000000002,
-1.46468251746891));
#4834=CARTESIAN_POINT('Ctrl Pts',(0.675687105059813,0.71875,-1.63012682457168));
#4835=CARTESIAN_POINT('Ctrl Pts',(1.72925045330204,0.828125000000002,-0.343628471515674));
#4836=CARTESIAN_POINT('Ctrl Pts',(1.24723388062686,0.9375,1.24679753868731));
#4837=CARTESIAN_POINT('Ctrl Pts',(-0.344164269847386,1.046875,1.72977956593707));
#4838=CARTESIAN_POINT('Ctrl Pts',(-1.62924901048954,1.15625,0.674821049930492));
#4839=CARTESIAN_POINT('Ctrl Pts',(-1.46636927175313,1.265625,-0.979744406710603));
#4840=CARTESIAN_POINT('Ctrl Pts',(1.6139888436477E-5,1.375,-1.76356676763098));
#4841=CARTESIAN_POINT('Ctrl Pts',(1.4663299806353,1.484375,-0.979767360282463));
#4842=CARTESIAN_POINT('Ctrl Pts',(1.62931238311406,1.59375,0.67487692951166));
#4843=CARTESIAN_POINT('Ctrl Pts',(0.344049266733089,1.703125,1.72966647283001));
#4844=CARTESIAN_POINT('Ctrl Pts',(-1.24701711038478,1.8125,1.24701709429406));
#4845=CARTESIAN_POINT('Ctrl Pts',(-1.72966475334976,1.921875,-0.344050947042178));
#4846=CARTESIAN_POINT('Ctrl Pts',(-0.674881099315098,2.03125,-1.62930827648713));
#4847=CARTESIAN_POINT('Ctrl Pts',(0.97977579175252,2.140625,-1.466338297481));
#4848=CARTESIAN_POINT('Ctrl Pts',(1.76355041188739,2.25,-1.17194458673772E-15));
#4849=CARTESIAN_POINT('Ctrl Pts',(0.979775791752522,2.35937500000001,1.466338297481));
#4850=CARTESIAN_POINT('Ctrl Pts',(-0.674881099315096,2.46875,1.62930827648713));
#4851=CARTESIAN_POINT('Ctrl Pts',(-1.72966475334975,2.578125,0.344050947042181));
#4852=CARTESIAN_POINT('Ctrl Pts',(-1.24701711038479,2.6875,-1.24701709429406));
#4853=CARTESIAN_POINT('Ctrl Pts',(0.344049266733088,2.796875,-1.72966647283001));
#4854=CARTESIAN_POINT('Ctrl Pts',(1.62931238311406,2.90625,-0.67487692951166));
#4855=CARTESIAN_POINT('Ctrl Pts',(1.4663299806353,3.015625,0.979767360282462));
#4856=CARTESIAN_POINT('Ctrl Pts',(1.61398884423176E-5,3.125,1.76356676763098));
#4857=CARTESIAN_POINT('Ctrl Pts',(-1.46636927175313,3.234375,0.979744406710607));
#4858=CARTESIAN_POINT('Ctrl Pts',(-1.62924901048954,3.34375,-0.674821049930488));
#4859=CARTESIAN_POINT('Ctrl Pts',(-0.34416426984739,3.453125,-1.72977956593707));
#4860=CARTESIAN_POINT('Ctrl Pts',(1.24723388062685,3.5625,-1.24679753868731));
#4861=CARTESIAN_POINT('Ctrl Pts',(1.72925045330204,3.671875,0.34362847151567));
#4862=CARTESIAN_POINT('Ctrl Pts',(0.675687105059817,3.78125,1.63012682457168));
#4863=CARTESIAN_POINT('Ctrl Pts',(-0.981449164962453,3.890625,1.46468251746891));
#4864=CARTESIAN_POINT('Ctrl Pts',(-1.5,3.96354166666667,0.490873852123407));
#4865=CARTESIAN_POINT('Ctrl Pts',(-1.5,4.,1.83697019872103E-15));
#4866=CARTESIAN_POINT('',(-1.5,0.500000000000001,0.));
#4867=CARTESIAN_POINT('Ctrl Pts',(1.50033181007832,3.65,0.00108470137580487));
#4868=CARTESIAN_POINT('Ctrl Pts',(1.49691350886829,3.62083333333334,-0.391187373359365));
#4869=CARTESIAN_POINT('Ctrl Pts',(1.3387922474136,3.59166666666667,-0.785769136534742));
#4870=CARTESIAN_POINT('Ctrl Pts',(1.06233695099368,3.5625,-1.06222354152844));
#4871=CARTESIAN_POINT('Ctrl Pts',(0.716767830468774,3.52604166666667,-1.40779154777056));
#4872=CARTESIAN_POINT('Ctrl Pts',(0.186301780310695,3.48958333333333,-1.56878555685381));
#4873=CARTESIAN_POINT('Ctrl Pts',(-0.29311203487537,3.453125,-1.47345614206101));
#4874=CARTESIAN_POINT('Ctrl Pts',(-0.772525850061437,3.41666666666667,-1.37812672726821));
#4875=CARTESIAN_POINT('Ctrl Pts',(-1.20088743027549,3.38020833333333,-1.02647388859935));
#4876=CARTESIAN_POINT('Ctrl Pts',(-1.38792159725978,3.34375,-0.574886559824735));
#4877=CARTESIAN_POINT('Ctrl Pts',(-1.57495576424407,3.30729166666667,-0.123299231050123));
#4878=CARTESIAN_POINT('Ctrl Pts',(-1.5206625179986,3.27083333333333,0.428222587830243));
#4879=CARTESIAN_POINT('Ctrl Pts',(-1.24911832626894,3.234375,0.834620557423821));
#4880=CARTESIAN_POINT('Ctrl Pts',(-0.977574134539275,3.19791666666667,1.2410185270174));
#4881=CARTESIAN_POINT('Ctrl Pts',(-0.488778997325415,3.16145833333333,1.50229264732419));
#4882=CARTESIAN_POINT('Ctrl Pts',(4.21140599071029E-6,3.125,1.5022964729195));
#4883=CARTESIAN_POINT('Ctrl Pts',(0.488787420137395,3.08854166666667,1.50230029851481));
#4884=CARTESIAN_POINT('Ctrl Pts',(0.977558700386346,3.05208333333333,1.24103382939864));
#4885=CARTESIAN_POINT('Ctrl Pts',(1.24910807425728,3.015625,0.83462654654153));
#4886=CARTESIAN_POINT('Ctrl Pts',(1.41203769857985,2.99375,0.590782176827264));
#4887=CARTESIAN_POINT('Ctrl Pts',(1.49676743660632,2.971875,0.29468711416626));
#4888=CARTESIAN_POINT('Ctrl Pts',(1.49808038143541,2.95,-0.000713454800309768));
#4889=CARTESIAN_POINT('',(-1.5,4.,1.83697019872103E-15));
#4890=CARTESIAN_POINT('Origin',(-1.70225424859374,0.327254248593738,0.));
#4891=CARTESIAN_POINT('Origin',(-1.70225424859374,3.82725424859374,2.0846602168753E-15));
#4892=CARTESIAN_POINT('',(-1.5,0.,1.83697019872103E-15));
#4893=CARTESIAN_POINT('Origin',(0.,0.,0.));
#4894=CARTESIAN_POINT('Origin',(0.,4.,0.));
#4895=CARTESIAN_POINT('Origin',(-0.519615242270664,0.,-0.899999999999999));
#4896=CARTESIAN_POINT('',(0.519615242270663,4.,-0.9));
#4897=CARTESIAN_POINT('',(0.519615242270663,0.,-0.9));
#4898=CARTESIAN_POINT('',(-0.519615242270665,4.,-0.899999999999999));
#4899=CARTESIAN_POINT('',(-0.519615242270664,4.,-0.899999999999999));
#4900=CARTESIAN_POINT('',(-0.519615242270664,0.,-0.899999999999999));
#4901=CARTESIAN_POINT('Origin',(-1.03923048454133,0.,2.54538057293978E-16));
#4902=CARTESIAN_POINT('',(-1.03923048454133,4.,2.54538057293978E-16));
#4903=CARTESIAN_POINT('Origin',(0.519615242270663,0.,-0.9));
#4904=CARTESIAN_POINT('',(0.519615242270663,4.,-0.9));
#4905=CARTESIAN_POINT('Origin',(0.,4.,0.));
#4906=CARTESIAN_POINT('',(0.,0.,0.));
#4907=CARTESIAN_POINT('Origin',(0.,0.,0.));
#4908=CARTESIAN_POINT('',(-11.,20.,1.34711147906209E-15));
#4909=CARTESIAN_POINT('Origin',(0.,20.,0.));
#4910=CARTESIAN_POINT('',(-11.,0.,1.34711147906209E-15));
#4911=CARTESIAN_POINT('',(-11.,0.,1.34711147906209E-15));
#4912=CARTESIAN_POINT('Origin',(0.,0.,0.));
#4913=CARTESIAN_POINT('Origin',(0.,0.,0.));
#4914=CARTESIAN_POINT('',(15.,20.,-1.83697019872103E-15));
#4915=CARTESIAN_POINT('Origin',(0.,20.,0.));
#4916=CARTESIAN_POINT('',(15.,0.,-1.83697019872103E-15));
#4917=CARTESIAN_POINT('',(15.,0.,-1.83697019872103E-15));
#4918=CARTESIAN_POINT('Origin',(0.,0.,0.));
#4919=CARTESIAN_POINT('Origin',(0.,20.,0.));
#4920=CARTESIAN_POINT('Origin',(0.,0.,0.));
#4921=CARTESIAN_POINT('',(0.,0.,0.));
#4922=CARTESIAN_POINT('',(1.08491708702472E-15,18.5,-1.2));
#4923=CARTESIAN_POINT('',(0.,1.5,0.));
#4924=UNCERTAINTY_MEASURE_WITH_UNIT(LENGTH_MEASURE(0.01),#4934,
'DISTANCE_ACCURACY_VALUE',
'Maximum model space distance between geometric entities at asserted c
onnectivities');
#4925=UNCERTAINTY_MEASURE_WITH_UNIT(LENGTH_MEASURE(0.01),#4934,
'DISTANCE_ACCURACY_VALUE',
'Maximum model space distance between geometric entities at asserted c
onnectivities');
#4926=UNCERTAINTY_MEASURE_WITH_UNIT(LENGTH_MEASURE(0.01),#4934,
'DISTANCE_ACCURACY_VALUE',
'Maximum model space distance between geometric entities at asserted c
onnectivities');
#4927=UNCERTAINTY_MEASURE_WITH_UNIT(LENGTH_MEASURE(0.01),#4934,
'DISTANCE_ACCURACY_VALUE',
'Maximum model space distance between geometric entities at asserted c
onnectivities');
#4928=UNCERTAINTY_MEASURE_WITH_UNIT(LENGTH_MEASURE(0.01),#4934,
'DISTANCE_ACCURACY_VALUE',
'Maximum model space distance between geometric entities at asserted c
onnectivities');
#4929=(
GEOMETRIC_REPRESENTATION_CONTEXT(3)
GLOBAL_UNCERTAINTY_ASSIGNED_CONTEXT((#4924))
GLOBAL_UNIT_ASSIGNED_CONTEXT((#4934,#4936,#4937))
REPRESENTATION_CONTEXT('','3D')
);
#4930=(
GEOMETRIC_REPRESENTATION_CONTEXT(3)
GLOBAL_UNCERTAINTY_ASSIGNED_CONTEXT((#4925))
GLOBAL_UNIT_ASSIGNED_CONTEXT((#4934,#4936,#4937))
REPRESENTATION_CONTEXT('','3D')
);
#4931=(
GEOMETRIC_REPRESENTATION_CONTEXT(3)
GLOBAL_UNCERTAINTY_ASSIGNED_CONTEXT((#4926))
GLOBAL_UNIT_ASSIGNED_CONTEXT((#4934,#4936,#4937))
REPRESENTATION_CONTEXT('','3D')
);
#4932=(
GEOMETRIC_REPRESENTATION_CONTEXT(3)
GLOBAL_UNCERTAINTY_ASSIGNED_CONTEXT((#4927))
GLOBAL_UNIT_ASSIGNED_CONTEXT((#4934,#4936,#4937))
REPRESENTATION_CONTEXT('','3D')
);
#4933=(
GEOMETRIC_REPRESENTATION_CONTEXT(3)
GLOBAL_UNCERTAINTY_ASSIGNED_CONTEXT((#4928))
GLOBAL_UNIT_ASSIGNED_CONTEXT((#4934,#4936,#4937))
REPRESENTATION_CONTEXT('','3D')
);
#4934=(
LENGTH_UNIT()
NAMED_UNIT(*)
SI_UNIT(.MILLI.,.METRE.)
);
#4935=(
LENGTH_UNIT()
NAMED_UNIT(*)
SI_UNIT($,.METRE.)
);
#4936=(
NAMED_UNIT(*)
PLANE_ANGLE_UNIT()
SI_UNIT($,.RADIAN.)
);
#4937=(
NAMED_UNIT(*)
SI_UNIT($,.STERADIAN.)
SOLID_ANGLE_UNIT()
);
#4938=SHAPE_DEFINITION_REPRESENTATION(#4942,#4949);
#4939=SHAPE_DEFINITION_REPRESENTATION(#4943,#4950);
#4940=SHAPE_DEFINITION_REPRESENTATION(#4944,#4951);
#4941=SHAPE_DEFINITION_REPRESENTATION(#4945,#4952);
#4942=PRODUCT_DEFINITION_SHAPE('',$,#4954);
#4943=PRODUCT_DEFINITION_SHAPE('',$,#4955);
#4944=PRODUCT_DEFINITION_SHAPE('',$,#4956);
#4945=PRODUCT_DEFINITION_SHAPE('',$,#4957);
#4946=PRODUCT_DEFINITION_SHAPE($,$,#20);
#4947=PRODUCT_DEFINITION_SHAPE($,$,#21);
#4948=PRODUCT_DEFINITION_SHAPE($,$,#22);
#4949=SHAPE_REPRESENTATION('',(#1471,#1593,#1594,#1595),#4929);
#4950=SHAPE_REPRESENTATION('',(#1472),#4930);
#4951=SHAPE_REPRESENTATION('',(#1560),#4931);
#4952=SHAPE_REPRESENTATION('',(#1584),#4932);
#4953=PRODUCT_DEFINITION_CONTEXT('part definition',#4967,'design');
#4954=PRODUCT_DEFINITION('Roda','Roda v1',#4958,#4953);
#4955=PRODUCT_DEFINITION('Roda - Estrutura','Roda - Estrutura',#4959,#4953);
#4956=PRODUCT_DEFINITION('Roda - Fixador de eixo',
'Roda - Fixador de eixo',#4960,#4953);
#4957=PRODUCT_DEFINITION('Roda - Pneu','Roda - Pneu',#4961,#4953);
#4958=PRODUCT_DEFINITION_FORMATION('',$,#4969);
#4959=PRODUCT_DEFINITION_FORMATION('',$,#4970);
#4960=PRODUCT_DEFINITION_FORMATION('',$,#4971);
#4961=PRODUCT_DEFINITION_FORMATION('',$,#4972);
#4962=PRODUCT_RELATED_PRODUCT_CATEGORY('Roda v1','Roda v1',(#4969));
#4963=PRODUCT_RELATED_PRODUCT_CATEGORY('Roda - Estrutura',
'Roda - Estrutura',(#4970));
#4964=PRODUCT_RELATED_PRODUCT_CATEGORY('Roda - Fixador de eixo',
'Roda - Fixador de eixo',(#4971));
#4965=PRODUCT_RELATED_PRODUCT_CATEGORY('Roda - Pneu','Roda - Pneu',(#4972));
#4966=APPLICATION_PROTOCOL_DEFINITION('international standard',
'automotive_design',2009,#4967);
#4967=APPLICATION_CONTEXT(
'Core Data for Automotive Mechanical Design Process');
#4968=PRODUCT_CONTEXT('part definition',#4967,'mechanical');
#4969=PRODUCT('Roda','Roda v1',$,(#4968));
#4970=PRODUCT('Roda - Estrutura','Roda - Estrutura',$,(#4968));
#4971=PRODUCT('Roda - Fixador de eixo','Roda - Fixador de eixo',$,(#4968));
#4972=PRODUCT('Roda - Pneu','Roda - Pneu',$,(#4968));
#4973=PRESENTATION_STYLE_ASSIGNMENT((#4977));
#4974=PRESENTATION_STYLE_ASSIGNMENT((#4978));
#4975=PRESENTATION_STYLE_ASSIGNMENT((#4979));
#4976=PRESENTATION_STYLE_ASSIGNMENT((#4980));
#4977=SURFACE_STYLE_USAGE(.BOTH.,#4981);
#4978=SURFACE_STYLE_USAGE(.BOTH.,#4982);
#4979=SURFACE_STYLE_USAGE(.BOTH.,#4983);
#4980=SURFACE_STYLE_USAGE(.BOTH.,#4984);
#4981=SURFACE_SIDE_STYLE('',(#4985));
#4982=SURFACE_SIDE_STYLE('',(#4986));
#4983=SURFACE_SIDE_STYLE('',(#4987));
#4984=SURFACE_SIDE_STYLE('',(#4988));
#4985=SURFACE_STYLE_FILL_AREA(#4989);
#4986=SURFACE_STYLE_FILL_AREA(#4990);
#4987=SURFACE_STYLE_FILL_AREA(#4991);
#4988=SURFACE_STYLE_FILL_AREA(#4992);
#4989=FILL_AREA_STYLE('A\X\E7o - Acetinado',(#4993));
#4990=FILL_AREA_STYLE('Cromado - Polido',(#4994));
#4991=FILL_AREA_STYLE('Ferro cinza',(#4995));
#4992=FILL_AREA_STYLE('Vermelho',(#4996));
#4993=FILL_AREA_STYLE_COLOUR('A\X\E7o - Acetinado',#4997);
#4994=FILL_AREA_STYLE_COLOUR('Cromado - Polido',#4998);
#4995=FILL_AREA_STYLE_COLOUR('Ferro cinza',#4999);
#4996=FILL_AREA_STYLE_COLOUR('Vermelho',#5000);
#4997=COLOUR_RGB('A\X\E7o - Acetinado',0.627450980392157,0.627450980392157,
0.627450980392157);
#4998=COLOUR_RGB('Cromado - Polido',0.,0.,0.);
#4999=COLOUR_RGB('Ferro cinza',0.352941176470588,0.384313725490196,0.4);
#5000=COLOUR_RGB('Vermelho',0.698039215686274,0.,0.);
ENDSEC;
END-ISO-10303-21;
