ISO-10303-21;
HEADER;
FILE_DESCRIPTION(('STEP AP214'),'1');
FILE_NAME('SOIC-8_ALM','2026-08-24T03:38:35',(''),(''),'','','');
FILE_SCHEMA(('AUTOMOTIVE_DESIGN'));
ENDSEC;
DATA;
#1=SHAPE_DEFINITION_REPRESENTATION(#2,#3);
#2=PRODUCT_DEFINITION_SHAPE('',$,#4);
#3=SHAPE_REPRESENTATION('',(#188,#484,#781,#1651,#2521,#3391,#4261,#5131,#6001,#6871,#19),#11);
#4=PRODUCT_DEFINITION('design','example product_definition',#6,#5);
#5=PRODUCT_DEFINITION_CONTEXT('3D Mechanical Parts',#10,'design');
#6=PRODUCT_DEFINITION_FORMATION('1.0','first version',#8);
#7=APPLICATION_PROTOCOL_DEFINITION('international standard','automotive_design',2003,#10);
#8=PRODUCT('product','part','',(#9));
#9=PRODUCT_CONTEXT('3D Mechanical Parts',#10,'mechanical');
#10=APPLICATION_CONTEXT('Core Data for Automotive Mechanical Design Process');
#11=(GEOMETRIC_REPRESENTATION_CONTEXT(3) GLOBAL_UNCERTAINTY_ASSIGNED_CONTEXT((#12)) GLOBAL_UNIT_ASSIGNED_CONTEXT((#13,#14,#18)) REPRESENTATION_CONTEXT('ID1','3D'));
#12=UNCERTAINTY_MEASURE_WITH_UNIT(LENGTH_MEASURE(1.E-005),#13,'DISTANCE_ACCURACY_VALUE','Maximum model space distance between geometric entities at asserted connectivities');
#13=(LENGTH_UNIT() NAMED_UNIT(*) SI_UNIT(.MILLI.,.METRE.));
#14=(CONVERSION_BASED_UNIT('degree',#16) NAMED_UNIT(#15) PLANE_ANGLE_UNIT());
#15=DIMENSIONAL_EXPONENTS(0.,0.,0.,0.,0.,0.,0.);
#16=MEASURE_WITH_UNIT(PLANE_ANGLE_MEASURE(0.01745329252),#17);
#17=(NAMED_UNIT(*) PLANE_ANGLE_UNIT() SI_UNIT($,.RADIAN.));
#18=(NAMED_UNIT(*) SI_UNIT($,.STERADIAN.) SOLID_ANGLE_UNIT());
#19=AXIS2_PLACEMENT_3D('',#20,#21,#22);
#20=CARTESIAN_POINT('',(0.0,0.0,0.0));
#21=DIRECTION('',(0.0,0.0,1.0));
#22=DIRECTION('',(1.0,0.0,0.0));
#25=MECHANICAL_DESIGN_GEOMETRIC_PRESENTATION_REPRESENTATION($,(#190,#239,#288,#337,#386,#435,#486,#535,#584,#633,#682,#731,#783,#832,#881,#930,#979,#1028,#1077,#1126,#1175,#1226,#1277,#1328,#1379,#1515,#1653,#1702,#1751,#1800,#1849,#1898,#1947,#1996,#2045,#2096,#2147,#2198,#2249,#2385,#2523,#2572,#2621,#2670,#2719,#2768,#2817,#2866,#2915,#2966,#3017,#3068,#3119,#3255,#3393,#3442,#3491,#3540,#3589,#3638,#3687,#3736,#3785,#3836,#3887,#3938,#3989,#4125,#4263,#4312,#4361,#4410,#4459,#4508,#4557,#4606,#4655,#4706,#4757,#4808,#4859,#4995,#5133,#5182,#5231,#5280,#5329,#5378,#5427,#5476,#5525,#5576,#5627,#5678,#5729,#5865,#6003,#6052,#6101,#6150,#6199,#6248,#6297,#6346,#6395,#6446,#6497,#6548,#6599,#6735,#6873,#6922,#6971,#7020,#7069,#7118,#7167,#7216,#7265,#7316,#7367,#7418,#7469,#7605),#11);
#26=PRODUCT_CATEGORY_RELATIONSHIP('','',#27,#28);
#27=PRODUCT_CATEGORY('part','');
#28=PRODUCT_RELATED_PRODUCT_CATEGORY('','',(#8));
#34=PRESENTATION_STYLE_ASSIGNMENT((#35,#40));
#35=SURFACE_STYLE_USAGE(.BOTH.,#36);
#36=SURFACE_SIDE_STYLE('',(#37));
#37=SURFACE_STYLE_FILL_AREA(#38);
#38=FILL_AREA_STYLE('',(#39));
#39=FILL_AREA_STYLE_COLOUR('',#41);
#40=CURVE_STYLE('',#42,POSITIVE_LENGTH_MEASURE(0.1),#41);
#41=COLOUR_RGB('Aluminum',0.725,0.725,0.725);
#42=DRAUGHTING_PRE_DEFINED_CURVE_FONT('continuous');
#43=PRESENTATION_STYLE_ASSIGNMENT((#44,#49));
#44=SURFACE_STYLE_USAGE(.BOTH.,#45);
#45=SURFACE_SIDE_STYLE('',(#46));
#46=SURFACE_STYLE_FILL_AREA(#47);
#47=FILL_AREA_STYLE('',(#48));
#48=FILL_AREA_STYLE_COLOUR('',#50);
#49=CURVE_STYLE('',#51,POSITIVE_LENGTH_MEASURE(0.1),#50);
#50=COLOUR_RGB('Black',0.196,0.196,0.196);
#51=DRAUGHTING_PRE_DEFINED_CURVE_FONT('continuous');
#52=PRESENTATION_STYLE_ASSIGNMENT((#53,#58));
#53=SURFACE_STYLE_USAGE(.BOTH.,#54);
#54=SURFACE_SIDE_STYLE('',(#55));
#55=SURFACE_STYLE_FILL_AREA(#56);
#56=FILL_AREA_STYLE('',(#57));
#57=FILL_AREA_STYLE_COLOUR('',#59);
#58=CURVE_STYLE('',#60,POSITIVE_LENGTH_MEASURE(0.1),#59);
#59=COLOUR_RGB('Pin1',0.588,0.588,0.588);
#60=DRAUGHTING_PRE_DEFINED_CURVE_FONT('continuous');
#61=PRESENTATION_STYLE_ASSIGNMENT((#62,#67));
#62=SURFACE_STYLE_USAGE(.BOTH.,#63);
#63=SURFACE_SIDE_STYLE('',(#64));
#64=SURFACE_STYLE_FILL_AREA(#65);
#65=FILL_AREA_STYLE('',(#66));
#66=FILL_AREA_STYLE_COLOUR('',#68);
#67=CURVE_STYLE('',#69,POSITIVE_LENGTH_MEASURE(0.1),#68);
#68=COLOUR_RGB('HeatTab',0.588,0.588,0.588);
#69=DRAUGHTING_PRE_DEFINED_CURVE_FONT('continuous');
#70=PRESENTATION_STYLE_ASSIGNMENT((#71,#76));
#71=SURFACE_STYLE_USAGE(.BOTH.,#72);
#72=SURFACE_SIDE_STYLE('',(#73));
#73=SURFACE_STYLE_FILL_AREA(#74);
#74=FILL_AREA_STYLE('',(#75));
#75=FILL_AREA_STYLE_COLOUR('',#77);
#76=CURVE_STYLE('',#78,POSITIVE_LENGTH_MEASURE(0.1),#77);
#77=COLOUR_RGB('Gold',0.843,0.686,0.0);
#78=DRAUGHTING_PRE_DEFINED_CURVE_FONT('continuous');
#79=PRESENTATION_STYLE_ASSIGNMENT((#80,#85));
#80=SURFACE_STYLE_USAGE(.BOTH.,#81);
#81=SURFACE_SIDE_STYLE('',(#82));
#82=SURFACE_STYLE_FILL_AREA(#83);
#83=FILL_AREA_STYLE('',(#84));
#84=FILL_AREA_STYLE_COLOUR('',#86);
#85=CURVE_STYLE('',#87,POSITIVE_LENGTH_MEASURE(0.1),#86);
#86=COLOUR_RGB('Brown',0.459,0.345,0.176);
#87=DRAUGHTING_PRE_DEFINED_CURVE_FONT('continuous');
#88=PRESENTATION_STYLE_ASSIGNMENT((#89,#94));
#89=SURFACE_STYLE_USAGE(.BOTH.,#90);
#90=SURFACE_SIDE_STYLE('',(#91));
#91=SURFACE_STYLE_FILL_AREA(#92);
#92=FILL_AREA_STYLE('',(#93));
#93=FILL_AREA_STYLE_COLOUR('',#95);
#94=CURVE_STYLE('',#96,POSITIVE_LENGTH_MEASURE(0.1),#95);
#95=COLOUR_RGB('Tan',0.784,0.686,0.51);
#96=DRAUGHTING_PRE_DEFINED_CURVE_FONT('continuous');
#97=PRESENTATION_STYLE_ASSIGNMENT((#98,#103));
#98=SURFACE_STYLE_USAGE(.BOTH.,#99);
#99=SURFACE_SIDE_STYLE('',(#100));
#100=SURFACE_STYLE_FILL_AREA(#101);
#101=FILL_AREA_STYLE('',(#102));
#102=FILL_AREA_STYLE_COLOUR('',#104);
#103=CURVE_STYLE('',#105,POSITIVE_LENGTH_MEASURE(0.1),#104);
#104=COLOUR_RGB('Gray',0.431,0.431,0.431);
#105=DRAUGHTING_PRE_DEFINED_CURVE_FONT('continuous');
#106=PRESENTATION_STYLE_ASSIGNMENT((#107,#112));
#107=SURFACE_STYLE_USAGE(.BOTH.,#108);
#108=SURFACE_SIDE_STYLE('',(#109));
#109=SURFACE_STYLE_FILL_AREA(#110);
#110=FILL_AREA_STYLE('',(#111));
#111=FILL_AREA_STYLE_COLOUR('',#113);
#112=CURVE_STYLE('',#114,POSITIVE_LENGTH_MEASURE(0.1),#113);
#113=COLOUR_RGB('Red',0.6,0.0,0.0);
#114=DRAUGHTING_PRE_DEFINED_CURVE_FONT('continuous');
#115=PRESENTATION_STYLE_ASSIGNMENT((#116,#121));
#116=SURFACE_STYLE_USAGE(.BOTH.,#117);
#117=SURFACE_SIDE_STYLE('',(#118));
#118=SURFACE_STYLE_FILL_AREA(#119);
#119=FILL_AREA_STYLE('',(#120));
#120=FILL_AREA_STYLE_COLOUR('',#122);
#121=CURVE_STYLE('',#123,POSITIVE_LENGTH_MEASURE(0.1),#122);
#122=COLOUR_RGB('Blue',0.157,0.157,0.588);
#123=DRAUGHTING_PRE_DEFINED_CURVE_FONT('continuous');
#124=PRESENTATION_STYLE_ASSIGNMENT((#125,#130));
#125=SURFACE_STYLE_USAGE(.BOTH.,#126);
#126=SURFACE_SIDE_STYLE('',(#127));
#127=SURFACE_STYLE_FILL_AREA(#128);
#128=FILL_AREA_STYLE('',(#129));
#129=FILL_AREA_STYLE_COLOUR('',#131);
#130=CURVE_STYLE('',#132,POSITIVE_LENGTH_MEASURE(0.1),#131);
#131=COLOUR_RGB('Maroon',0.294,0.0,0.0);
#132=DRAUGHTING_PRE_DEFINED_CURVE_FONT('continuous');
#133=PRESENTATION_STYLE_ASSIGNMENT((#134,#139));
#134=SURFACE_STYLE_USAGE(.BOTH.,#135);
#135=SURFACE_SIDE_STYLE('',(#136));
#136=SURFACE_STYLE_FILL_AREA(#137);
#137=FILL_AREA_STYLE('',(#138));
#138=FILL_AREA_STYLE_COLOUR('',#140);
#139=CURVE_STYLE('',#141,POSITIVE_LENGTH_MEASURE(0.1),#140);
#140=COLOUR_RGB('Green',0.0,0.294,0.0);
#141=DRAUGHTING_PRE_DEFINED_CURVE_FONT('continuous');
#142=PRESENTATION_STYLE_ASSIGNMENT((#143,#148));
#143=SURFACE_STYLE_USAGE(.BOTH.,#144);
#144=SURFACE_SIDE_STYLE('',(#145));
#145=SURFACE_STYLE_FILL_AREA(#146);
#146=FILL_AREA_STYLE('',(#147));
#147=FILL_AREA_STYLE_COLOUR('',#149);
#148=CURVE_STYLE('',#150,POSITIVE_LENGTH_MEASURE(0.1),#149);
#149=COLOUR_RGB('Pin1Wrap',0.98,0.706,0.176);
#150=DRAUGHTING_PRE_DEFINED_CURVE_FONT('continuous');
#151=PRESENTATION_STYLE_ASSIGNMENT((#152,#157));
#152=SURFACE_STYLE_USAGE(.BOTH.,#153);
#153=SURFACE_SIDE_STYLE('',(#154));
#154=SURFACE_STYLE_FILL_AREA(#155);
#155=FILL_AREA_STYLE('',(#156));
#156=FILL_AREA_STYLE_COLOUR('',#158);
#157=CURVE_STYLE('',#159,POSITIVE_LENGTH_MEASURE(0.1),#158);
#158=COLOUR_RGB('Pin1Rad',0.588,0.588,0.588);
#159=DRAUGHTING_PRE_DEFINED_CURVE_FONT('continuous');
#160=PRESENTATION_STYLE_ASSIGNMENT((#161,#166));
#161=SURFACE_STYLE_USAGE(.BOTH.,#162);
#162=SURFACE_SIDE_STYLE('',(#163));
#163=SURFACE_STYLE_FILL_AREA(#164);
#164=FILL_AREA_STYLE('',(#165));
#165=FILL_AREA_STYLE_COLOUR('',#167);
#166=CURVE_STYLE('',#168,POSITIVE_LENGTH_MEASURE(0.1),#167);
#167=COLOUR_RGB('Pin1Axial',0.98,0.706,0.176);
#168=DRAUGHTING_PRE_DEFINED_CURVE_FONT('continuous');
#169=PRESENTATION_STYLE_ASSIGNMENT((#170,#175));
#170=SURFACE_STYLE_USAGE(.BOTH.,#171);
#171=SURFACE_SIDE_STYLE('',(#172));
#172=SURFACE_STYLE_FILL_AREA(#173);
#173=FILL_AREA_STYLE('',(#174));
#174=FILL_AREA_STYLE_COLOUR('',#176);
#175=CURVE_STYLE('',#177,POSITIVE_LENGTH_MEASURE(0.1),#176);
#176=COLOUR_RGB('Pin1Tant',0.459,0.345,0.176);
#177=DRAUGHTING_PRE_DEFINED_CURVE_FONT('continuous');
#178=PRESENTATION_STYLE_ASSIGNMENT((#179,#184));
#179=SURFACE_STYLE_USAGE(.BOTH.,#180);
#180=SURFACE_SIDE_STYLE('',(#181));
#181=SURFACE_STYLE_FILL_AREA(#182);
#182=FILL_AREA_STYLE('',(#183));
#183=FILL_AREA_STYLE_COLOUR('',#185);
#184=CURVE_STYLE('',#186,POSITIVE_LENGTH_MEASURE(0.1),#185);
#185=COLOUR_RGB('Shroud',0.235,0.235,0.235);
#186=DRAUGHTING_PRE_DEFINED_CURVE_FONT('continuous');
#188=MANIFOLD_SOLID_BREP($,#189);
#189=CLOSED_SHELL('',(#191,#240,#289,#338,#387,#436));
#190=STYLED_ITEM('',(#43),#191);
#191=ADVANCED_FACE('',(#197),#192,.T.);
#192=PLANE('',#193);
#193=AXIS2_PLACEMENT_3D('',#194,#195,#196);
#194=CARTESIAN_POINT('',(-1.994,-2.502,0.102));
#195=DIRECTION('',(0.0,-1.0,0.0));
#196=DIRECTION('',(0.,0.,1.));
#197=FACE_OUTER_BOUND('',#198,.T.);
#198=EDGE_LOOP('',(#199,#209,#219,#229));
#202=CARTESIAN_POINT('',(1.994,-2.502,0.102));
#201=VERTEX_POINT('',#202);
#204=CARTESIAN_POINT('',(-1.994,-2.502,0.102));
#203=VERTEX_POINT('',#204);
#200=EDGE_CURVE('',#201,#203,#205,.T.);
#205=LINE('',#202,#207);
#207=VECTOR('',#208,3.9878);
#208=DIRECTION('',(-1.0,0.0,0.0));
#199=ORIENTED_EDGE('',*,*,#200,.F.);
#212=CARTESIAN_POINT('',(1.994,-2.502,1.753));
#211=VERTEX_POINT('',#212);
#210=EDGE_CURVE('',#211,#201,#215,.T.);
#215=LINE('',#212,#217);
#217=VECTOR('',#218,1.651);
#218=DIRECTION('',(0.0,0.0,-1.0));
#209=ORIENTED_EDGE('',*,*,#210,.F.);
#222=CARTESIAN_POINT('',(-1.994,-2.502,1.753));
#221=VERTEX_POINT('',#222);
#220=EDGE_CURVE('',#221,#211,#225,.T.);
#225=LINE('',#222,#227);
#227=VECTOR('',#228,3.9878);
#228=DIRECTION('',(1.0,0.0,0.0));
#219=ORIENTED_EDGE('',*,*,#220,.F.);
#230=EDGE_CURVE('',#203,#221,#235,.T.);
#235=LINE('',#204,#237);
#237=VECTOR('',#238,1.651);
#238=DIRECTION('',(0.0,0.0,1.0));
#229=ORIENTED_EDGE('',*,*,#230,.F.);
#239=STYLED_ITEM('',(#43),#240);
#240=ADVANCED_FACE('',(#246),#241,.T.);
#241=PLANE('',#242);
#242=AXIS2_PLACEMENT_3D('',#243,#244,#245);
#243=CARTESIAN_POINT('',(1.994,-2.502,0.102));
#244=DIRECTION('',(1.0,0.0,0.0));
#245=DIRECTION('',(0.,0.,1.));
#246=FACE_OUTER_BOUND('',#247,.T.);
#247=EDGE_LOOP('',(#248,#258,#268,#278));
#251=CARTESIAN_POINT('',(1.994,2.502,0.102));
#250=VERTEX_POINT('',#251);
#249=EDGE_CURVE('',#250,#201,#254,.T.);
#254=LINE('',#251,#256);
#256=VECTOR('',#257,5.0038);
#257=DIRECTION('',(0.0,-1.0,0.0));
#248=ORIENTED_EDGE('',*,*,#249,.F.);
#261=CARTESIAN_POINT('',(1.994,2.502,1.753));
#260=VERTEX_POINT('',#261);
#259=EDGE_CURVE('',#260,#250,#264,.T.);
#264=LINE('',#261,#266);
#266=VECTOR('',#267,1.651);
#267=DIRECTION('',(0.0,0.0,-1.0));
#258=ORIENTED_EDGE('',*,*,#259,.F.);
#269=EDGE_CURVE('',#211,#260,#274,.T.);
#274=LINE('',#212,#276);
#276=VECTOR('',#277,5.0038);
#277=DIRECTION('',(0.0,1.0,0.0));
#268=ORIENTED_EDGE('',*,*,#269,.F.);
#278=ORIENTED_EDGE('',*,*,#210,.T.);
#288=STYLED_ITEM('',(#43),#289);
#289=ADVANCED_FACE('',(#295),#290,.T.);
#290=PLANE('',#291);
#291=AXIS2_PLACEMENT_3D('',#292,#293,#294);
#292=CARTESIAN_POINT('',(1.994,2.502,0.102));
#293=DIRECTION('',(0.0,1.0,0.0));
#294=DIRECTION('',(0.,0.,1.));
#295=FACE_OUTER_BOUND('',#296,.T.);
#296=EDGE_LOOP('',(#297,#307,#317,#327));
#300=CARTESIAN_POINT('',(-1.994,2.502,0.102));
#299=VERTEX_POINT('',#300);
#298=EDGE_CURVE('',#299,#250,#303,.T.);
#303=LINE('',#300,#305);
#305=VECTOR('',#306,3.9878);
#306=DIRECTION('',(1.0,0.0,0.0));
#297=ORIENTED_EDGE('',*,*,#298,.F.);
#310=CARTESIAN_POINT('',(-1.994,2.502,1.753));
#309=VERTEX_POINT('',#310);
#308=EDGE_CURVE('',#309,#299,#313,.T.);
#313=LINE('',#310,#315);
#315=VECTOR('',#316,1.651);
#316=DIRECTION('',(0.0,0.0,-1.0));
#307=ORIENTED_EDGE('',*,*,#308,.F.);
#318=EDGE_CURVE('',#260,#309,#323,.T.);
#323=LINE('',#261,#325);
#325=VECTOR('',#326,3.9878);
#326=DIRECTION('',(-1.0,0.0,0.0));
#317=ORIENTED_EDGE('',*,*,#318,.F.);
#327=ORIENTED_EDGE('',*,*,#259,.T.);
#337=STYLED_ITEM('',(#43),#338);
#338=ADVANCED_FACE('',(#344),#339,.T.);
#339=PLANE('',#340);
#340=AXIS2_PLACEMENT_3D('',#341,#342,#343);
#341=CARTESIAN_POINT('',(-1.994,2.502,0.102));
#342=DIRECTION('',(-1.0,0.0,0.0));
#343=DIRECTION('',(0.,0.,1.));
#344=FACE_OUTER_BOUND('',#345,.T.);
#345=EDGE_LOOP('',(#346,#356,#366,#376));
#347=EDGE_CURVE('',#203,#299,#352,.T.);
#352=LINE('',#204,#354);
#354=VECTOR('',#355,5.0038);
#355=DIRECTION('',(0.0,1.0,0.0));
#346=ORIENTED_EDGE('',*,*,#347,.F.);
#356=ORIENTED_EDGE('',*,*,#230,.T.);
#367=EDGE_CURVE('',#309,#221,#372,.T.);
#372=LINE('',#310,#374);
#374=VECTOR('',#375,5.0038);
#375=DIRECTION('',(0.0,-1.0,0.0));
#366=ORIENTED_EDGE('',*,*,#367,.F.);
#376=ORIENTED_EDGE('',*,*,#308,.T.);
#386=STYLED_ITEM('',(#43),#387);
#387=ADVANCED_FACE('',(#393),#388,.T.);
#388=PLANE('',#389);
#389=AXIS2_PLACEMENT_3D('',#390,#391,#392);
#390=CARTESIAN_POINT('',(-1.994,2.502,0.102));
#391=DIRECTION('',(0.0,0.0,-1.0));
#392=DIRECTION('',(0.,1.,0.));
#393=FACE_OUTER_BOUND('',#394,.T.);
#394=EDGE_LOOP('',(#395,#405,#415,#425));
#395=ORIENTED_EDGE('',*,*,#298,.T.);
#405=ORIENTED_EDGE('',*,*,#249,.T.);
#415=ORIENTED_EDGE('',*,*,#200,.T.);
#425=ORIENTED_EDGE('',*,*,#347,.T.);
#435=STYLED_ITEM('',(#43),#436);
#436=ADVANCED_FACE('',(#442),#437,.T.);
#437=PLANE('',#438);
#438=AXIS2_PLACEMENT_3D('',#439,#440,#441);
#439=CARTESIAN_POINT('',(-1.994,-2.502,1.753));
#440=DIRECTION('',(0.0,0.0,1.0));
#441=DIRECTION('',(0.,1.,0.));
#442=FACE_OUTER_BOUND('',#443,.T.);
#443=EDGE_LOOP('',(#444,#454,#464,#474));
#444=ORIENTED_EDGE('',*,*,#220,.T.);
#454=ORIENTED_EDGE('',*,*,#269,.T.);
#464=ORIENTED_EDGE('',*,*,#318,.T.);
#474=ORIENTED_EDGE('',*,*,#367,.T.);
#484=MANIFOLD_SOLID_BREP($,#485);
#485=CLOSED_SHELL('',(#487,#536,#585,#634,#683,#732));
#486=STYLED_ITEM('',(#61),#487);
#487=ADVANCED_FACE('',(#493),#488,.T.);
#488=PLANE('',#489);
#489=AXIS2_PLACEMENT_3D('',#490,#491,#492);
#490=CARTESIAN_POINT('',(-1.206,-1.651,0.051));
#491=DIRECTION('',(0.0,-1.0,0.0));
#492=DIRECTION('',(0.,0.,1.));
#493=FACE_OUTER_BOUND('',#494,.T.);
#494=EDGE_LOOP('',(#495,#505,#515,#525));
#498=CARTESIAN_POINT('',(1.206,-1.651,0.051));
#497=VERTEX_POINT('',#498);
#500=CARTESIAN_POINT('',(-1.206,-1.651,0.051));
#499=VERTEX_POINT('',#500);
#496=EDGE_CURVE('',#497,#499,#501,.T.);
#501=LINE('',#498,#503);
#503=VECTOR('',#504,2.413);
#504=DIRECTION('',(-1.0,0.0,0.0));
#495=ORIENTED_EDGE('',*,*,#496,.F.);
#508=CARTESIAN_POINT('',(1.206,-1.651,0.102));
#507=VERTEX_POINT('',#508);
#506=EDGE_CURVE('',#507,#497,#511,.T.);
#511=LINE('',#508,#513);
#513=VECTOR('',#514,0.0508);
#514=DIRECTION('',(0.0,0.0,-1.0));
#505=ORIENTED_EDGE('',*,*,#506,.F.);
#518=CARTESIAN_POINT('',(-1.206,-1.651,0.102));
#517=VERTEX_POINT('',#518);
#516=EDGE_CURVE('',#517,#507,#521,.T.);
#521=LINE('',#518,#523);
#523=VECTOR('',#524,2.413);
#524=DIRECTION('',(1.0,0.0,0.0));
#515=ORIENTED_EDGE('',*,*,#516,.F.);
#526=EDGE_CURVE('',#499,#517,#531,.T.);
#531=LINE('',#500,#533);
#533=VECTOR('',#534,0.0508);
#534=DIRECTION('',(0.0,0.0,1.0));
#525=ORIENTED_EDGE('',*,*,#526,.F.);
#535=STYLED_ITEM('',(#61),#536);
#536=ADVANCED_FACE('',(#542),#537,.T.);
#537=PLANE('',#538);
#538=AXIS2_PLACEMENT_3D('',#539,#540,#541);
#539=CARTESIAN_POINT('',(1.206,-1.651,0.051));
#540=DIRECTION('',(1.0,0.0,0.0));
#541=DIRECTION('',(0.,0.,1.));
#542=FACE_OUTER_BOUND('',#543,.T.);
#543=EDGE_LOOP('',(#544,#554,#564,#574));
#547=CARTESIAN_POINT('',(1.206,1.651,0.051));
#546=VERTEX_POINT('',#547);
#545=EDGE_CURVE('',#546,#497,#550,.T.);
#550=LINE('',#547,#552);
#552=VECTOR('',#553,3.302);
#553=DIRECTION('',(0.0,-1.0,0.0));
#544=ORIENTED_EDGE('',*,*,#545,.F.);
#557=CARTESIAN_POINT('',(1.206,1.651,0.102));
#556=VERTEX_POINT('',#557);
#555=EDGE_CURVE('',#556,#546,#560,.T.);
#560=LINE('',#557,#562);
#562=VECTOR('',#563,0.0508);
#563=DIRECTION('',(0.0,0.0,-1.0));
#554=ORIENTED_EDGE('',*,*,#555,.F.);
#565=EDGE_CURVE('',#507,#556,#570,.T.);
#570=LINE('',#508,#572);
#572=VECTOR('',#573,3.302);
#573=DIRECTION('',(0.0,1.0,0.0));
#564=ORIENTED_EDGE('',*,*,#565,.F.);
#574=ORIENTED_EDGE('',*,*,#506,.T.);
#584=STYLED_ITEM('',(#61),#585);
#585=ADVANCED_FACE('',(#591),#586,.T.);
#586=PLANE('',#587);
#587=AXIS2_PLACEMENT_3D('',#588,#589,#590);
#588=CARTESIAN_POINT('',(1.206,1.651,0.051));
#589=DIRECTION('',(0.0,1.0,0.0));
#590=DIRECTION('',(0.,0.,1.));
#591=FACE_OUTER_BOUND('',#592,.T.);
#592=EDGE_LOOP('',(#593,#603,#613,#623));
#596=CARTESIAN_POINT('',(-1.206,1.651,0.051));
#595=VERTEX_POINT('',#596);
#594=EDGE_CURVE('',#595,#546,#599,.T.);
#599=LINE('',#596,#601);
#601=VECTOR('',#602,2.413);
#602=DIRECTION('',(1.0,0.0,0.0));
#593=ORIENTED_EDGE('',*,*,#594,.F.);
#606=CARTESIAN_POINT('',(-1.206,1.651,0.102));
#605=VERTEX_POINT('',#606);
#604=EDGE_CURVE('',#605,#595,#609,.T.);
#609=LINE('',#606,#611);
#611=VECTOR('',#612,0.0508);
#612=DIRECTION('',(0.0,0.0,-1.0));
#603=ORIENTED_EDGE('',*,*,#604,.F.);
#614=EDGE_CURVE('',#556,#605,#619,.T.);
#619=LINE('',#557,#621);
#621=VECTOR('',#622,2.413);
#622=DIRECTION('',(-1.0,0.0,0.0));
#613=ORIENTED_EDGE('',*,*,#614,.F.);
#623=ORIENTED_EDGE('',*,*,#555,.T.);
#633=STYLED_ITEM('',(#61),#634);
#634=ADVANCED_FACE('',(#640),#635,.T.);
#635=PLANE('',#636);
#636=AXIS2_PLACEMENT_3D('',#637,#638,#639);
#637=CARTESIAN_POINT('',(-1.206,1.651,0.051));
#638=DIRECTION('',(-1.0,0.0,0.0));
#639=DIRECTION('',(0.,0.,1.));
#640=FACE_OUTER_BOUND('',#641,.T.);
#641=EDGE_LOOP('',(#642,#652,#662,#672));
#643=EDGE_CURVE('',#499,#595,#648,.T.);
#648=LINE('',#500,#650);
#650=VECTOR('',#651,3.302);
#651=DIRECTION('',(0.0,1.0,0.0));
#642=ORIENTED_EDGE('',*,*,#643,.F.);
#652=ORIENTED_EDGE('',*,*,#526,.T.);
#663=EDGE_CURVE('',#605,#517,#668,.T.);
#668=LINE('',#606,#670);
#670=VECTOR('',#671,3.302);
#671=DIRECTION('',(0.0,-1.0,0.0));
#662=ORIENTED_EDGE('',*,*,#663,.F.);
#672=ORIENTED_EDGE('',*,*,#604,.T.);
#682=STYLED_ITEM('',(#61),#683);
#683=ADVANCED_FACE('',(#689),#684,.T.);
#684=PLANE('',#685);
#685=AXIS2_PLACEMENT_3D('',#686,#687,#688);
#686=CARTESIAN_POINT('',(-1.206,1.651,0.051));
#687=DIRECTION('',(0.0,0.0,-1.0));
#688=DIRECTION('',(0.,1.,0.));
#689=FACE_OUTER_BOUND('',#690,.T.);
#690=EDGE_LOOP('',(#691,#701,#711,#721));
#691=ORIENTED_EDGE('',*,*,#594,.T.);
#701=ORIENTED_EDGE('',*,*,#545,.T.);
#711=ORIENTED_EDGE('',*,*,#496,.T.);
#721=ORIENTED_EDGE('',*,*,#643,.T.);
#731=STYLED_ITEM('',(#61),#732);
#732=ADVANCED_FACE('',(#738),#733,.T.);
#733=PLANE('',#734);
#734=AXIS2_PLACEMENT_3D('',#735,#736,#737);
#735=CARTESIAN_POINT('',(-1.206,-1.651,0.102));
#736=DIRECTION('',(0.0,0.0,1.0));
#737=DIRECTION('',(0.,1.,0.));
#738=FACE_OUTER_BOUND('',#739,.T.);
#739=EDGE_LOOP('',(#740,#750,#760,#770));
#740=ORIENTED_EDGE('',*,*,#516,.T.);
#750=ORIENTED_EDGE('',*,*,#565,.T.);
#760=ORIENTED_EDGE('',*,*,#614,.T.);
#770=ORIENTED_EDGE('',*,*,#663,.T.);
#781=MANIFOLD_SOLID_BREP($,#782);
#782=CLOSED_SHELL('',(#784,#833,#882,#931,#980,#1029,#1078,#1127,#1176,#1227,#1278,#1329,#1380,#1516));
#783=STYLED_ITEM('',(#34),#784);
#784=ADVANCED_FACE('',(#790),#785,.T.);
#785=PLANE('',#786);
#786=AXIS2_PLACEMENT_3D('',#787,#788,#789);
#787=CARTESIAN_POINT('',(-1.994,1.605,0.314));
#788=DIRECTION('',(1.0,0.0,0.0));
#789=DIRECTION('',(0.,0.,1.));
#790=FACE_OUTER_BOUND('',#791,.T.);
#791=EDGE_LOOP('',(#792,#802,#812,#822));
#795=CARTESIAN_POINT('',(-1.994,2.205,0.314));
#794=VERTEX_POINT('',#795);
#797=CARTESIAN_POINT('',(-1.994,1.605,0.314));
#796=VERTEX_POINT('',#797);
#793=EDGE_CURVE('',#794,#796,#798,.T.);
#798=LINE('',#795,#800);
#800=VECTOR('',#801,0.600455989829251);
#801=DIRECTION('',(0.0,-1.0,0.0));
#792=ORIENTED_EDGE('',*,*,#793,.F.);
#805=CARTESIAN_POINT('',(-1.994,2.205,0.419));
#804=VERTEX_POINT('',#805);
#803=EDGE_CURVE('',#804,#794,#808,.T.);
#808=LINE('',#805,#810);
#810=VECTOR('',#811,0.104775);
#811=DIRECTION('',(0.0,0.0,-1.0));
#802=ORIENTED_EDGE('',*,*,#803,.F.);
#815=CARTESIAN_POINT('',(-1.994,1.605,0.419));
#814=VERTEX_POINT('',#815);
#813=EDGE_CURVE('',#814,#804,#818,.T.);
#818=LINE('',#815,#820);
#820=VECTOR('',#821,0.600455989829251);
#821=DIRECTION('',(0.0,1.0,0.0));
#812=ORIENTED_EDGE('',*,*,#813,.F.);
#823=EDGE_CURVE('',#796,#814,#828,.T.);
#828=LINE('',#797,#830);
#830=VECTOR('',#831,0.104775);
#831=DIRECTION('',(0.0,0.0,1.0));
#822=ORIENTED_EDGE('',*,*,#823,.F.);
#832=STYLED_ITEM('',(#34),#833);
#833=ADVANCED_FACE('',(#839),#834,.T.);
#834=PLANE('',#835);
#835=AXIS2_PLACEMENT_3D('',#836,#837,#838);
#836=CARTESIAN_POINT('',(-1.994,1.605,0.419));
#837=DIRECTION('',(0.0,0.0,1.0));
#838=DIRECTION('',(0.,1.,0.));
#839=FACE_OUTER_BOUND('',#840,.T.);
#840=EDGE_LOOP('',(#841,#851,#861,#871));
#841=ORIENTED_EDGE('',*,*,#813,.T.);
#854=CARTESIAN_POINT('',(-2.935,2.205,0.419));
#853=VERTEX_POINT('',#854);
#852=EDGE_CURVE('',#853,#804,#857,.T.);
#857=LINE('',#854,#859);
#859=VECTOR('',#860,0.940987675246993);
#860=DIRECTION('',(1.0,0.0,0.0));
#851=ORIENTED_EDGE('',*,*,#852,.F.);
#864=CARTESIAN_POINT('',(-2.935,1.605,0.419));
#863=VERTEX_POINT('',#864);
#862=EDGE_CURVE('',#863,#853,#867,.T.);
#867=LINE('',#864,#869);
#869=VECTOR('',#870,0.600455989952337);
#870=DIRECTION('',(0.0,1.0,0.0));
#861=ORIENTED_EDGE('',*,*,#862,.F.);
#872=EDGE_CURVE('',#814,#863,#877,.T.);
#877=LINE('',#815,#879);
#879=VECTOR('',#880,0.940987675246993);
#880=DIRECTION('',(-1.0,0.0,0.0));
#871=ORIENTED_EDGE('',*,*,#872,.F.);
#881=STYLED_ITEM('',(#34),#882);
#882=ADVANCED_FACE('',(#888),#883,.T.);
#883=PLANE('',#884);
#884=AXIS2_PLACEMENT_3D('',#885,#886,#887);
#885=CARTESIAN_POINT('',(-1.994,2.205,0.314));
#886=DIRECTION('',(0.0,0.0,-1.0));
#887=DIRECTION('',(0.,1.,0.));
#888=FACE_OUTER_BOUND('',#889,.T.);
#889=EDGE_LOOP('',(#890,#900,#910,#920));
#890=ORIENTED_EDGE('',*,*,#793,.T.);
#903=CARTESIAN_POINT('',(-2.935,1.605,0.314));
#902=VERTEX_POINT('',#903);
#901=EDGE_CURVE('',#902,#796,#906,.T.);
#906=LINE('',#903,#908);
#908=VECTOR('',#909,0.940987675246993);
#909=DIRECTION('',(1.0,0.0,0.0));
#900=ORIENTED_EDGE('',*,*,#901,.F.);
#913=CARTESIAN_POINT('',(-2.935,2.205,0.314));
#912=VERTEX_POINT('',#913);
#911=EDGE_CURVE('',#912,#902,#916,.T.);
#916=LINE('',#913,#918);
#918=VECTOR('',#919,0.600455989952337);
#919=DIRECTION('',(0.0,-1.0,0.0));
#910=ORIENTED_EDGE('',*,*,#911,.F.);
#921=EDGE_CURVE('',#794,#912,#926,.T.);
#926=LINE('',#795,#928);
#928=VECTOR('',#929,0.940987675246993);
#929=DIRECTION('',(-1.0,0.0,0.0));
#920=ORIENTED_EDGE('',*,*,#921,.F.);
#930=STYLED_ITEM('',(#34),#931);
#931=ADVANCED_FACE('',(#937),#932,.T.);
#932=PLANE('',#933);
#933=AXIS2_PLACEMENT_3D('',#934,#935,#936);
#934=CARTESIAN_POINT('',(-3.159,2.205,0.182));
#935=DIRECTION('',(-0.966,0.0,0.259));
#936=DIRECTION('',(0.,0.,1.));
#937=FACE_OUTER_BOUND('',#938,.T.);
#938=EDGE_LOOP('',(#939,#949,#959,#969));
#942=CARTESIAN_POINT('',(-3.159,1.605,0.182));
#941=VERTEX_POINT('',#942);
#944=CARTESIAN_POINT('',(-3.159,2.205,0.182));
#943=VERTEX_POINT('',#944);
#940=EDGE_CURVE('',#941,#943,#945,.T.);
#945=LINE('',#942,#947);
#947=VECTOR('',#948,0.600455990036603);
#948=DIRECTION('',(0.0,1.0,0.0));
#939=ORIENTED_EDGE('',*,*,#940,.F.);
#952=CARTESIAN_POINT('',(-3.137,1.605,0.264));
#951=VERTEX_POINT('',#952);
#950=EDGE_CURVE('',#951,#941,#955,.T.);
#955=LINE('',#952,#957);
#957=VECTOR('',#958,0.0842220986750953);
#958=DIRECTION('',(-0.259,0.0,-0.966));
#949=ORIENTED_EDGE('',*,*,#950,.F.);
#962=CARTESIAN_POINT('',(-3.137,2.205,0.264));
#961=VERTEX_POINT('',#962);
#960=EDGE_CURVE('',#961,#951,#965,.T.);
#965=LINE('',#962,#967);
#967=VECTOR('',#968,0.600455990026153);
#968=DIRECTION('',(0.0,-1.0,0.0));
#959=ORIENTED_EDGE('',*,*,#960,.F.);
#970=EDGE_CURVE('',#943,#961,#975,.T.);
#975=LINE('',#944,#977);
#977=VECTOR('',#978,0.0842220986750952);
#978=DIRECTION('',(0.259,0.0,0.966));
#969=ORIENTED_EDGE('',*,*,#970,.F.);
#979=STYLED_ITEM('',(#34),#980);
#980=ADVANCED_FACE('',(#986),#981,.T.);
#981=PLANE('',#982);
#982=AXIS2_PLACEMENT_3D('',#983,#984,#985);
#983=CARTESIAN_POINT('',(-3.058,1.605,0.155));
#984=DIRECTION('',(0.966,0.0,-0.259));
#985=DIRECTION('',(0.,0.,1.));
#986=FACE_OUTER_BOUND('',#987,.T.);
#987=EDGE_LOOP('',(#988,#998,#1008,#1018));
#991=CARTESIAN_POINT('',(-3.058,2.205,0.155));
#990=VERTEX_POINT('',#991);
#993=CARTESIAN_POINT('',(-3.058,1.605,0.155));
#992=VERTEX_POINT('',#993);
#989=EDGE_CURVE('',#990,#992,#994,.T.);
#994=LINE('',#991,#996);
#996=VECTOR('',#997,0.600455989992746);
#997=DIRECTION('',(0.0,-1.0,0.0));
#988=ORIENTED_EDGE('',*,*,#989,.F.);
#1001=CARTESIAN_POINT('',(-3.036,2.205,0.237));
#1000=VERTEX_POINT('',#1001);
#999=EDGE_CURVE('',#1000,#990,#1004,.T.);
#1004=LINE('',#1001,#1006);
#1006=VECTOR('',#1007,0.0842220986762304);
#1007=DIRECTION('',(-0.259,0.0,-0.966));
#998=ORIENTED_EDGE('',*,*,#999,.F.);
#1011=CARTESIAN_POINT('',(-3.036,1.605,0.237));
#1010=VERTEX_POINT('',#1011);
#1009=EDGE_CURVE('',#1010,#1000,#1014,.T.);
#1014=LINE('',#1011,#1016);
#1016=VECTOR('',#1017,0.600455989984688);
#1017=DIRECTION('',(0.0,1.0,0.0));
#1008=ORIENTED_EDGE('',*,*,#1009,.F.);
#1019=EDGE_CURVE('',#992,#1010,#1024,.T.);
#1024=LINE('',#993,#1026);
#1026=VECTOR('',#1027,0.0842220986762304);
#1027=DIRECTION('',(0.259,0.0,0.966));
#1018=ORIENTED_EDGE('',*,*,#1019,.F.);
#1028=STYLED_ITEM('',(#34),#1029);
#1029=ADVANCED_FACE('',(#1035),#1030,.T.);
#1030=PLANE('',#1031);
#1031=AXIS2_PLACEMENT_3D('',#1032,#1033,#1034);
#1032=CARTESIAN_POINT('',(-4.201,2.205,0.105));
#1033=DIRECTION('',(0.0,0.0,1.0));
#1034=DIRECTION('',(0.,1.,0.));
#1035=FACE_OUTER_BOUND('',#1036,.T.);
#1036=EDGE_LOOP('',(#1037,#1047,#1057,#1067));
#1040=CARTESIAN_POINT('',(-4.201,1.605,0.105));
#1039=VERTEX_POINT('',#1040);
#1042=CARTESIAN_POINT('',(-4.201,2.205,0.105));
#1041=VERTEX_POINT('',#1042);
#1038=EDGE_CURVE('',#1039,#1041,#1043,.T.);
#1043=LINE('',#1040,#1045);
#1045=VECTOR('',#1046,0.600456);
#1046=DIRECTION('',(0.0,1.0,0.0));
#1037=ORIENTED_EDGE('',*,*,#1038,.F.);
#1050=CARTESIAN_POINT('',(-3.26,1.605,0.105));
#1049=VERTEX_POINT('',#1050);
#1048=EDGE_CURVE('',#1049,#1039,#1053,.T.);
#1053=LINE('',#1050,#1055);
#1055=VECTOR('',#1056,0.940987669281998);
#1056=DIRECTION('',(-1.0,0.0,0.0));
#1047=ORIENTED_EDGE('',*,*,#1048,.F.);
#1060=CARTESIAN_POINT('',(-3.26,2.205,0.105));
#1059=VERTEX_POINT('',#1060);
#1058=EDGE_CURVE('',#1059,#1049,#1063,.T.);
#1063=LINE('',#1060,#1065);
#1065=VECTOR('',#1066,0.600455990094297);
#1066=DIRECTION('',(0.0,-1.0,0.0));
#1057=ORIENTED_EDGE('',*,*,#1058,.F.);
#1068=EDGE_CURVE('',#1041,#1059,#1073,.T.);
#1073=LINE('',#1042,#1075);
#1075=VECTOR('',#1076,0.940987669281998);
#1076=DIRECTION('',(1.0,0.0,0.0));
#1067=ORIENTED_EDGE('',*,*,#1068,.F.);
#1077=STYLED_ITEM('',(#34),#1078);
#1078=ADVANCED_FACE('',(#1084),#1079,.T.);
#1079=PLANE('',#1080);
#1080=AXIS2_PLACEMENT_3D('',#1081,#1082,#1083);
#1081=CARTESIAN_POINT('',(-3.26,2.205,0.0));
#1082=DIRECTION('',(0.0,0.0,-1.0));
#1083=DIRECTION('',(0.,1.,0.));
#1084=FACE_OUTER_BOUND('',#1085,.T.);
#1085=EDGE_LOOP('',(#1086,#1096,#1106,#1116));
#1089=CARTESIAN_POINT('',(-3.26,1.605,0.0));
#1088=VERTEX_POINT('',#1089);
#1091=CARTESIAN_POINT('',(-3.26,2.205,0.0));
#1090=VERTEX_POINT('',#1091);
#1087=EDGE_CURVE('',#1088,#1090,#1092,.T.);
#1092=LINE('',#1089,#1094);
#1094=VECTOR('',#1095,0.600455990094297);
#1095=DIRECTION('',(0.0,1.0,0.0));
#1086=ORIENTED_EDGE('',*,*,#1087,.F.);
#1099=CARTESIAN_POINT('',(-4.201,1.605,0.0));
#1098=VERTEX_POINT('',#1099);
#1097=EDGE_CURVE('',#1098,#1088,#1102,.T.);
#1102=LINE('',#1099,#1104);
#1104=VECTOR('',#1105,0.940987669281998);
#1105=DIRECTION('',(1.0,0.0,0.0));
#1096=ORIENTED_EDGE('',*,*,#1097,.F.);
#1109=CARTESIAN_POINT('',(-4.201,2.205,0.0));
#1108=VERTEX_POINT('',#1109);
#1107=EDGE_CURVE('',#1108,#1098,#1112,.T.);
#1112=LINE('',#1109,#1114);
#1114=VECTOR('',#1115,0.600456);
#1115=DIRECTION('',(0.0,-1.0,0.0));
#1106=ORIENTED_EDGE('',*,*,#1107,.F.);
#1117=EDGE_CURVE('',#1090,#1108,#1122,.T.);
#1122=LINE('',#1091,#1124);
#1124=VECTOR('',#1125,0.940987669281998);
#1125=DIRECTION('',(-1.0,0.0,0.0));
#1116=ORIENTED_EDGE('',*,*,#1117,.F.);
#1126=STYLED_ITEM('',(#34),#1127);
#1127=ADVANCED_FACE('',(#1133),#1128,.T.);
#1128=PLANE('',#1129);
#1129=AXIS2_PLACEMENT_3D('',#1130,#1131,#1132);
#1130=CARTESIAN_POINT('',(-4.201,2.205,0.0));
#1131=DIRECTION('',(-1.0,0.0,0.0));
#1132=DIRECTION('',(0.,0.,1.));
#1133=FACE_OUTER_BOUND('',#1134,.T.);
#1134=EDGE_LOOP('',(#1135,#1145,#1155,#1165));
#1135=ORIENTED_EDGE('',*,*,#1107,.T.);
#1146=EDGE_CURVE('',#1039,#1098,#1151,.T.);
#1151=LINE('',#1040,#1153);
#1153=VECTOR('',#1154,0.104775);
#1154=DIRECTION('',(0.0,0.0,-1.0));
#1145=ORIENTED_EDGE('',*,*,#1146,.F.);
#1155=ORIENTED_EDGE('',*,*,#1038,.T.);
#1166=EDGE_CURVE('',#1108,#1041,#1171,.T.);
#1171=LINE('',#1109,#1173);
#1173=VECTOR('',#1174,0.104775);
#1174=DIRECTION('',(0.0,0.0,1.0));
#1165=ORIENTED_EDGE('',*,*,#1166,.F.);
#1175=STYLED_ITEM($,(#34),#1176);
#1176=ADVANCED_FACE($,(#1182),#1177,.T.);
#1177=CYLINDRICAL_SURFACE($,#1178,0.20955);
#1178=AXIS2_PLACEMENT_3D($,#1179,#1180,#1181);
#1179=CARTESIAN_POINT('',(-2.935,1.605,0.21));
#1180=DIRECTION('',(0.0,-1.0,0.0));
#1181=DIRECTION('',(0.,0.,1.));
#1182=FACE_OUTER_BOUND($,#1183,.T.);
#1183=EDGE_LOOP($,(#1195,#1205,#1216,#1184));
#1195=ORIENTED_EDGE('',*,*,#862,.T.);
#1206=EDGE_CURVE($,#961,#853,#1211,.T.);
#1211=CIRCLE($,#1212,0.20955);
#1213=CARTESIAN_POINT('',(-2.935,2.205,0.21));
#1212=AXIS2_PLACEMENT_3D($,#1213,#1214,#1215);
#1214=DIRECTION('',(0.0,1.0,0.0));
#1215=DIRECTION('',(0.793,0.0,0.609));
#1205=ORIENTED_EDGE('',*,*,#1206,.F.);
#1216=ORIENTED_EDGE('',*,*,#960,.T.);
#1185=EDGE_CURVE($,#863,#951,#1190,.T.);
#1190=CIRCLE($,#1191,0.20955);
#1192=CARTESIAN_POINT('',(-2.935,1.605,0.21));
#1191=AXIS2_PLACEMENT_3D($,#1192,#1193,#1194);
#1193=DIRECTION('',(0.0,-1.0,0.0));
#1194=DIRECTION('',(-0.793,0.0,-0.609));
#1184=ORIENTED_EDGE('',*,*,#1185,.F.);
#1226=STYLED_ITEM($,(#34),#1227);
#1227=ADVANCED_FACE($,(#1233),#1228,.F.);
#1228=CYLINDRICAL_SURFACE($,#1229,0.104775);
#1229=AXIS2_PLACEMENT_3D($,#1230,#1231,#1232);
#1230=CARTESIAN_POINT('',(-2.935,2.205,0.21));
#1231=DIRECTION('',(0.0,-1.0,0.0));
#1232=DIRECTION('',(0.,0.,-1.));
#1233=FACE_OUTER_BOUND($,#1234,.T.);
#1234=EDGE_LOOP($,(#1246,#1256,#1267,#1235));
#1246=ORIENTED_EDGE('',*,*,#911,.T.);
#1257=EDGE_CURVE($,#1010,#902,#1262,.T.);
#1262=CIRCLE($,#1263,0.104775);
#1263=AXIS2_PLACEMENT_3D($,#1192,#1265,#1266);
#1265=DIRECTION('',(0.0,1.0,0.0));
#1266=DIRECTION('',(0.793,0.0,0.609));
#1256=ORIENTED_EDGE('',*,*,#1257,.F.);
#1267=ORIENTED_EDGE('',*,*,#1009,.T.);
#1236=EDGE_CURVE($,#912,#1000,#1241,.T.);
#1241=CIRCLE($,#1242,0.104775);
#1242=AXIS2_PLACEMENT_3D($,#1213,#1244,#1245);
#1244=DIRECTION('',(0.0,-1.0,0.0));
#1245=DIRECTION('',(-0.793,0.0,-0.609));
#1235=ORIENTED_EDGE('',*,*,#1236,.F.);
#1277=STYLED_ITEM($,(#34),#1278);
#1278=ADVANCED_FACE($,(#1284),#1279,.F.);
#1279=CYLINDRICAL_SURFACE($,#1280,0.104775);
#1280=AXIS2_PLACEMENT_3D($,#1281,#1282,#1283);
#1281=CARTESIAN_POINT('',(-3.26,2.205,0.21));
#1282=DIRECTION('',(0.0,-1.0,0.0));
#1283=DIRECTION('',(0.,0.,1.));
#1284=FACE_OUTER_BOUND($,#1285,.T.);
#1285=EDGE_LOOP($,(#1297,#1307,#1318,#1286));
#1297=ORIENTED_EDGE('',*,*,#1058,.T.);
#1308=EDGE_CURVE($,#941,#1049,#1313,.T.);
#1313=CIRCLE($,#1314,0.104775);
#1315=CARTESIAN_POINT('',(-3.26,1.605,0.21));
#1314=AXIS2_PLACEMENT_3D($,#1315,#1316,#1317);
#1316=DIRECTION('',(0.0,1.0,0.0));
#1317=DIRECTION('',(-0.793,0.0,-0.609));
#1307=ORIENTED_EDGE('',*,*,#1308,.F.);
#1318=ORIENTED_EDGE('',*,*,#940,.T.);
#1287=EDGE_CURVE($,#1059,#943,#1292,.T.);
#1292=CIRCLE($,#1293,0.104775);
#1294=CARTESIAN_POINT('',(-3.26,2.205,0.21));
#1293=AXIS2_PLACEMENT_3D($,#1294,#1295,#1296);
#1295=DIRECTION('',(0.0,-1.0,0.0));
#1296=DIRECTION('',(0.793,0.0,0.609));
#1286=ORIENTED_EDGE('',*,*,#1287,.F.);
#1328=STYLED_ITEM($,(#34),#1329);
#1329=ADVANCED_FACE($,(#1335),#1330,.T.);
#1330=CYLINDRICAL_SURFACE($,#1331,0.20955);
#1331=AXIS2_PLACEMENT_3D($,#1332,#1333,#1334);
#1332=CARTESIAN_POINT('',(-3.26,2.205,0.21));
#1333=DIRECTION('',(0.0,-1.0,0.0));
#1334=DIRECTION('',(0.,0.,-1.));
#1335=FACE_OUTER_BOUND($,#1336,.T.);
#1336=EDGE_LOOP($,(#1348,#1358,#1369,#1337));
#1348=ORIENTED_EDGE('',*,*,#1087,.T.);
#1359=EDGE_CURVE($,#990,#1090,#1364,.T.);
#1364=CIRCLE($,#1365,0.20955);
#1365=AXIS2_PLACEMENT_3D($,#1294,#1367,#1368);
#1367=DIRECTION('',(0.0,1.0,0.0));
#1368=DIRECTION('',(-0.793,0.0,-0.609));
#1358=ORIENTED_EDGE('',*,*,#1359,.F.);
#1369=ORIENTED_EDGE('',*,*,#989,.T.);
#1338=EDGE_CURVE($,#1088,#992,#1343,.T.);
#1343=CIRCLE($,#1344,0.20955);
#1344=AXIS2_PLACEMENT_3D($,#1315,#1346,#1347);
#1346=DIRECTION('',(0.0,-1.0,0.0));
#1347=DIRECTION('',(0.793,0.0,0.609));
#1337=ORIENTED_EDGE('',*,*,#1338,.F.);
#1379=STYLED_ITEM('color',(#34),#1380);
#1380=ADVANCED_FACE($,(#1386),#1381,.T.);
#1381=PLANE($,#1382);
#1382=AXIS2_PLACEMENT_3D($,#1383,#1384,#1385);
#1383=CARTESIAN_POINT('',(-1.994,2.205,0.314));
#1384=DIRECTION('',(0.0,1.0,0.0));
#1385=DIRECTION('',(1.,0.,0.));
#1386=FACE_OUTER_BOUND($,#1387,.T.);
#1387=EDGE_LOOP($,(#1390, #1400, #1410, #1473, #1484, #1420, #1431, #1441, #1451, #1461, #1494, #1504));
#1390=ORIENTED_EDGE('',*,*,#852,.T.);
#1400=ORIENTED_EDGE('',*,*,#803,.T.);
#1410=ORIENTED_EDGE('',*,*,#921,.T.);
#1473=ORIENTED_EDGE('',*,*,#1236,.T.);
#1484=ORIENTED_EDGE('',*,*,#999,.T.);
#1420=ORIENTED_EDGE('',*,*,#1359,.T.);
#1431=ORIENTED_EDGE('',*,*,#1117,.T.);
#1441=ORIENTED_EDGE('',*,*,#1166,.T.);
#1451=ORIENTED_EDGE('',*,*,#1068,.T.);
#1461=ORIENTED_EDGE('',*,*,#1287,.T.);
#1494=ORIENTED_EDGE('',*,*,#970,.T.);
#1504=ORIENTED_EDGE('',*,*,#1206,.T.);
#1515=STYLED_ITEM('color',(#34),#1516);
#1516=ADVANCED_FACE($,(#1522),#1517,.T.);
#1517=PLANE($,#1518);
#1518=AXIS2_PLACEMENT_3D($,#1519,#1520,#1521);
#1519=CARTESIAN_POINT('',(-3.26,1.605,0.105));
#1520=DIRECTION('',(0.0,-1.0,0.0));
#1521=DIRECTION('',(1.,0.,0.));
#1522=FACE_OUTER_BOUND($,#1523,.T.);
#1523=EDGE_LOOP($,(#1526, #1536, #1546, #1609, #1620, #1556, #1567, #1577, #1587, #1597, #1630, #1640));
#1526=ORIENTED_EDGE('',*,*,#901,.T.);
#1536=ORIENTED_EDGE('',*,*,#823,.T.);
#1546=ORIENTED_EDGE('',*,*,#872,.T.);
#1609=ORIENTED_EDGE('',*,*,#1185,.T.);
#1620=ORIENTED_EDGE('',*,*,#950,.T.);
#1556=ORIENTED_EDGE('',*,*,#1308,.T.);
#1567=ORIENTED_EDGE('',*,*,#1048,.T.);
#1577=ORIENTED_EDGE('',*,*,#1146,.T.);
#1587=ORIENTED_EDGE('',*,*,#1097,.T.);
#1597=ORIENTED_EDGE('',*,*,#1338,.T.);
#1630=ORIENTED_EDGE('',*,*,#1019,.T.);
#1640=ORIENTED_EDGE('',*,*,#1257,.T.);
#1651=MANIFOLD_SOLID_BREP($,#1652);
#1652=CLOSED_SHELL('',(#1654,#1703,#1752,#1801,#1850,#1899,#1948,#1997,#2046,#2097,#2148,#2199,#2250,#2386));
#1653=STYLED_ITEM('',(#34),#1654);
#1654=ADVANCED_FACE('',(#1660),#1655,.T.);
#1655=PLANE('',#1656);
#1656=AXIS2_PLACEMENT_3D('',#1657,#1658,#1659);
#1657=CARTESIAN_POINT('',(-1.994,0.335,0.314));
#1658=DIRECTION('',(1.0,0.0,0.0));
#1659=DIRECTION('',(0.,0.,1.));
#1660=FACE_OUTER_BOUND('',#1661,.T.);
#1661=EDGE_LOOP('',(#1662,#1672,#1682,#1692));
#1665=CARTESIAN_POINT('',(-1.994,0.935,0.314));
#1664=VERTEX_POINT('',#1665);
#1667=CARTESIAN_POINT('',(-1.994,0.335,0.314));
#1666=VERTEX_POINT('',#1667);
#1663=EDGE_CURVE('',#1664,#1666,#1668,.T.);
#1668=LINE('',#1665,#1670);
#1670=VECTOR('',#1671,0.600455989829251);
#1671=DIRECTION('',(0.0,-1.0,0.0));
#1662=ORIENTED_EDGE('',*,*,#1663,.F.);
#1675=CARTESIAN_POINT('',(-1.994,0.935,0.419));
#1674=VERTEX_POINT('',#1675);
#1673=EDGE_CURVE('',#1674,#1664,#1678,.T.);
#1678=LINE('',#1675,#1680);
#1680=VECTOR('',#1681,0.104775);
#1681=DIRECTION('',(0.0,0.0,-1.0));
#1672=ORIENTED_EDGE('',*,*,#1673,.F.);
#1685=CARTESIAN_POINT('',(-1.994,0.335,0.419));
#1684=VERTEX_POINT('',#1685);
#1683=EDGE_CURVE('',#1684,#1674,#1688,.T.);
#1688=LINE('',#1685,#1690);
#1690=VECTOR('',#1691,0.600455989829251);
#1691=DIRECTION('',(0.0,1.0,0.0));
#1682=ORIENTED_EDGE('',*,*,#1683,.F.);
#1693=EDGE_CURVE('',#1666,#1684,#1698,.T.);
#1698=LINE('',#1667,#1700);
#1700=VECTOR('',#1701,0.104775);
#1701=DIRECTION('',(0.0,0.0,1.0));
#1692=ORIENTED_EDGE('',*,*,#1693,.F.);
#1702=STYLED_ITEM('',(#34),#1703);
#1703=ADVANCED_FACE('',(#1709),#1704,.T.);
#1704=PLANE('',#1705);
#1705=AXIS2_PLACEMENT_3D('',#1706,#1707,#1708);
#1706=CARTESIAN_POINT('',(-1.994,0.335,0.419));
#1707=DIRECTION('',(0.0,0.0,1.0));
#1708=DIRECTION('',(0.,1.,0.));
#1709=FACE_OUTER_BOUND('',#1710,.T.);
#1710=EDGE_LOOP('',(#1711,#1721,#1731,#1741));
#1711=ORIENTED_EDGE('',*,*,#1683,.T.);
#1724=CARTESIAN_POINT('',(-2.935,0.935,0.419));
#1723=VERTEX_POINT('',#1724);
#1722=EDGE_CURVE('',#1723,#1674,#1727,.T.);
#1727=LINE('',#1724,#1729);
#1729=VECTOR('',#1730,0.940987675246993);
#1730=DIRECTION('',(1.0,0.0,0.0));
#1721=ORIENTED_EDGE('',*,*,#1722,.F.);
#1734=CARTESIAN_POINT('',(-2.935,0.335,0.419));
#1733=VERTEX_POINT('',#1734);
#1732=EDGE_CURVE('',#1733,#1723,#1737,.T.);
#1737=LINE('',#1734,#1739);
#1739=VECTOR('',#1740,0.600455989952337);
#1740=DIRECTION('',(0.0,1.0,0.0));
#1731=ORIENTED_EDGE('',*,*,#1732,.F.);
#1742=EDGE_CURVE('',#1684,#1733,#1747,.T.);
#1747=LINE('',#1685,#1749);
#1749=VECTOR('',#1750,0.940987675246993);
#1750=DIRECTION('',(-1.0,0.0,0.0));
#1741=ORIENTED_EDGE('',*,*,#1742,.F.);
#1751=STYLED_ITEM('',(#34),#1752);
#1752=ADVANCED_FACE('',(#1758),#1753,.T.);
#1753=PLANE('',#1754);
#1754=AXIS2_PLACEMENT_3D('',#1755,#1756,#1757);
#1755=CARTESIAN_POINT('',(-1.994,0.935,0.314));
#1756=DIRECTION('',(0.0,0.0,-1.0));
#1757=DIRECTION('',(0.,1.,0.));
#1758=FACE_OUTER_BOUND('',#1759,.T.);
#1759=EDGE_LOOP('',(#1760,#1770,#1780,#1790));
#1760=ORIENTED_EDGE('',*,*,#1663,.T.);
#1773=CARTESIAN_POINT('',(-2.935,0.335,0.314));
#1772=VERTEX_POINT('',#1773);
#1771=EDGE_CURVE('',#1772,#1666,#1776,.T.);
#1776=LINE('',#1773,#1778);
#1778=VECTOR('',#1779,0.940987675246993);
#1779=DIRECTION('',(1.0,0.0,0.0));
#1770=ORIENTED_EDGE('',*,*,#1771,.F.);
#1783=CARTESIAN_POINT('',(-2.935,0.935,0.314));
#1782=VERTEX_POINT('',#1783);
#1781=EDGE_CURVE('',#1782,#1772,#1786,.T.);
#1786=LINE('',#1783,#1788);
#1788=VECTOR('',#1789,0.600455989952337);
#1789=DIRECTION('',(0.0,-1.0,0.0));
#1780=ORIENTED_EDGE('',*,*,#1781,.F.);
#1791=EDGE_CURVE('',#1664,#1782,#1796,.T.);
#1796=LINE('',#1665,#1798);
#1798=VECTOR('',#1799,0.940987675246993);
#1799=DIRECTION('',(-1.0,0.0,0.0));
#1790=ORIENTED_EDGE('',*,*,#1791,.F.);
#1800=STYLED_ITEM('',(#34),#1801);
#1801=ADVANCED_FACE('',(#1807),#1802,.T.);
#1802=PLANE('',#1803);
#1803=AXIS2_PLACEMENT_3D('',#1804,#1805,#1806);
#1804=CARTESIAN_POINT('',(-3.159,0.935,0.182));
#1805=DIRECTION('',(-0.966,0.0,0.259));
#1806=DIRECTION('',(0.,0.,1.));
#1807=FACE_OUTER_BOUND('',#1808,.T.);
#1808=EDGE_LOOP('',(#1809,#1819,#1829,#1839));
#1812=CARTESIAN_POINT('',(-3.159,0.335,0.182));
#1811=VERTEX_POINT('',#1812);
#1814=CARTESIAN_POINT('',(-3.159,0.935,0.182));
#1813=VERTEX_POINT('',#1814);
#1810=EDGE_CURVE('',#1811,#1813,#1815,.T.);
#1815=LINE('',#1812,#1817);
#1817=VECTOR('',#1818,0.600455990036603);
#1818=DIRECTION('',(0.0,1.0,0.0));
#1809=ORIENTED_EDGE('',*,*,#1810,.F.);
#1822=CARTESIAN_POINT('',(-3.137,0.335,0.264));
#1821=VERTEX_POINT('',#1822);
#1820=EDGE_CURVE('',#1821,#1811,#1825,.T.);
#1825=LINE('',#1822,#1827);
#1827=VECTOR('',#1828,0.0842220986750953);
#1828=DIRECTION('',(-0.259,0.0,-0.966));
#1819=ORIENTED_EDGE('',*,*,#1820,.F.);
#1832=CARTESIAN_POINT('',(-3.137,0.935,0.264));
#1831=VERTEX_POINT('',#1832);
#1830=EDGE_CURVE('',#1831,#1821,#1835,.T.);
#1835=LINE('',#1832,#1837);
#1837=VECTOR('',#1838,0.600455990026153);
#1838=DIRECTION('',(0.0,-1.0,0.0));
#1829=ORIENTED_EDGE('',*,*,#1830,.F.);
#1840=EDGE_CURVE('',#1813,#1831,#1845,.T.);
#1845=LINE('',#1814,#1847);
#1847=VECTOR('',#1848,0.0842220986750952);
#1848=DIRECTION('',(0.259,0.0,0.966));
#1839=ORIENTED_EDGE('',*,*,#1840,.F.);
#1849=STYLED_ITEM('',(#34),#1850);
#1850=ADVANCED_FACE('',(#1856),#1851,.T.);
#1851=PLANE('',#1852);
#1852=AXIS2_PLACEMENT_3D('',#1853,#1854,#1855);
#1853=CARTESIAN_POINT('',(-3.058,0.335,0.155));
#1854=DIRECTION('',(0.966,0.0,-0.259));
#1855=DIRECTION('',(0.,0.,1.));
#1856=FACE_OUTER_BOUND('',#1857,.T.);
#1857=EDGE_LOOP('',(#1858,#1868,#1878,#1888));
#1861=CARTESIAN_POINT('',(-3.058,0.935,0.155));
#1860=VERTEX_POINT('',#1861);
#1863=CARTESIAN_POINT('',(-3.058,0.335,0.155));
#1862=VERTEX_POINT('',#1863);
#1859=EDGE_CURVE('',#1860,#1862,#1864,.T.);
#1864=LINE('',#1861,#1866);
#1866=VECTOR('',#1867,0.600455989992747);
#1867=DIRECTION('',(0.0,-1.0,0.0));
#1858=ORIENTED_EDGE('',*,*,#1859,.F.);
#1871=CARTESIAN_POINT('',(-3.036,0.935,0.237));
#1870=VERTEX_POINT('',#1871);
#1869=EDGE_CURVE('',#1870,#1860,#1874,.T.);
#1874=LINE('',#1871,#1876);
#1876=VECTOR('',#1877,0.0842220986762304);
#1877=DIRECTION('',(-0.259,0.0,-0.966));
#1868=ORIENTED_EDGE('',*,*,#1869,.F.);
#1881=CARTESIAN_POINT('',(-3.036,0.335,0.237));
#1880=VERTEX_POINT('',#1881);
#1879=EDGE_CURVE('',#1880,#1870,#1884,.T.);
#1884=LINE('',#1881,#1886);
#1886=VECTOR('',#1887,0.600455989984688);
#1887=DIRECTION('',(0.0,1.0,0.0));
#1878=ORIENTED_EDGE('',*,*,#1879,.F.);
#1889=EDGE_CURVE('',#1862,#1880,#1894,.T.);
#1894=LINE('',#1863,#1896);
#1896=VECTOR('',#1897,0.0842220986762304);
#1897=DIRECTION('',(0.259,0.0,0.966));
#1888=ORIENTED_EDGE('',*,*,#1889,.F.);
#1898=STYLED_ITEM('',(#34),#1899);
#1899=ADVANCED_FACE('',(#1905),#1900,.T.);
#1900=PLANE('',#1901);
#1901=AXIS2_PLACEMENT_3D('',#1902,#1903,#1904);
#1902=CARTESIAN_POINT('',(-4.201,0.935,0.105));
#1903=DIRECTION('',(0.0,0.0,1.0));
#1904=DIRECTION('',(0.,1.,0.));
#1905=FACE_OUTER_BOUND('',#1906,.T.);
#1906=EDGE_LOOP('',(#1907,#1917,#1927,#1937));
#1910=CARTESIAN_POINT('',(-4.201,0.335,0.105));
#1909=VERTEX_POINT('',#1910);
#1912=CARTESIAN_POINT('',(-4.201,0.935,0.105));
#1911=VERTEX_POINT('',#1912);
#1908=EDGE_CURVE('',#1909,#1911,#1913,.T.);
#1913=LINE('',#1910,#1915);
#1915=VECTOR('',#1916,0.600456);
#1916=DIRECTION('',(0.0,1.0,0.0));
#1907=ORIENTED_EDGE('',*,*,#1908,.F.);
#1920=CARTESIAN_POINT('',(-3.26,0.335,0.105));
#1919=VERTEX_POINT('',#1920);
#1918=EDGE_CURVE('',#1919,#1909,#1923,.T.);
#1923=LINE('',#1920,#1925);
#1925=VECTOR('',#1926,0.940987669281998);
#1926=DIRECTION('',(-1.0,0.0,0.0));
#1917=ORIENTED_EDGE('',*,*,#1918,.F.);
#1930=CARTESIAN_POINT('',(-3.26,0.935,0.105));
#1929=VERTEX_POINT('',#1930);
#1928=EDGE_CURVE('',#1929,#1919,#1933,.T.);
#1933=LINE('',#1930,#1935);
#1935=VECTOR('',#1936,0.600455990094297);
#1936=DIRECTION('',(0.0,-1.0,0.0));
#1927=ORIENTED_EDGE('',*,*,#1928,.F.);
#1938=EDGE_CURVE('',#1911,#1929,#1943,.T.);
#1943=LINE('',#1912,#1945);
#1945=VECTOR('',#1946,0.940987669281998);
#1946=DIRECTION('',(1.0,0.0,0.0));
#1937=ORIENTED_EDGE('',*,*,#1938,.F.);
#1947=STYLED_ITEM('',(#34),#1948);
#1948=ADVANCED_FACE('',(#1954),#1949,.T.);
#1949=PLANE('',#1950);
#1950=AXIS2_PLACEMENT_3D('',#1951,#1952,#1953);
#1951=CARTESIAN_POINT('',(-3.26,0.935,0.0));
#1952=DIRECTION('',(0.0,0.0,-1.0));
#1953=DIRECTION('',(0.,1.,0.));
#1954=FACE_OUTER_BOUND('',#1955,.T.);
#1955=EDGE_LOOP('',(#1956,#1966,#1976,#1986));
#1959=CARTESIAN_POINT('',(-3.26,0.335,0.0));
#1958=VERTEX_POINT('',#1959);
#1961=CARTESIAN_POINT('',(-3.26,0.935,0.0));
#1960=VERTEX_POINT('',#1961);
#1957=EDGE_CURVE('',#1958,#1960,#1962,.T.);
#1962=LINE('',#1959,#1964);
#1964=VECTOR('',#1965,0.600455990094297);
#1965=DIRECTION('',(0.0,1.0,0.0));
#1956=ORIENTED_EDGE('',*,*,#1957,.F.);
#1969=CARTESIAN_POINT('',(-4.201,0.335,0.0));
#1968=VERTEX_POINT('',#1969);
#1967=EDGE_CURVE('',#1968,#1958,#1972,.T.);
#1972=LINE('',#1969,#1974);
#1974=VECTOR('',#1975,0.940987669281998);
#1975=DIRECTION('',(1.0,0.0,0.0));
#1966=ORIENTED_EDGE('',*,*,#1967,.F.);
#1979=CARTESIAN_POINT('',(-4.201,0.935,0.0));
#1978=VERTEX_POINT('',#1979);
#1977=EDGE_CURVE('',#1978,#1968,#1982,.T.);
#1982=LINE('',#1979,#1984);
#1984=VECTOR('',#1985,0.600456);
#1985=DIRECTION('',(0.0,-1.0,0.0));
#1976=ORIENTED_EDGE('',*,*,#1977,.F.);
#1987=EDGE_CURVE('',#1960,#1978,#1992,.T.);
#1992=LINE('',#1961,#1994);
#1994=VECTOR('',#1995,0.940987669281998);
#1995=DIRECTION('',(-1.0,0.0,0.0));
#1986=ORIENTED_EDGE('',*,*,#1987,.F.);
#1996=STYLED_ITEM('',(#34),#1997);
#1997=ADVANCED_FACE('',(#2003),#1998,.T.);
#1998=PLANE('',#1999);
#1999=AXIS2_PLACEMENT_3D('',#2000,#2001,#2002);
#2000=CARTESIAN_POINT('',(-4.201,0.935,0.0));
#2001=DIRECTION('',(-1.0,0.0,0.0));
#2002=DIRECTION('',(0.,0.,1.));
#2003=FACE_OUTER_BOUND('',#2004,.T.);
#2004=EDGE_LOOP('',(#2005,#2015,#2025,#2035));
#2005=ORIENTED_EDGE('',*,*,#1977,.T.);
#2016=EDGE_CURVE('',#1909,#1968,#2021,.T.);
#2021=LINE('',#1910,#2023);
#2023=VECTOR('',#2024,0.104775);
#2024=DIRECTION('',(0.0,0.0,-1.0));
#2015=ORIENTED_EDGE('',*,*,#2016,.F.);
#2025=ORIENTED_EDGE('',*,*,#1908,.T.);
#2036=EDGE_CURVE('',#1978,#1911,#2041,.T.);
#2041=LINE('',#1979,#2043);
#2043=VECTOR('',#2044,0.104775);
#2044=DIRECTION('',(0.0,0.0,1.0));
#2035=ORIENTED_EDGE('',*,*,#2036,.F.);
#2045=STYLED_ITEM($,(#34),#2046);
#2046=ADVANCED_FACE($,(#2052),#2047,.T.);
#2047=CYLINDRICAL_SURFACE($,#2048,0.20955);
#2048=AXIS2_PLACEMENT_3D($,#2049,#2050,#2051);
#2049=CARTESIAN_POINT('',(-2.935,0.335,0.21));
#2050=DIRECTION('',(0.0,-1.0,0.0));
#2051=DIRECTION('',(0.,0.,1.));
#2052=FACE_OUTER_BOUND($,#2053,.T.);
#2053=EDGE_LOOP($,(#2065,#2075,#2086,#2054));
#2065=ORIENTED_EDGE('',*,*,#1732,.T.);
#2076=EDGE_CURVE($,#1831,#1723,#2081,.T.);
#2081=CIRCLE($,#2082,0.20955);
#2083=CARTESIAN_POINT('',(-2.935,0.935,0.21));
#2082=AXIS2_PLACEMENT_3D($,#2083,#2084,#2085);
#2084=DIRECTION('',(0.0,1.0,0.0));
#2085=DIRECTION('',(0.793,0.0,0.609));
#2075=ORIENTED_EDGE('',*,*,#2076,.F.);
#2086=ORIENTED_EDGE('',*,*,#1830,.T.);
#2055=EDGE_CURVE($,#1733,#1821,#2060,.T.);
#2060=CIRCLE($,#2061,0.20955);
#2062=CARTESIAN_POINT('',(-2.935,0.335,0.21));
#2061=AXIS2_PLACEMENT_3D($,#2062,#2063,#2064);
#2063=DIRECTION('',(0.0,-1.0,0.0));
#2064=DIRECTION('',(-0.793,0.0,-0.609));
#2054=ORIENTED_EDGE('',*,*,#2055,.F.);
#2096=STYLED_ITEM($,(#34),#2097);
#2097=ADVANCED_FACE($,(#2103),#2098,.F.);
#2098=CYLINDRICAL_SURFACE($,#2099,0.104775);
#2099=AXIS2_PLACEMENT_3D($,#2100,#2101,#2102);
#2100=CARTESIAN_POINT('',(-2.935,0.935,0.21));
#2101=DIRECTION('',(0.0,-1.0,0.0));
#2102=DIRECTION('',(0.,0.,-1.));
#2103=FACE_OUTER_BOUND($,#2104,.T.);
#2104=EDGE_LOOP($,(#2116,#2126,#2137,#2105));
#2116=ORIENTED_EDGE('',*,*,#1781,.T.);
#2127=EDGE_CURVE($,#1880,#1772,#2132,.T.);
#2132=CIRCLE($,#2133,0.104775);
#2133=AXIS2_PLACEMENT_3D($,#2062,#2135,#2136);
#2135=DIRECTION('',(0.0,1.0,0.0));
#2136=DIRECTION('',(0.793,0.0,0.609));
#2126=ORIENTED_EDGE('',*,*,#2127,.F.);
#2137=ORIENTED_EDGE('',*,*,#1879,.T.);
#2106=EDGE_CURVE($,#1782,#1870,#2111,.T.);
#2111=CIRCLE($,#2112,0.104775);
#2112=AXIS2_PLACEMENT_3D($,#2083,#2114,#2115);
#2114=DIRECTION('',(0.0,-1.0,0.0));
#2115=DIRECTION('',(-0.793,0.0,-0.609));
#2105=ORIENTED_EDGE('',*,*,#2106,.F.);
#2147=STYLED_ITEM($,(#34),#2148);
#2148=ADVANCED_FACE($,(#2154),#2149,.F.);
#2149=CYLINDRICAL_SURFACE($,#2150,0.104775);
#2150=AXIS2_PLACEMENT_3D($,#2151,#2152,#2153);
#2151=CARTESIAN_POINT('',(-3.26,0.935,0.21));
#2152=DIRECTION('',(0.0,-1.0,0.0));
#2153=DIRECTION('',(0.,0.,1.));
#2154=FACE_OUTER_BOUND($,#2155,.T.);
#2155=EDGE_LOOP($,(#2167,#2177,#2188,#2156));
#2167=ORIENTED_EDGE('',*,*,#1928,.T.);
#2178=EDGE_CURVE($,#1811,#1919,#2183,.T.);
#2183=CIRCLE($,#2184,0.104775);
#2185=CARTESIAN_POINT('',(-3.26,0.335,0.21));
#2184=AXIS2_PLACEMENT_3D($,#2185,#2186,#2187);
#2186=DIRECTION('',(0.0,1.0,0.0));
#2187=DIRECTION('',(-0.793,0.0,-0.609));
#2177=ORIENTED_EDGE('',*,*,#2178,.F.);
#2188=ORIENTED_EDGE('',*,*,#1810,.T.);
#2157=EDGE_CURVE($,#1929,#1813,#2162,.T.);
#2162=CIRCLE($,#2163,0.104775);
#2164=CARTESIAN_POINT('',(-3.26,0.935,0.21));
#2163=AXIS2_PLACEMENT_3D($,#2164,#2165,#2166);
#2165=DIRECTION('',(0.0,-1.0,0.0));
#2166=DIRECTION('',(0.793,0.0,0.609));
#2156=ORIENTED_EDGE('',*,*,#2157,.F.);
#2198=STYLED_ITEM($,(#34),#2199);
#2199=ADVANCED_FACE($,(#2205),#2200,.T.);
#2200=CYLINDRICAL_SURFACE($,#2201,0.20955);
#2201=AXIS2_PLACEMENT_3D($,#2202,#2203,#2204);
#2202=CARTESIAN_POINT('',(-3.26,0.935,0.21));
#2203=DIRECTION('',(0.0,-1.0,0.0));
#2204=DIRECTION('',(0.,0.,-1.));
#2205=FACE_OUTER_BOUND($,#2206,.T.);
#2206=EDGE_LOOP($,(#2218,#2228,#2239,#2207));
#2218=ORIENTED_EDGE('',*,*,#1957,.T.);
#2229=EDGE_CURVE($,#1860,#1960,#2234,.T.);
#2234=CIRCLE($,#2235,0.20955);
#2235=AXIS2_PLACEMENT_3D($,#2164,#2237,#2238);
#2237=DIRECTION('',(0.0,1.0,0.0));
#2238=DIRECTION('',(-0.793,0.0,-0.609));
#2228=ORIENTED_EDGE('',*,*,#2229,.F.);
#2239=ORIENTED_EDGE('',*,*,#1859,.T.);
#2208=EDGE_CURVE($,#1958,#1862,#2213,.T.);
#2213=CIRCLE($,#2214,0.20955);
#2214=AXIS2_PLACEMENT_3D($,#2185,#2216,#2217);
#2216=DIRECTION('',(0.0,-1.0,0.0));
#2217=DIRECTION('',(0.793,0.0,0.609));
#2207=ORIENTED_EDGE('',*,*,#2208,.F.);
#2249=STYLED_ITEM('color',(#34),#2250);
#2250=ADVANCED_FACE($,(#2256),#2251,.T.);
#2251=PLANE($,#2252);
#2252=AXIS2_PLACEMENT_3D($,#2253,#2254,#2255);
#2253=CARTESIAN_POINT('',(-1.994,0.935,0.314));
#2254=DIRECTION('',(0.0,1.0,0.0));
#2255=DIRECTION('',(1.,0.,0.));
#2256=FACE_OUTER_BOUND($,#2257,.T.);
#2257=EDGE_LOOP($,(#2260, #2270, #2280, #2343, #2354, #2290, #2301, #2311, #2321, #2331, #2364, #2374));
#2260=ORIENTED_EDGE('',*,*,#1722,.T.);
#2270=ORIENTED_EDGE('',*,*,#1673,.T.);
#2280=ORIENTED_EDGE('',*,*,#1791,.T.);
#2343=ORIENTED_EDGE('',*,*,#2106,.T.);
#2354=ORIENTED_EDGE('',*,*,#1869,.T.);
#2290=ORIENTED_EDGE('',*,*,#2229,.T.);
#2301=ORIENTED_EDGE('',*,*,#1987,.T.);
#2311=ORIENTED_EDGE('',*,*,#2036,.T.);
#2321=ORIENTED_EDGE('',*,*,#1938,.T.);
#2331=ORIENTED_EDGE('',*,*,#2157,.T.);
#2364=ORIENTED_EDGE('',*,*,#1840,.T.);
#2374=ORIENTED_EDGE('',*,*,#2076,.T.);
#2385=STYLED_ITEM('color',(#34),#2386);
#2386=ADVANCED_FACE($,(#2392),#2387,.T.);
#2387=PLANE($,#2388);
#2388=AXIS2_PLACEMENT_3D($,#2389,#2390,#2391);
#2389=CARTESIAN_POINT('',(-3.26,0.335,0.105));
#2390=DIRECTION('',(0.0,-1.0,0.0));
#2391=DIRECTION('',(1.,0.,0.));
#2392=FACE_OUTER_BOUND($,#2393,.T.);
#2393=EDGE_LOOP($,(#2396, #2406, #2416, #2479, #2490, #2426, #2437, #2447, #2457, #2467, #2500, #2510));
#2396=ORIENTED_EDGE('',*,*,#1771,.T.);
#2406=ORIENTED_EDGE('',*,*,#1693,.T.);
#2416=ORIENTED_EDGE('',*,*,#1742,.T.);
#2479=ORIENTED_EDGE('',*,*,#2055,.T.);
#2490=ORIENTED_EDGE('',*,*,#1820,.T.);
#2426=ORIENTED_EDGE('',*,*,#2178,.T.);
#2437=ORIENTED_EDGE('',*,*,#1918,.T.);
#2447=ORIENTED_EDGE('',*,*,#2016,.T.);
#2457=ORIENTED_EDGE('',*,*,#1967,.T.);
#2467=ORIENTED_EDGE('',*,*,#2208,.T.);
#2500=ORIENTED_EDGE('',*,*,#1889,.T.);
#2510=ORIENTED_EDGE('',*,*,#2127,.T.);
#2521=MANIFOLD_SOLID_BREP($,#2522);
#2522=CLOSED_SHELL('',(#2524,#2573,#2622,#2671,#2720,#2769,#2818,#2867,#2916,#2967,#3018,#3069,#3120,#3256));
#2523=STYLED_ITEM('',(#34),#2524);
#2524=ADVANCED_FACE('',(#2530),#2525,.T.);
#2525=PLANE('',#2526);
#2526=AXIS2_PLACEMENT_3D('',#2527,#2528,#2529);
#2527=CARTESIAN_POINT('',(-1.994,-0.935,0.314));
#2528=DIRECTION('',(1.0,0.0,0.0));
#2529=DIRECTION('',(0.,0.,1.));
#2530=FACE_OUTER_BOUND('',#2531,.T.);
#2531=EDGE_LOOP('',(#2532,#2542,#2552,#2562));
#2535=CARTESIAN_POINT('',(-1.994,-0.335,0.314));
#2534=VERTEX_POINT('',#2535);
#2537=CARTESIAN_POINT('',(-1.994,-0.935,0.314));
#2536=VERTEX_POINT('',#2537);
#2533=EDGE_CURVE('',#2534,#2536,#2538,.T.);
#2538=LINE('',#2535,#2540);
#2540=VECTOR('',#2541,0.600455989829251);
#2541=DIRECTION('',(0.0,-1.0,0.0));
#2532=ORIENTED_EDGE('',*,*,#2533,.F.);
#2545=CARTESIAN_POINT('',(-1.994,-0.335,0.419));
#2544=VERTEX_POINT('',#2545);
#2543=EDGE_CURVE('',#2544,#2534,#2548,.T.);
#2548=LINE('',#2545,#2550);
#2550=VECTOR('',#2551,0.104775);
#2551=DIRECTION('',(0.0,0.0,-1.0));
#2542=ORIENTED_EDGE('',*,*,#2543,.F.);
#2555=CARTESIAN_POINT('',(-1.994,-0.935,0.419));
#2554=VERTEX_POINT('',#2555);
#2553=EDGE_CURVE('',#2554,#2544,#2558,.T.);
#2558=LINE('',#2555,#2560);
#2560=VECTOR('',#2561,0.600455989829251);
#2561=DIRECTION('',(0.0,1.0,0.0));
#2552=ORIENTED_EDGE('',*,*,#2553,.F.);
#2563=EDGE_CURVE('',#2536,#2554,#2568,.T.);
#2568=LINE('',#2537,#2570);
#2570=VECTOR('',#2571,0.104775);
#2571=DIRECTION('',(0.0,0.0,1.0));
#2562=ORIENTED_EDGE('',*,*,#2563,.F.);
#2572=STYLED_ITEM('',(#34),#2573);
#2573=ADVANCED_FACE('',(#2579),#2574,.T.);
#2574=PLANE('',#2575);
#2575=AXIS2_PLACEMENT_3D('',#2576,#2577,#2578);
#2576=CARTESIAN_POINT('',(-1.994,-0.935,0.419));
#2577=DIRECTION('',(0.0,0.0,1.0));
#2578=DIRECTION('',(0.,1.,0.));
#2579=FACE_OUTER_BOUND('',#2580,.T.);
#2580=EDGE_LOOP('',(#2581,#2591,#2601,#2611));
#2581=ORIENTED_EDGE('',*,*,#2553,.T.);
#2594=CARTESIAN_POINT('',(-2.935,-0.335,0.419));
#2593=VERTEX_POINT('',#2594);
#2592=EDGE_CURVE('',#2593,#2544,#2597,.T.);
#2597=LINE('',#2594,#2599);
#2599=VECTOR('',#2600,0.940987675246993);
#2600=DIRECTION('',(1.0,0.0,0.0));
#2591=ORIENTED_EDGE('',*,*,#2592,.F.);
#2604=CARTESIAN_POINT('',(-2.935,-0.935,0.419));
#2603=VERTEX_POINT('',#2604);
#2602=EDGE_CURVE('',#2603,#2593,#2607,.T.);
#2607=LINE('',#2604,#2609);
#2609=VECTOR('',#2610,0.600455989952337);
#2610=DIRECTION('',(0.0,1.0,0.0));
#2601=ORIENTED_EDGE('',*,*,#2602,.F.);
#2612=EDGE_CURVE('',#2554,#2603,#2617,.T.);
#2617=LINE('',#2555,#2619);
#2619=VECTOR('',#2620,0.940987675246993);
#2620=DIRECTION('',(-1.0,0.0,0.0));
#2611=ORIENTED_EDGE('',*,*,#2612,.F.);
#2621=STYLED_ITEM('',(#34),#2622);
#2622=ADVANCED_FACE('',(#2628),#2623,.T.);
#2623=PLANE('',#2624);
#2624=AXIS2_PLACEMENT_3D('',#2625,#2626,#2627);
#2625=CARTESIAN_POINT('',(-1.994,-0.335,0.314));
#2626=DIRECTION('',(0.0,0.0,-1.0));
#2627=DIRECTION('',(0.,1.,0.));
#2628=FACE_OUTER_BOUND('',#2629,.T.);
#2629=EDGE_LOOP('',(#2630,#2640,#2650,#2660));
#2630=ORIENTED_EDGE('',*,*,#2533,.T.);
#2643=CARTESIAN_POINT('',(-2.935,-0.935,0.314));
#2642=VERTEX_POINT('',#2643);
#2641=EDGE_CURVE('',#2642,#2536,#2646,.T.);
#2646=LINE('',#2643,#2648);
#2648=VECTOR('',#2649,0.940987675246993);
#2649=DIRECTION('',(1.0,0.0,0.0));
#2640=ORIENTED_EDGE('',*,*,#2641,.F.);
#2653=CARTESIAN_POINT('',(-2.935,-0.335,0.314));
#2652=VERTEX_POINT('',#2653);
#2651=EDGE_CURVE('',#2652,#2642,#2656,.T.);
#2656=LINE('',#2653,#2658);
#2658=VECTOR('',#2659,0.600455989952337);
#2659=DIRECTION('',(0.0,-1.0,0.0));
#2650=ORIENTED_EDGE('',*,*,#2651,.F.);
#2661=EDGE_CURVE('',#2534,#2652,#2666,.T.);
#2666=LINE('',#2535,#2668);
#2668=VECTOR('',#2669,0.940987675246993);
#2669=DIRECTION('',(-1.0,0.0,0.0));
#2660=ORIENTED_EDGE('',*,*,#2661,.F.);
#2670=STYLED_ITEM('',(#34),#2671);
#2671=ADVANCED_FACE('',(#2677),#2672,.T.);
#2672=PLANE('',#2673);
#2673=AXIS2_PLACEMENT_3D('',#2674,#2675,#2676);
#2674=CARTESIAN_POINT('',(-3.159,-0.335,0.182));
#2675=DIRECTION('',(-0.966,0.0,0.259));
#2676=DIRECTION('',(0.,0.,1.));
#2677=FACE_OUTER_BOUND('',#2678,.T.);
#2678=EDGE_LOOP('',(#2679,#2689,#2699,#2709));
#2682=CARTESIAN_POINT('',(-3.159,-0.935,0.182));
#2681=VERTEX_POINT('',#2682);
#2684=CARTESIAN_POINT('',(-3.159,-0.335,0.182));
#2683=VERTEX_POINT('',#2684);
#2680=EDGE_CURVE('',#2681,#2683,#2685,.T.);
#2685=LINE('',#2682,#2687);
#2687=VECTOR('',#2688,0.600455990036603);
#2688=DIRECTION('',(0.0,1.0,0.0));
#2679=ORIENTED_EDGE('',*,*,#2680,.F.);
#2692=CARTESIAN_POINT('',(-3.137,-0.935,0.264));
#2691=VERTEX_POINT('',#2692);
#2690=EDGE_CURVE('',#2691,#2681,#2695,.T.);
#2695=LINE('',#2692,#2697);
#2697=VECTOR('',#2698,0.0842220986750953);
#2698=DIRECTION('',(-0.259,0.0,-0.966));
#2689=ORIENTED_EDGE('',*,*,#2690,.F.);
#2702=CARTESIAN_POINT('',(-3.137,-0.335,0.264));
#2701=VERTEX_POINT('',#2702);
#2700=EDGE_CURVE('',#2701,#2691,#2705,.T.);
#2705=LINE('',#2702,#2707);
#2707=VECTOR('',#2708,0.600455990026153);
#2708=DIRECTION('',(0.0,-1.0,0.0));
#2699=ORIENTED_EDGE('',*,*,#2700,.F.);
#2710=EDGE_CURVE('',#2683,#2701,#2715,.T.);
#2715=LINE('',#2684,#2717);
#2717=VECTOR('',#2718,0.0842220986750952);
#2718=DIRECTION('',(0.259,0.0,0.966));
#2709=ORIENTED_EDGE('',*,*,#2710,.F.);
#2719=STYLED_ITEM('',(#34),#2720);
#2720=ADVANCED_FACE('',(#2726),#2721,.T.);
#2721=PLANE('',#2722);
#2722=AXIS2_PLACEMENT_3D('',#2723,#2724,#2725);
#2723=CARTESIAN_POINT('',(-3.058,-0.935,0.155));
#2724=DIRECTION('',(0.966,0.0,-0.259));
#2725=DIRECTION('',(0.,0.,1.));
#2726=FACE_OUTER_BOUND('',#2727,.T.);
#2727=EDGE_LOOP('',(#2728,#2738,#2748,#2758));
#2731=CARTESIAN_POINT('',(-3.058,-0.335,0.155));
#2730=VERTEX_POINT('',#2731);
#2733=CARTESIAN_POINT('',(-3.058,-0.935,0.155));
#2732=VERTEX_POINT('',#2733);
#2729=EDGE_CURVE('',#2730,#2732,#2734,.T.);
#2734=LINE('',#2731,#2736);
#2736=VECTOR('',#2737,0.600455989992747);
#2737=DIRECTION('',(0.0,-1.0,0.0));
#2728=ORIENTED_EDGE('',*,*,#2729,.F.);
#2741=CARTESIAN_POINT('',(-3.036,-0.335,0.237));
#2740=VERTEX_POINT('',#2741);
#2739=EDGE_CURVE('',#2740,#2730,#2744,.T.);
#2744=LINE('',#2741,#2746);
#2746=VECTOR('',#2747,0.0842220986762304);
#2747=DIRECTION('',(-0.259,0.0,-0.966));
#2738=ORIENTED_EDGE('',*,*,#2739,.F.);
#2751=CARTESIAN_POINT('',(-3.036,-0.935,0.237));
#2750=VERTEX_POINT('',#2751);
#2749=EDGE_CURVE('',#2750,#2740,#2754,.T.);
#2754=LINE('',#2751,#2756);
#2756=VECTOR('',#2757,0.600455989984688);
#2757=DIRECTION('',(0.0,1.0,0.0));
#2748=ORIENTED_EDGE('',*,*,#2749,.F.);
#2759=EDGE_CURVE('',#2732,#2750,#2764,.T.);
#2764=LINE('',#2733,#2766);
#2766=VECTOR('',#2767,0.0842220986762304);
#2767=DIRECTION('',(0.259,0.0,0.966));
#2758=ORIENTED_EDGE('',*,*,#2759,.F.);
#2768=STYLED_ITEM('',(#34),#2769);
#2769=ADVANCED_FACE('',(#2775),#2770,.T.);
#2770=PLANE('',#2771);
#2771=AXIS2_PLACEMENT_3D('',#2772,#2773,#2774);
#2772=CARTESIAN_POINT('',(-4.201,-0.335,0.105));
#2773=DIRECTION('',(0.0,0.0,1.0));
#2774=DIRECTION('',(0.,1.,0.));
#2775=FACE_OUTER_BOUND('',#2776,.T.);
#2776=EDGE_LOOP('',(#2777,#2787,#2797,#2807));
#2780=CARTESIAN_POINT('',(-4.201,-0.935,0.105));
#2779=VERTEX_POINT('',#2780);
#2782=CARTESIAN_POINT('',(-4.201,-0.335,0.105));
#2781=VERTEX_POINT('',#2782);
#2778=EDGE_CURVE('',#2779,#2781,#2783,.T.);
#2783=LINE('',#2780,#2785);
#2785=VECTOR('',#2786,0.600456);
#2786=DIRECTION('',(0.0,1.0,0.0));
#2777=ORIENTED_EDGE('',*,*,#2778,.F.);
#2790=CARTESIAN_POINT('',(-3.26,-0.935,0.105));
#2789=VERTEX_POINT('',#2790);
#2788=EDGE_CURVE('',#2789,#2779,#2793,.T.);
#2793=LINE('',#2790,#2795);
#2795=VECTOR('',#2796,0.940987669281998);
#2796=DIRECTION('',(-1.0,0.0,0.0));
#2787=ORIENTED_EDGE('',*,*,#2788,.F.);
#2800=CARTESIAN_POINT('',(-3.26,-0.335,0.105));
#2799=VERTEX_POINT('',#2800);
#2798=EDGE_CURVE('',#2799,#2789,#2803,.T.);
#2803=LINE('',#2800,#2805);
#2805=VECTOR('',#2806,0.600455990094297);
#2806=DIRECTION('',(0.0,-1.0,0.0));
#2797=ORIENTED_EDGE('',*,*,#2798,.F.);
#2808=EDGE_CURVE('',#2781,#2799,#2813,.T.);
#2813=LINE('',#2782,#2815);
#2815=VECTOR('',#2816,0.940987669281998);
#2816=DIRECTION('',(1.0,0.0,0.0));
#2807=ORIENTED_EDGE('',*,*,#2808,.F.);
#2817=STYLED_ITEM('',(#34),#2818);
#2818=ADVANCED_FACE('',(#2824),#2819,.T.);
#2819=PLANE('',#2820);
#2820=AXIS2_PLACEMENT_3D('',#2821,#2822,#2823);
#2821=CARTESIAN_POINT('',(-3.26,-0.335,0.0));
#2822=DIRECTION('',(0.0,0.0,-1.0));
#2823=DIRECTION('',(0.,1.,0.));
#2824=FACE_OUTER_BOUND('',#2825,.T.);
#2825=EDGE_LOOP('',(#2826,#2836,#2846,#2856));
#2829=CARTESIAN_POINT('',(-3.26,-0.935,0.0));
#2828=VERTEX_POINT('',#2829);
#2831=CARTESIAN_POINT('',(-3.26,-0.335,0.0));
#2830=VERTEX_POINT('',#2831);
#2827=EDGE_CURVE('',#2828,#2830,#2832,.T.);
#2832=LINE('',#2829,#2834);
#2834=VECTOR('',#2835,0.600455990094297);
#2835=DIRECTION('',(0.0,1.0,0.0));
#2826=ORIENTED_EDGE('',*,*,#2827,.F.);
#2839=CARTESIAN_POINT('',(-4.201,-0.935,0.0));
#2838=VERTEX_POINT('',#2839);
#2837=EDGE_CURVE('',#2838,#2828,#2842,.T.);
#2842=LINE('',#2839,#2844);
#2844=VECTOR('',#2845,0.940987669281998);
#2845=DIRECTION('',(1.0,0.0,0.0));
#2836=ORIENTED_EDGE('',*,*,#2837,.F.);
#2849=CARTESIAN_POINT('',(-4.201,-0.335,0.0));
#2848=VERTEX_POINT('',#2849);
#2847=EDGE_CURVE('',#2848,#2838,#2852,.T.);
#2852=LINE('',#2849,#2854);
#2854=VECTOR('',#2855,0.600456);
#2855=DIRECTION('',(0.0,-1.0,0.0));
#2846=ORIENTED_EDGE('',*,*,#2847,.F.);
#2857=EDGE_CURVE('',#2830,#2848,#2862,.T.);
#2862=LINE('',#2831,#2864);
#2864=VECTOR('',#2865,0.940987669281998);
#2865=DIRECTION('',(-1.0,0.0,0.0));
#2856=ORIENTED_EDGE('',*,*,#2857,.F.);
#2866=STYLED_ITEM('',(#34),#2867);
#2867=ADVANCED_FACE('',(#2873),#2868,.T.);
#2868=PLANE('',#2869);
#2869=AXIS2_PLACEMENT_3D('',#2870,#2871,#2872);
#2870=CARTESIAN_POINT('',(-4.201,-0.335,0.0));
#2871=DIRECTION('',(-1.0,0.0,0.0));
#2872=DIRECTION('',(0.,0.,1.));
#2873=FACE_OUTER_BOUND('',#2874,.T.);
#2874=EDGE_LOOP('',(#2875,#2885,#2895,#2905));
#2875=ORIENTED_EDGE('',*,*,#2847,.T.);
#2886=EDGE_CURVE('',#2779,#2838,#2891,.T.);
#2891=LINE('',#2780,#2893);
#2893=VECTOR('',#2894,0.104775);
#2894=DIRECTION('',(0.0,0.0,-1.0));
#2885=ORIENTED_EDGE('',*,*,#2886,.F.);
#2895=ORIENTED_EDGE('',*,*,#2778,.T.);
#2906=EDGE_CURVE('',#2848,#2781,#2911,.T.);
#2911=LINE('',#2849,#2913);
#2913=VECTOR('',#2914,0.104775);
#2914=DIRECTION('',(0.0,0.0,1.0));
#2905=ORIENTED_EDGE('',*,*,#2906,.F.);
#2915=STYLED_ITEM($,(#34),#2916);
#2916=ADVANCED_FACE($,(#2922),#2917,.T.);
#2917=CYLINDRICAL_SURFACE($,#2918,0.20955);
#2918=AXIS2_PLACEMENT_3D($,#2919,#2920,#2921);
#2919=CARTESIAN_POINT('',(-2.935,-0.935,0.21));
#2920=DIRECTION('',(0.0,-1.0,0.0));
#2921=DIRECTION('',(0.,0.,1.));
#2922=FACE_OUTER_BOUND($,#2923,.T.);
#2923=EDGE_LOOP($,(#2935,#2945,#2956,#2924));
#2935=ORIENTED_EDGE('',*,*,#2602,.T.);
#2946=EDGE_CURVE($,#2701,#2593,#2951,.T.);
#2951=CIRCLE($,#2952,0.20955);
#2953=CARTESIAN_POINT('',(-2.935,-0.335,0.21));
#2952=AXIS2_PLACEMENT_3D($,#2953,#2954,#2955);
#2954=DIRECTION('',(0.0,1.0,0.0));
#2955=DIRECTION('',(0.793,0.0,0.609));
#2945=ORIENTED_EDGE('',*,*,#2946,.F.);
#2956=ORIENTED_EDGE('',*,*,#2700,.T.);
#2925=EDGE_CURVE($,#2603,#2691,#2930,.T.);
#2930=CIRCLE($,#2931,0.20955);
#2932=CARTESIAN_POINT('',(-2.935,-0.935,0.21));
#2931=AXIS2_PLACEMENT_3D($,#2932,#2933,#2934);
#2933=DIRECTION('',(0.0,-1.0,0.0));
#2934=DIRECTION('',(-0.793,0.0,-0.609));
#2924=ORIENTED_EDGE('',*,*,#2925,.F.);
#2966=STYLED_ITEM($,(#34),#2967);
#2967=ADVANCED_FACE($,(#2973),#2968,.F.);
#2968=CYLINDRICAL_SURFACE($,#2969,0.104775);
#2969=AXIS2_PLACEMENT_3D($,#2970,#2971,#2972);
#2970=CARTESIAN_POINT('',(-2.935,-0.335,0.21));
#2971=DIRECTION('',(0.0,-1.0,0.0));
#2972=DIRECTION('',(0.,0.,-1.));
#2973=FACE_OUTER_BOUND($,#2974,.T.);
#2974=EDGE_LOOP($,(#2986,#2996,#3007,#2975));
#2986=ORIENTED_EDGE('',*,*,#2651,.T.);
#2997=EDGE_CURVE($,#2750,#2642,#3002,.T.);
#3002=CIRCLE($,#3003,0.104775);
#3003=AXIS2_PLACEMENT_3D($,#2932,#3005,#3006);
#3005=DIRECTION('',(0.0,1.0,0.0));
#3006=DIRECTION('',(0.793,0.0,0.609));
#2996=ORIENTED_EDGE('',*,*,#2997,.F.);
#3007=ORIENTED_EDGE('',*,*,#2749,.T.);
#2976=EDGE_CURVE($,#2652,#2740,#2981,.T.);
#2981=CIRCLE($,#2982,0.104775);
#2982=AXIS2_PLACEMENT_3D($,#2953,#2984,#2985);
#2984=DIRECTION('',(0.0,-1.0,0.0));
#2985=DIRECTION('',(-0.793,0.0,-0.609));
#2975=ORIENTED_EDGE('',*,*,#2976,.F.);
#3017=STYLED_ITEM($,(#34),#3018);
#3018=ADVANCED_FACE($,(#3024),#3019,.F.);
#3019=CYLINDRICAL_SURFACE($,#3020,0.104775);
#3020=AXIS2_PLACEMENT_3D($,#3021,#3022,#3023);
#3021=CARTESIAN_POINT('',(-3.26,-0.335,0.21));
#3022=DIRECTION('',(0.0,-1.0,0.0));
#3023=DIRECTION('',(0.,0.,1.));
#3024=FACE_OUTER_BOUND($,#3025,.T.);
#3025=EDGE_LOOP($,(#3037,#3047,#3058,#3026));
#3037=ORIENTED_EDGE('',*,*,#2798,.T.);
#3048=EDGE_CURVE($,#2681,#2789,#3053,.T.);
#3053=CIRCLE($,#3054,0.104775);
#3055=CARTESIAN_POINT('',(-3.26,-0.935,0.21));
#3054=AXIS2_PLACEMENT_3D($,#3055,#3056,#3057);
#3056=DIRECTION('',(0.0,1.0,0.0));
#3057=DIRECTION('',(-0.793,0.0,-0.609));
#3047=ORIENTED_EDGE('',*,*,#3048,.F.);
#3058=ORIENTED_EDGE('',*,*,#2680,.T.);
#3027=EDGE_CURVE($,#2799,#2683,#3032,.T.);
#3032=CIRCLE($,#3033,0.104775);
#3034=CARTESIAN_POINT('',(-3.26,-0.335,0.21));
#3033=AXIS2_PLACEMENT_3D($,#3034,#3035,#3036);
#3035=DIRECTION('',(0.0,-1.0,0.0));
#3036=DIRECTION('',(0.793,0.0,0.609));
#3026=ORIENTED_EDGE('',*,*,#3027,.F.);
#3068=STYLED_ITEM($,(#34),#3069);
#3069=ADVANCED_FACE($,(#3075),#3070,.T.);
#3070=CYLINDRICAL_SURFACE($,#3071,0.20955);
#3071=AXIS2_PLACEMENT_3D($,#3072,#3073,#3074);
#3072=CARTESIAN_POINT('',(-3.26,-0.335,0.21));
#3073=DIRECTION('',(0.0,-1.0,0.0));
#3074=DIRECTION('',(0.,0.,-1.));
#3075=FACE_OUTER_BOUND($,#3076,.T.);
#3076=EDGE_LOOP($,(#3088,#3098,#3109,#3077));
#3088=ORIENTED_EDGE('',*,*,#2827,.T.);
#3099=EDGE_CURVE($,#2730,#2830,#3104,.T.);
#3104=CIRCLE($,#3105,0.20955);
#3105=AXIS2_PLACEMENT_3D($,#3034,#3107,#3108);
#3107=DIRECTION('',(0.0,1.0,0.0));
#3108=DIRECTION('',(-0.793,0.0,-0.609));
#3098=ORIENTED_EDGE('',*,*,#3099,.F.);
#3109=ORIENTED_EDGE('',*,*,#2729,.T.);
#3078=EDGE_CURVE($,#2828,#2732,#3083,.T.);
#3083=CIRCLE($,#3084,0.20955);
#3084=AXIS2_PLACEMENT_3D($,#3055,#3086,#3087);
#3086=DIRECTION('',(0.0,-1.0,0.0));
#3087=DIRECTION('',(0.793,0.0,0.609));
#3077=ORIENTED_EDGE('',*,*,#3078,.F.);
#3119=STYLED_ITEM('color',(#34),#3120);
#3120=ADVANCED_FACE($,(#3126),#3121,.T.);
#3121=PLANE($,#3122);
#3122=AXIS2_PLACEMENT_3D($,#3123,#3124,#3125);
#3123=CARTESIAN_POINT('',(-1.994,-0.335,0.314));
#3124=DIRECTION('',(0.0,1.0,0.0));
#3125=DIRECTION('',(1.,0.,0.));
#3126=FACE_OUTER_BOUND($,#3127,.T.);
#3127=EDGE_LOOP($,(#3130, #3140, #3150, #3213, #3224, #3160, #3171, #3181, #3191, #3201, #3234, #3244));
#3130=ORIENTED_EDGE('',*,*,#2592,.T.);
#3140=ORIENTED_EDGE('',*,*,#2543,.T.);
#3150=ORIENTED_EDGE('',*,*,#2661,.T.);
#3213=ORIENTED_EDGE('',*,*,#2976,.T.);
#3224=ORIENTED_EDGE('',*,*,#2739,.T.);
#3160=ORIENTED_EDGE('',*,*,#3099,.T.);
#3171=ORIENTED_EDGE('',*,*,#2857,.T.);
#3181=ORIENTED_EDGE('',*,*,#2906,.T.);
#3191=ORIENTED_EDGE('',*,*,#2808,.T.);
#3201=ORIENTED_EDGE('',*,*,#3027,.T.);
#3234=ORIENTED_EDGE('',*,*,#2710,.T.);
#3244=ORIENTED_EDGE('',*,*,#2946,.T.);
#3255=STYLED_ITEM('color',(#34),#3256);
#3256=ADVANCED_FACE($,(#3262),#3257,.T.);
#3257=PLANE($,#3258);
#3258=AXIS2_PLACEMENT_3D($,#3259,#3260,#3261);
#3259=CARTESIAN_POINT('',(-3.26,-0.935,0.105));
#3260=DIRECTION('',(0.0,-1.0,0.0));
#3261=DIRECTION('',(1.,0.,0.));
#3262=FACE_OUTER_BOUND($,#3263,.T.);
#3263=EDGE_LOOP($,(#3266, #3276, #3286, #3349, #3360, #3296, #3307, #3317, #3327, #3337, #3370, #3380));
#3266=ORIENTED_EDGE('',*,*,#2641,.T.);
#3276=ORIENTED_EDGE('',*,*,#2563,.T.);
#3286=ORIENTED_EDGE('',*,*,#2612,.T.);
#3349=ORIENTED_EDGE('',*,*,#2925,.T.);
#3360=ORIENTED_EDGE('',*,*,#2690,.T.);
#3296=ORIENTED_EDGE('',*,*,#3048,.T.);
#3307=ORIENTED_EDGE('',*,*,#2788,.T.);
#3317=ORIENTED_EDGE('',*,*,#2886,.T.);
#3327=ORIENTED_EDGE('',*,*,#2837,.T.);
#3337=ORIENTED_EDGE('',*,*,#3078,.T.);
#3370=ORIENTED_EDGE('',*,*,#2759,.T.);
#3380=ORIENTED_EDGE('',*,*,#2997,.T.);
#3391=MANIFOLD_SOLID_BREP($,#3392);
#3392=CLOSED_SHELL('',(#3394,#3443,#3492,#3541,#3590,#3639,#3688,#3737,#3786,#3837,#3888,#3939,#3990,#4126));
#3393=STYLED_ITEM('',(#34),#3394);
#3394=ADVANCED_FACE('',(#3400),#3395,.T.);
#3395=PLANE('',#3396);
#3396=AXIS2_PLACEMENT_3D('',#3397,#3398,#3399);
#3397=CARTESIAN_POINT('',(-1.994,-2.205,0.314));
#3398=DIRECTION('',(1.0,0.0,0.0));
#3399=DIRECTION('',(0.,0.,1.));
#3400=FACE_OUTER_BOUND('',#3401,.T.);
#3401=EDGE_LOOP('',(#3402,#3412,#3422,#3432));
#3405=CARTESIAN_POINT('',(-1.994,-1.605,0.314));
#3404=VERTEX_POINT('',#3405);
#3407=CARTESIAN_POINT('',(-1.994,-2.205,0.314));
#3406=VERTEX_POINT('',#3407);
#3403=EDGE_CURVE('',#3404,#3406,#3408,.T.);
#3408=LINE('',#3405,#3410);
#3410=VECTOR('',#3411,0.600455989829251);
#3411=DIRECTION('',(0.0,-1.0,0.0));
#3402=ORIENTED_EDGE('',*,*,#3403,.F.);
#3415=CARTESIAN_POINT('',(-1.994,-1.605,0.419));
#3414=VERTEX_POINT('',#3415);
#3413=EDGE_CURVE('',#3414,#3404,#3418,.T.);
#3418=LINE('',#3415,#3420);
#3420=VECTOR('',#3421,0.104775);
#3421=DIRECTION('',(0.0,0.0,-1.0));
#3412=ORIENTED_EDGE('',*,*,#3413,.F.);
#3425=CARTESIAN_POINT('',(-1.994,-2.205,0.419));
#3424=VERTEX_POINT('',#3425);
#3423=EDGE_CURVE('',#3424,#3414,#3428,.T.);
#3428=LINE('',#3425,#3430);
#3430=VECTOR('',#3431,0.600455989829251);
#3431=DIRECTION('',(0.0,1.0,0.0));
#3422=ORIENTED_EDGE('',*,*,#3423,.F.);
#3433=EDGE_CURVE('',#3406,#3424,#3438,.T.);
#3438=LINE('',#3407,#3440);
#3440=VECTOR('',#3441,0.104775);
#3441=DIRECTION('',(0.0,0.0,1.0));
#3432=ORIENTED_EDGE('',*,*,#3433,.F.);
#3442=STYLED_ITEM('',(#34),#3443);
#3443=ADVANCED_FACE('',(#3449),#3444,.T.);
#3444=PLANE('',#3445);
#3445=AXIS2_PLACEMENT_3D('',#3446,#3447,#3448);
#3446=CARTESIAN_POINT('',(-1.994,-2.205,0.419));
#3447=DIRECTION('',(0.0,0.0,1.0));
#3448=DIRECTION('',(0.,1.,0.));
#3449=FACE_OUTER_BOUND('',#3450,.T.);
#3450=EDGE_LOOP('',(#3451,#3461,#3471,#3481));
#3451=ORIENTED_EDGE('',*,*,#3423,.T.);
#3464=CARTESIAN_POINT('',(-2.935,-1.605,0.419));
#3463=VERTEX_POINT('',#3464);
#3462=EDGE_CURVE('',#3463,#3414,#3467,.T.);
#3467=LINE('',#3464,#3469);
#3469=VECTOR('',#3470,0.940987675246993);
#3470=DIRECTION('',(1.0,0.0,0.0));
#3461=ORIENTED_EDGE('',*,*,#3462,.F.);
#3474=CARTESIAN_POINT('',(-2.935,-2.205,0.419));
#3473=VERTEX_POINT('',#3474);
#3472=EDGE_CURVE('',#3473,#3463,#3477,.T.);
#3477=LINE('',#3474,#3479);
#3479=VECTOR('',#3480,0.600455989952337);
#3480=DIRECTION('',(0.0,1.0,0.0));
#3471=ORIENTED_EDGE('',*,*,#3472,.F.);
#3482=EDGE_CURVE('',#3424,#3473,#3487,.T.);
#3487=LINE('',#3425,#3489);
#3489=VECTOR('',#3490,0.940987675246993);
#3490=DIRECTION('',(-1.0,0.0,0.0));
#3481=ORIENTED_EDGE('',*,*,#3482,.F.);
#3491=STYLED_ITEM('',(#34),#3492);
#3492=ADVANCED_FACE('',(#3498),#3493,.T.);
#3493=PLANE('',#3494);
#3494=AXIS2_PLACEMENT_3D('',#3495,#3496,#3497);
#3495=CARTESIAN_POINT('',(-1.994,-1.605,0.314));
#3496=DIRECTION('',(0.0,0.0,-1.0));
#3497=DIRECTION('',(0.,1.,0.));
#3498=FACE_OUTER_BOUND('',#3499,.T.);
#3499=EDGE_LOOP('',(#3500,#3510,#3520,#3530));
#3500=ORIENTED_EDGE('',*,*,#3403,.T.);
#3513=CARTESIAN_POINT('',(-2.935,-2.205,0.314));
#3512=VERTEX_POINT('',#3513);
#3511=EDGE_CURVE('',#3512,#3406,#3516,.T.);
#3516=LINE('',#3513,#3518);
#3518=VECTOR('',#3519,0.940987675246993);
#3519=DIRECTION('',(1.0,0.0,0.0));
#3510=ORIENTED_EDGE('',*,*,#3511,.F.);
#3523=CARTESIAN_POINT('',(-2.935,-1.605,0.314));
#3522=VERTEX_POINT('',#3523);
#3521=EDGE_CURVE('',#3522,#3512,#3526,.T.);
#3526=LINE('',#3523,#3528);
#3528=VECTOR('',#3529,0.600455989952337);
#3529=DIRECTION('',(0.0,-1.0,0.0));
#3520=ORIENTED_EDGE('',*,*,#3521,.F.);
#3531=EDGE_CURVE('',#3404,#3522,#3536,.T.);
#3536=LINE('',#3405,#3538);
#3538=VECTOR('',#3539,0.940987675246993);
#3539=DIRECTION('',(-1.0,0.0,0.0));
#3530=ORIENTED_EDGE('',*,*,#3531,.F.);
#3540=STYLED_ITEM('',(#34),#3541);
#3541=ADVANCED_FACE('',(#3547),#3542,.T.);
#3542=PLANE('',#3543);
#3543=AXIS2_PLACEMENT_3D('',#3544,#3545,#3546);
#3544=CARTESIAN_POINT('',(-3.159,-1.605,0.182));
#3545=DIRECTION('',(-0.966,0.0,0.259));
#3546=DIRECTION('',(0.,0.,1.));
#3547=FACE_OUTER_BOUND('',#3548,.T.);
#3548=EDGE_LOOP('',(#3549,#3559,#3569,#3579));
#3552=CARTESIAN_POINT('',(-3.159,-2.205,0.182));
#3551=VERTEX_POINT('',#3552);
#3554=CARTESIAN_POINT('',(-3.159,-1.605,0.182));
#3553=VERTEX_POINT('',#3554);
#3550=EDGE_CURVE('',#3551,#3553,#3555,.T.);
#3555=LINE('',#3552,#3557);
#3557=VECTOR('',#3558,0.600455990036603);
#3558=DIRECTION('',(0.0,1.0,0.0));
#3549=ORIENTED_EDGE('',*,*,#3550,.F.);
#3562=CARTESIAN_POINT('',(-3.137,-2.205,0.264));
#3561=VERTEX_POINT('',#3562);
#3560=EDGE_CURVE('',#3561,#3551,#3565,.T.);
#3565=LINE('',#3562,#3567);
#3567=VECTOR('',#3568,0.0842220986750953);
#3568=DIRECTION('',(-0.259,0.0,-0.966));
#3559=ORIENTED_EDGE('',*,*,#3560,.F.);
#3572=CARTESIAN_POINT('',(-3.137,-1.605,0.264));
#3571=VERTEX_POINT('',#3572);
#3570=EDGE_CURVE('',#3571,#3561,#3575,.T.);
#3575=LINE('',#3572,#3577);
#3577=VECTOR('',#3578,0.600455990026153);
#3578=DIRECTION('',(0.0,-1.0,0.0));
#3569=ORIENTED_EDGE('',*,*,#3570,.F.);
#3580=EDGE_CURVE('',#3553,#3571,#3585,.T.);
#3585=LINE('',#3554,#3587);
#3587=VECTOR('',#3588,0.0842220986750952);
#3588=DIRECTION('',(0.259,0.0,0.966));
#3579=ORIENTED_EDGE('',*,*,#3580,.F.);
#3589=STYLED_ITEM('',(#34),#3590);
#3590=ADVANCED_FACE('',(#3596),#3591,.T.);
#3591=PLANE('',#3592);
#3592=AXIS2_PLACEMENT_3D('',#3593,#3594,#3595);
#3593=CARTESIAN_POINT('',(-3.058,-2.205,0.155));
#3594=DIRECTION('',(0.966,0.0,-0.259));
#3595=DIRECTION('',(0.,0.,1.));
#3596=FACE_OUTER_BOUND('',#3597,.T.);
#3597=EDGE_LOOP('',(#3598,#3608,#3618,#3628));
#3601=CARTESIAN_POINT('',(-3.058,-1.605,0.155));
#3600=VERTEX_POINT('',#3601);
#3603=CARTESIAN_POINT('',(-3.058,-2.205,0.155));
#3602=VERTEX_POINT('',#3603);
#3599=EDGE_CURVE('',#3600,#3602,#3604,.T.);
#3604=LINE('',#3601,#3606);
#3606=VECTOR('',#3607,0.600455989992747);
#3607=DIRECTION('',(0.0,-1.0,0.0));
#3598=ORIENTED_EDGE('',*,*,#3599,.F.);
#3611=CARTESIAN_POINT('',(-3.036,-1.605,0.237));
#3610=VERTEX_POINT('',#3611);
#3609=EDGE_CURVE('',#3610,#3600,#3614,.T.);
#3614=LINE('',#3611,#3616);
#3616=VECTOR('',#3617,0.0842220986762304);
#3617=DIRECTION('',(-0.259,0.0,-0.966));
#3608=ORIENTED_EDGE('',*,*,#3609,.F.);
#3621=CARTESIAN_POINT('',(-3.036,-2.205,0.237));
#3620=VERTEX_POINT('',#3621);
#3619=EDGE_CURVE('',#3620,#3610,#3624,.T.);
#3624=LINE('',#3621,#3626);
#3626=VECTOR('',#3627,0.600455989984688);
#3627=DIRECTION('',(0.0,1.0,0.0));
#3618=ORIENTED_EDGE('',*,*,#3619,.F.);
#3629=EDGE_CURVE('',#3602,#3620,#3634,.T.);
#3634=LINE('',#3603,#3636);
#3636=VECTOR('',#3637,0.0842220986762304);
#3637=DIRECTION('',(0.259,0.0,0.966));
#3628=ORIENTED_EDGE('',*,*,#3629,.F.);
#3638=STYLED_ITEM('',(#34),#3639);
#3639=ADVANCED_FACE('',(#3645),#3640,.T.);
#3640=PLANE('',#3641);
#3641=AXIS2_PLACEMENT_3D('',#3642,#3643,#3644);
#3642=CARTESIAN_POINT('',(-4.201,-1.605,0.105));
#3643=DIRECTION('',(0.0,0.0,1.0));
#3644=DIRECTION('',(0.,1.,0.));
#3645=FACE_OUTER_BOUND('',#3646,.T.);
#3646=EDGE_LOOP('',(#3647,#3657,#3667,#3677));
#3650=CARTESIAN_POINT('',(-4.201,-2.205,0.105));
#3649=VERTEX_POINT('',#3650);
#3652=CARTESIAN_POINT('',(-4.201,-1.605,0.105));
#3651=VERTEX_POINT('',#3652);
#3648=EDGE_CURVE('',#3649,#3651,#3653,.T.);
#3653=LINE('',#3650,#3655);
#3655=VECTOR('',#3656,0.600456);
#3656=DIRECTION('',(0.0,1.0,0.0));
#3647=ORIENTED_EDGE('',*,*,#3648,.F.);
#3660=CARTESIAN_POINT('',(-3.26,-2.205,0.105));
#3659=VERTEX_POINT('',#3660);
#3658=EDGE_CURVE('',#3659,#3649,#3663,.T.);
#3663=LINE('',#3660,#3665);
#3665=VECTOR('',#3666,0.940987669281998);
#3666=DIRECTION('',(-1.0,0.0,0.0));
#3657=ORIENTED_EDGE('',*,*,#3658,.F.);
#3670=CARTESIAN_POINT('',(-3.26,-1.605,0.105));
#3669=VERTEX_POINT('',#3670);
#3668=EDGE_CURVE('',#3669,#3659,#3673,.T.);
#3673=LINE('',#3670,#3675);
#3675=VECTOR('',#3676,0.600455990094297);
#3676=DIRECTION('',(0.0,-1.0,0.0));
#3667=ORIENTED_EDGE('',*,*,#3668,.F.);
#3678=EDGE_CURVE('',#3651,#3669,#3683,.T.);
#3683=LINE('',#3652,#3685);
#3685=VECTOR('',#3686,0.940987669281998);
#3686=DIRECTION('',(1.0,0.0,0.0));
#3677=ORIENTED_EDGE('',*,*,#3678,.F.);
#3687=STYLED_ITEM('',(#34),#3688);
#3688=ADVANCED_FACE('',(#3694),#3689,.T.);
#3689=PLANE('',#3690);
#3690=AXIS2_PLACEMENT_3D('',#3691,#3692,#3693);
#3691=CARTESIAN_POINT('',(-3.26,-1.605,0.0));
#3692=DIRECTION('',(0.0,0.0,-1.0));
#3693=DIRECTION('',(0.,1.,0.));
#3694=FACE_OUTER_BOUND('',#3695,.T.);
#3695=EDGE_LOOP('',(#3696,#3706,#3716,#3726));
#3699=CARTESIAN_POINT('',(-3.26,-2.205,0.0));
#3698=VERTEX_POINT('',#3699);
#3701=CARTESIAN_POINT('',(-3.26,-1.605,0.0));
#3700=VERTEX_POINT('',#3701);
#3697=EDGE_CURVE('',#3698,#3700,#3702,.T.);
#3702=LINE('',#3699,#3704);
#3704=VECTOR('',#3705,0.600455990094297);
#3705=DIRECTION('',(0.0,1.0,0.0));
#3696=ORIENTED_EDGE('',*,*,#3697,.F.);
#3709=CARTESIAN_POINT('',(-4.201,-2.205,0.0));
#3708=VERTEX_POINT('',#3709);
#3707=EDGE_CURVE('',#3708,#3698,#3712,.T.);
#3712=LINE('',#3709,#3714);
#3714=VECTOR('',#3715,0.940987669281998);
#3715=DIRECTION('',(1.0,0.0,0.0));
#3706=ORIENTED_EDGE('',*,*,#3707,.F.);
#3719=CARTESIAN_POINT('',(-4.201,-1.605,0.0));
#3718=VERTEX_POINT('',#3719);
#3717=EDGE_CURVE('',#3718,#3708,#3722,.T.);
#3722=LINE('',#3719,#3724);
#3724=VECTOR('',#3725,0.600456);
#3725=DIRECTION('',(0.0,-1.0,0.0));
#3716=ORIENTED_EDGE('',*,*,#3717,.F.);
#3727=EDGE_CURVE('',#3700,#3718,#3732,.T.);
#3732=LINE('',#3701,#3734);
#3734=VECTOR('',#3735,0.940987669281998);
#3735=DIRECTION('',(-1.0,0.0,0.0));
#3726=ORIENTED_EDGE('',*,*,#3727,.F.);
#3736=STYLED_ITEM('',(#34),#3737);
#3737=ADVANCED_FACE('',(#3743),#3738,.T.);
#3738=PLANE('',#3739);
#3739=AXIS2_PLACEMENT_3D('',#3740,#3741,#3742);
#3740=CARTESIAN_POINT('',(-4.201,-1.605,0.0));
#3741=DIRECTION('',(-1.0,0.0,0.0));
#3742=DIRECTION('',(0.,0.,1.));
#3743=FACE_OUTER_BOUND('',#3744,.T.);
#3744=EDGE_LOOP('',(#3745,#3755,#3765,#3775));
#3745=ORIENTED_EDGE('',*,*,#3717,.T.);
#3756=EDGE_CURVE('',#3649,#3708,#3761,.T.);
#3761=LINE('',#3650,#3763);
#3763=VECTOR('',#3764,0.104775);
#3764=DIRECTION('',(0.0,0.0,-1.0));
#3755=ORIENTED_EDGE('',*,*,#3756,.F.);
#3765=ORIENTED_EDGE('',*,*,#3648,.T.);
#3776=EDGE_CURVE('',#3718,#3651,#3781,.T.);
#3781=LINE('',#3719,#3783);
#3783=VECTOR('',#3784,0.104775);
#3784=DIRECTION('',(0.0,0.0,1.0));
#3775=ORIENTED_EDGE('',*,*,#3776,.F.);
#3785=STYLED_ITEM($,(#34),#3786);
#3786=ADVANCED_FACE($,(#3792),#3787,.T.);
#3787=CYLINDRICAL_SURFACE($,#3788,0.20955);
#3788=AXIS2_PLACEMENT_3D($,#3789,#3790,#3791);
#3789=CARTESIAN_POINT('',(-2.935,-2.205,0.21));
#3790=DIRECTION('',(0.0,-1.0,0.0));
#3791=DIRECTION('',(0.,0.,1.));
#3792=FACE_OUTER_BOUND($,#3793,.T.);
#3793=EDGE_LOOP($,(#3805,#3815,#3826,#3794));
#3805=ORIENTED_EDGE('',*,*,#3472,.T.);
#3816=EDGE_CURVE($,#3571,#3463,#3821,.T.);
#3821=CIRCLE($,#3822,0.20955);
#3823=CARTESIAN_POINT('',(-2.935,-1.605,0.21));
#3822=AXIS2_PLACEMENT_3D($,#3823,#3824,#3825);
#3824=DIRECTION('',(0.0,1.0,0.0));
#3825=DIRECTION('',(0.793,0.0,0.609));
#3815=ORIENTED_EDGE('',*,*,#3816,.F.);
#3826=ORIENTED_EDGE('',*,*,#3570,.T.);
#3795=EDGE_CURVE($,#3473,#3561,#3800,.T.);
#3800=CIRCLE($,#3801,0.20955);
#3802=CARTESIAN_POINT('',(-2.935,-2.205,0.21));
#3801=AXIS2_PLACEMENT_3D($,#3802,#3803,#3804);
#3803=DIRECTION('',(0.0,-1.0,0.0));
#3804=DIRECTION('',(-0.793,0.0,-0.609));
#3794=ORIENTED_EDGE('',*,*,#3795,.F.);
#3836=STYLED_ITEM($,(#34),#3837);
#3837=ADVANCED_FACE($,(#3843),#3838,.F.);
#3838=CYLINDRICAL_SURFACE($,#3839,0.104775);
#3839=AXIS2_PLACEMENT_3D($,#3840,#3841,#3842);
#3840=CARTESIAN_POINT('',(-2.935,-1.605,0.21));
#3841=DIRECTION('',(0.0,-1.0,0.0));
#3842=DIRECTION('',(0.,0.,-1.));
#3843=FACE_OUTER_BOUND($,#3844,.T.);
#3844=EDGE_LOOP($,(#3856,#3866,#3877,#3845));
#3856=ORIENTED_EDGE('',*,*,#3521,.T.);
#3867=EDGE_CURVE($,#3620,#3512,#3872,.T.);
#3872=CIRCLE($,#3873,0.104775);
#3873=AXIS2_PLACEMENT_3D($,#3802,#3875,#3876);
#3875=DIRECTION('',(0.0,1.0,0.0));
#3876=DIRECTION('',(0.793,0.0,0.609));
#3866=ORIENTED_EDGE('',*,*,#3867,.F.);
#3877=ORIENTED_EDGE('',*,*,#3619,.T.);
#3846=EDGE_CURVE($,#3522,#3610,#3851,.T.);
#3851=CIRCLE($,#3852,0.104775);
#3852=AXIS2_PLACEMENT_3D($,#3823,#3854,#3855);
#3854=DIRECTION('',(0.0,-1.0,0.0));
#3855=DIRECTION('',(-0.793,0.0,-0.609));
#3845=ORIENTED_EDGE('',*,*,#3846,.F.);
#3887=STYLED_ITEM($,(#34),#3888);
#3888=ADVANCED_FACE($,(#3894),#3889,.F.);
#3889=CYLINDRICAL_SURFACE($,#3890,0.104775);
#3890=AXIS2_PLACEMENT_3D($,#3891,#3892,#3893);
#3891=CARTESIAN_POINT('',(-3.26,-1.605,0.21));
#3892=DIRECTION('',(0.0,-1.0,0.0));
#3893=DIRECTION('',(0.,0.,1.));
#3894=FACE_OUTER_BOUND($,#3895,.T.);
#3895=EDGE_LOOP($,(#3907,#3917,#3928,#3896));
#3907=ORIENTED_EDGE('',*,*,#3668,.T.);
#3918=EDGE_CURVE($,#3551,#3659,#3923,.T.);
#3923=CIRCLE($,#3924,0.104775);
#3925=CARTESIAN_POINT('',(-3.26,-2.205,0.21));
#3924=AXIS2_PLACEMENT_3D($,#3925,#3926,#3927);
#3926=DIRECTION('',(0.0,1.0,0.0));
#3927=DIRECTION('',(-0.793,0.0,-0.609));
#3917=ORIENTED_EDGE('',*,*,#3918,.F.);
#3928=ORIENTED_EDGE('',*,*,#3550,.T.);
#3897=EDGE_CURVE($,#3669,#3553,#3902,.T.);
#3902=CIRCLE($,#3903,0.104775);
#3904=CARTESIAN_POINT('',(-3.26,-1.605,0.21));
#3903=AXIS2_PLACEMENT_3D($,#3904,#3905,#3906);
#3905=DIRECTION('',(0.0,-1.0,0.0));
#3906=DIRECTION('',(0.793,0.0,0.609));
#3896=ORIENTED_EDGE('',*,*,#3897,.F.);
#3938=STYLED_ITEM($,(#34),#3939);
#3939=ADVANCED_FACE($,(#3945),#3940,.T.);
#3940=CYLINDRICAL_SURFACE($,#3941,0.20955);
#3941=AXIS2_PLACEMENT_3D($,#3942,#3943,#3944);
#3942=CARTESIAN_POINT('',(-3.26,-1.605,0.21));
#3943=DIRECTION('',(0.0,-1.0,0.0));
#3944=DIRECTION('',(0.,0.,-1.));
#3945=FACE_OUTER_BOUND($,#3946,.T.);
#3946=EDGE_LOOP($,(#3958,#3968,#3979,#3947));
#3958=ORIENTED_EDGE('',*,*,#3697,.T.);
#3969=EDGE_CURVE($,#3600,#3700,#3974,.T.);
#3974=CIRCLE($,#3975,0.20955);
#3975=AXIS2_PLACEMENT_3D($,#3904,#3977,#3978);
#3977=DIRECTION('',(0.0,1.0,0.0));
#3978=DIRECTION('',(-0.793,0.0,-0.609));
#3968=ORIENTED_EDGE('',*,*,#3969,.F.);
#3979=ORIENTED_EDGE('',*,*,#3599,.T.);
#3948=EDGE_CURVE($,#3698,#3602,#3953,.T.);
#3953=CIRCLE($,#3954,0.20955);
#3954=AXIS2_PLACEMENT_3D($,#3925,#3956,#3957);
#3956=DIRECTION('',(0.0,-1.0,0.0));
#3957=DIRECTION('',(0.793,0.0,0.609));
#3947=ORIENTED_EDGE('',*,*,#3948,.F.);
#3989=STYLED_ITEM('color',(#34),#3990);
#3990=ADVANCED_FACE($,(#3996),#3991,.T.);
#3991=PLANE($,#3992);
#3992=AXIS2_PLACEMENT_3D($,#3993,#3994,#3995);
#3993=CARTESIAN_POINT('',(-1.994,-1.605,0.314));
#3994=DIRECTION('',(0.0,1.0,0.0));
#3995=DIRECTION('',(1.,0.,0.));
#3996=FACE_OUTER_BOUND($,#3997,.T.);
#3997=EDGE_LOOP($,(#4000, #4010, #4020, #4083, #4094, #4030, #4041, #4051, #4061, #4071, #4104, #4114));
#4000=ORIENTED_EDGE('',*,*,#3462,.T.);
#4010=ORIENTED_EDGE('',*,*,#3413,.T.);
#4020=ORIENTED_EDGE('',*,*,#3531,.T.);
#4083=ORIENTED_EDGE('',*,*,#3846,.T.);
#4094=ORIENTED_EDGE('',*,*,#3609,.T.);
#4030=ORIENTED_EDGE('',*,*,#3969,.T.);
#4041=ORIENTED_EDGE('',*,*,#3727,.T.);
#4051=ORIENTED_EDGE('',*,*,#3776,.T.);
#4061=ORIENTED_EDGE('',*,*,#3678,.T.);
#4071=ORIENTED_EDGE('',*,*,#3897,.T.);
#4104=ORIENTED_EDGE('',*,*,#3580,.T.);
#4114=ORIENTED_EDGE('',*,*,#3816,.T.);
#4125=STYLED_ITEM('color',(#34),#4126);
#4126=ADVANCED_FACE($,(#4132),#4127,.T.);
#4127=PLANE($,#4128);
#4128=AXIS2_PLACEMENT_3D($,#4129,#4130,#4131);
#4129=CARTESIAN_POINT('',(-3.26,-2.205,0.105));
#4130=DIRECTION('',(0.0,-1.0,0.0));
#4131=DIRECTION('',(1.,0.,0.));
#4132=FACE_OUTER_BOUND($,#4133,.T.);
#4133=EDGE_LOOP($,(#4136, #4146, #4156, #4219, #4230, #4166, #4177, #4187, #4197, #4207, #4240, #4250));
#4136=ORIENTED_EDGE('',*,*,#3511,.T.);
#4146=ORIENTED_EDGE('',*,*,#3433,.T.);
#4156=ORIENTED_EDGE('',*,*,#3482,.T.);
#4219=ORIENTED_EDGE('',*,*,#3795,.T.);
#4230=ORIENTED_EDGE('',*,*,#3560,.T.);
#4166=ORIENTED_EDGE('',*,*,#3918,.T.);
#4177=ORIENTED_EDGE('',*,*,#3658,.T.);
#4187=ORIENTED_EDGE('',*,*,#3756,.T.);
#4197=ORIENTED_EDGE('',*,*,#3707,.T.);
#4207=ORIENTED_EDGE('',*,*,#3948,.T.);
#4240=ORIENTED_EDGE('',*,*,#3629,.T.);
#4250=ORIENTED_EDGE('',*,*,#3867,.T.);
#4261=MANIFOLD_SOLID_BREP($,#4262);
#4262=CLOSED_SHELL('',(#4264,#4313,#4362,#4411,#4460,#4509,#4558,#4607,#4656,#4707,#4758,#4809,#4860,#4996));
#4263=STYLED_ITEM('',(#34),#4264);
#4264=ADVANCED_FACE('',(#4270),#4265,.T.);
#4265=PLANE('',#4266);
#4266=AXIS2_PLACEMENT_3D('',#4267,#4268,#4269);
#4267=CARTESIAN_POINT('',(1.994,-1.605,0.314));
#4268=DIRECTION('',(-1.0,0.0,0.0));
#4269=DIRECTION('',(0.,0.,1.));
#4270=FACE_OUTER_BOUND('',#4271,.T.);
#4271=EDGE_LOOP('',(#4272,#4282,#4292,#4302));
#4275=CARTESIAN_POINT('',(1.994,-2.205,0.314));
#4274=VERTEX_POINT('',#4275);
#4277=CARTESIAN_POINT('',(1.994,-1.605,0.314));
#4276=VERTEX_POINT('',#4277);
#4273=EDGE_CURVE('',#4274,#4276,#4278,.T.);
#4278=LINE('',#4275,#4280);
#4280=VECTOR('',#4281,0.600455989829251);
#4281=DIRECTION('',(0.0,1.0,0.0));
#4272=ORIENTED_EDGE('',*,*,#4273,.F.);
#4285=CARTESIAN_POINT('',(1.994,-2.205,0.419));
#4284=VERTEX_POINT('',#4285);
#4283=EDGE_CURVE('',#4284,#4274,#4288,.T.);
#4288=LINE('',#4285,#4290);
#4290=VECTOR('',#4291,0.104775);
#4291=DIRECTION('',(0.0,0.0,-1.0));
#4282=ORIENTED_EDGE('',*,*,#4283,.F.);
#4295=CARTESIAN_POINT('',(1.994,-1.605,0.419));
#4294=VERTEX_POINT('',#4295);
#4293=EDGE_CURVE('',#4294,#4284,#4298,.T.);
#4298=LINE('',#4295,#4300);
#4300=VECTOR('',#4301,0.600455989829251);
#4301=DIRECTION('',(0.0,-1.0,0.0));
#4292=ORIENTED_EDGE('',*,*,#4293,.F.);
#4303=EDGE_CURVE('',#4276,#4294,#4308,.T.);
#4308=LINE('',#4277,#4310);
#4310=VECTOR('',#4311,0.104775);
#4311=DIRECTION('',(0.0,0.0,1.0));
#4302=ORIENTED_EDGE('',*,*,#4303,.F.);
#4312=STYLED_ITEM('',(#34),#4313);
#4313=ADVANCED_FACE('',(#4319),#4314,.T.);
#4314=PLANE('',#4315);
#4315=AXIS2_PLACEMENT_3D('',#4316,#4317,#4318);
#4316=CARTESIAN_POINT('',(1.994,-1.605,0.419));
#4317=DIRECTION('',(0.0,0.0,1.0));
#4318=DIRECTION('',(0.,1.,0.));
#4319=FACE_OUTER_BOUND('',#4320,.T.);
#4320=EDGE_LOOP('',(#4321,#4331,#4341,#4351));
#4321=ORIENTED_EDGE('',*,*,#4293,.T.);
#4334=CARTESIAN_POINT('',(2.935,-2.205,0.419));
#4333=VERTEX_POINT('',#4334);
#4332=EDGE_CURVE('',#4333,#4284,#4337,.T.);
#4337=LINE('',#4334,#4339);
#4339=VECTOR('',#4340,0.940987675246993);
#4340=DIRECTION('',(-1.0,0.0,0.0));
#4331=ORIENTED_EDGE('',*,*,#4332,.F.);
#4344=CARTESIAN_POINT('',(2.935,-1.605,0.419));
#4343=VERTEX_POINT('',#4344);
#4342=EDGE_CURVE('',#4343,#4333,#4347,.T.);
#4347=LINE('',#4344,#4349);
#4349=VECTOR('',#4350,0.600455989952337);
#4350=DIRECTION('',(0.0,-1.0,0.0));
#4341=ORIENTED_EDGE('',*,*,#4342,.F.);
#4352=EDGE_CURVE('',#4294,#4343,#4357,.T.);
#4357=LINE('',#4295,#4359);
#4359=VECTOR('',#4360,0.940987675246993);
#4360=DIRECTION('',(1.0,0.0,0.0));
#4351=ORIENTED_EDGE('',*,*,#4352,.F.);
#4361=STYLED_ITEM('',(#34),#4362);
#4362=ADVANCED_FACE('',(#4368),#4363,.T.);
#4363=PLANE('',#4364);
#4364=AXIS2_PLACEMENT_3D('',#4365,#4366,#4367);
#4365=CARTESIAN_POINT('',(1.994,-2.205,0.314));
#4366=DIRECTION('',(0.0,0.0,-1.0));
#4367=DIRECTION('',(0.,1.,0.));
#4368=FACE_OUTER_BOUND('',#4369,.T.);
#4369=EDGE_LOOP('',(#4370,#4380,#4390,#4400));
#4370=ORIENTED_EDGE('',*,*,#4273,.T.);
#4383=CARTESIAN_POINT('',(2.935,-1.605,0.314));
#4382=VERTEX_POINT('',#4383);
#4381=EDGE_CURVE('',#4382,#4276,#4386,.T.);
#4386=LINE('',#4383,#4388);
#4388=VECTOR('',#4389,0.940987675246993);
#4389=DIRECTION('',(-1.0,0.0,0.0));
#4380=ORIENTED_EDGE('',*,*,#4381,.F.);
#4393=CARTESIAN_POINT('',(2.935,-2.205,0.314));
#4392=VERTEX_POINT('',#4393);
#4391=EDGE_CURVE('',#4392,#4382,#4396,.T.);
#4396=LINE('',#4393,#4398);
#4398=VECTOR('',#4399,0.600455989952337);
#4399=DIRECTION('',(0.0,1.0,0.0));
#4390=ORIENTED_EDGE('',*,*,#4391,.F.);
#4401=EDGE_CURVE('',#4274,#4392,#4406,.T.);
#4406=LINE('',#4275,#4408);
#4408=VECTOR('',#4409,0.940987675246993);
#4409=DIRECTION('',(1.0,0.0,0.0));
#4400=ORIENTED_EDGE('',*,*,#4401,.F.);
#4410=STYLED_ITEM('',(#34),#4411);
#4411=ADVANCED_FACE('',(#4417),#4412,.T.);
#4412=PLANE('',#4413);
#4413=AXIS2_PLACEMENT_3D('',#4414,#4415,#4416);
#4414=CARTESIAN_POINT('',(3.159,-2.205,0.182));
#4415=DIRECTION('',(0.966,0.0,0.259));
#4416=DIRECTION('',(0.,0.,1.));
#4417=FACE_OUTER_BOUND('',#4418,.T.);
#4418=EDGE_LOOP('',(#4419,#4429,#4439,#4449));
#4422=CARTESIAN_POINT('',(3.159,-1.605,0.182));
#4421=VERTEX_POINT('',#4422);
#4424=CARTESIAN_POINT('',(3.159,-2.205,0.182));
#4423=VERTEX_POINT('',#4424);
#4420=EDGE_CURVE('',#4421,#4423,#4425,.T.);
#4425=LINE('',#4422,#4427);
#4427=VECTOR('',#4428,0.600455990036603);
#4428=DIRECTION('',(0.0,-1.0,0.0));
#4419=ORIENTED_EDGE('',*,*,#4420,.F.);
#4432=CARTESIAN_POINT('',(3.137,-1.605,0.264));
#4431=VERTEX_POINT('',#4432);
#4430=EDGE_CURVE('',#4431,#4421,#4435,.T.);
#4435=LINE('',#4432,#4437);
#4437=VECTOR('',#4438,0.0842220986750953);
#4438=DIRECTION('',(0.259,0.0,-0.966));
#4429=ORIENTED_EDGE('',*,*,#4430,.F.);
#4442=CARTESIAN_POINT('',(3.137,-2.205,0.264));
#4441=VERTEX_POINT('',#4442);
#4440=EDGE_CURVE('',#4441,#4431,#4445,.T.);
#4445=LINE('',#4442,#4447);
#4447=VECTOR('',#4448,0.600455990026153);
#4448=DIRECTION('',(0.0,1.0,0.0));
#4439=ORIENTED_EDGE('',*,*,#4440,.F.);
#4450=EDGE_CURVE('',#4423,#4441,#4455,.T.);
#4455=LINE('',#4424,#4457);
#4457=VECTOR('',#4458,0.0842220986750953);
#4458=DIRECTION('',(-0.259,0.0,0.966));
#4449=ORIENTED_EDGE('',*,*,#4450,.F.);
#4459=STYLED_ITEM('',(#34),#4460);
#4460=ADVANCED_FACE('',(#4466),#4461,.T.);
#4461=PLANE('',#4462);
#4462=AXIS2_PLACEMENT_3D('',#4463,#4464,#4465);
#4463=CARTESIAN_POINT('',(3.058,-1.605,0.155));
#4464=DIRECTION('',(-0.966,0.0,-0.259));
#4465=DIRECTION('',(0.,0.,1.));
#4466=FACE_OUTER_BOUND('',#4467,.T.);
#4467=EDGE_LOOP('',(#4468,#4478,#4488,#4498));
#4471=CARTESIAN_POINT('',(3.058,-2.205,0.155));
#4470=VERTEX_POINT('',#4471);
#4473=CARTESIAN_POINT('',(3.058,-1.605,0.155));
#4472=VERTEX_POINT('',#4473);
#4469=EDGE_CURVE('',#4470,#4472,#4474,.T.);
#4474=LINE('',#4471,#4476);
#4476=VECTOR('',#4477,0.600455989992746);
#4477=DIRECTION('',(0.0,1.0,0.0));
#4468=ORIENTED_EDGE('',*,*,#4469,.F.);
#4481=CARTESIAN_POINT('',(3.036,-2.205,0.237));
#4480=VERTEX_POINT('',#4481);
#4479=EDGE_CURVE('',#4480,#4470,#4484,.T.);
#4484=LINE('',#4481,#4486);
#4486=VECTOR('',#4487,0.0842220986762303);
#4487=DIRECTION('',(0.259,0.0,-0.966));
#4478=ORIENTED_EDGE('',*,*,#4479,.F.);
#4491=CARTESIAN_POINT('',(3.036,-1.605,0.237));
#4490=VERTEX_POINT('',#4491);
#4489=EDGE_CURVE('',#4490,#4480,#4494,.T.);
#4494=LINE('',#4491,#4496);
#4496=VECTOR('',#4497,0.600455989984688);
#4497=DIRECTION('',(0.0,-1.0,0.0));
#4488=ORIENTED_EDGE('',*,*,#4489,.F.);
#4499=EDGE_CURVE('',#4472,#4490,#4504,.T.);
#4504=LINE('',#4473,#4506);
#4506=VECTOR('',#4507,0.0842220986762305);
#4507=DIRECTION('',(-0.259,0.0,0.966));
#4498=ORIENTED_EDGE('',*,*,#4499,.F.);
#4508=STYLED_ITEM('',(#34),#4509);
#4509=ADVANCED_FACE('',(#4515),#4510,.T.);
#4510=PLANE('',#4511);
#4511=AXIS2_PLACEMENT_3D('',#4512,#4513,#4514);
#4512=CARTESIAN_POINT('',(4.201,-2.205,0.105));
#4513=DIRECTION('',(0.0,0.0,1.0));
#4514=DIRECTION('',(0.,1.,0.));
#4515=FACE_OUTER_BOUND('',#4516,.T.);
#4516=EDGE_LOOP('',(#4517,#4527,#4537,#4547));
#4520=CARTESIAN_POINT('',(4.201,-1.605,0.105));
#4519=VERTEX_POINT('',#4520);
#4522=CARTESIAN_POINT('',(4.201,-2.205,0.105));
#4521=VERTEX_POINT('',#4522);
#4518=EDGE_CURVE('',#4519,#4521,#4523,.T.);
#4523=LINE('',#4520,#4525);
#4525=VECTOR('',#4526,0.600456);
#4526=DIRECTION('',(0.0,-1.0,0.0));
#4517=ORIENTED_EDGE('',*,*,#4518,.F.);
#4530=CARTESIAN_POINT('',(3.26,-1.605,0.105));
#4529=VERTEX_POINT('',#4530);
#4528=EDGE_CURVE('',#4529,#4519,#4533,.T.);
#4533=LINE('',#4530,#4535);
#4535=VECTOR('',#4536,0.940987669281997);
#4536=DIRECTION('',(1.0,0.0,0.0));
#4527=ORIENTED_EDGE('',*,*,#4528,.F.);
#4540=CARTESIAN_POINT('',(3.26,-2.205,0.105));
#4539=VERTEX_POINT('',#4540);
#4538=EDGE_CURVE('',#4539,#4529,#4543,.T.);
#4543=LINE('',#4540,#4545);
#4545=VECTOR('',#4546,0.600455990094297);
#4546=DIRECTION('',(0.0,1.0,0.0));
#4537=ORIENTED_EDGE('',*,*,#4538,.F.);
#4548=EDGE_CURVE('',#4521,#4539,#4553,.T.);
#4553=LINE('',#4522,#4555);
#4555=VECTOR('',#4556,0.940987669281997);
#4556=DIRECTION('',(-1.0,0.0,0.0));
#4547=ORIENTED_EDGE('',*,*,#4548,.F.);
#4557=STYLED_ITEM('',(#34),#4558);
#4558=ADVANCED_FACE('',(#4564),#4559,.T.);
#4559=PLANE('',#4560);
#4560=AXIS2_PLACEMENT_3D('',#4561,#4562,#4563);
#4561=CARTESIAN_POINT('',(3.26,-2.205,0.0));
#4562=DIRECTION('',(0.0,0.0,-1.0));
#4563=DIRECTION('',(0.,1.,0.));
#4564=FACE_OUTER_BOUND('',#4565,.T.);
#4565=EDGE_LOOP('',(#4566,#4576,#4586,#4596));
#4569=CARTESIAN_POINT('',(3.26,-1.605,0.0));
#4568=VERTEX_POINT('',#4569);
#4571=CARTESIAN_POINT('',(3.26,-2.205,0.0));
#4570=VERTEX_POINT('',#4571);
#4567=EDGE_CURVE('',#4568,#4570,#4572,.T.);
#4572=LINE('',#4569,#4574);
#4574=VECTOR('',#4575,0.600455990094297);
#4575=DIRECTION('',(0.0,-1.0,0.0));
#4566=ORIENTED_EDGE('',*,*,#4567,.F.);
#4579=CARTESIAN_POINT('',(4.201,-1.605,0.0));
#4578=VERTEX_POINT('',#4579);
#4577=EDGE_CURVE('',#4578,#4568,#4582,.T.);
#4582=LINE('',#4579,#4584);
#4584=VECTOR('',#4585,0.940987669281997);
#4585=DIRECTION('',(-1.0,0.0,0.0));
#4576=ORIENTED_EDGE('',*,*,#4577,.F.);
#4589=CARTESIAN_POINT('',(4.201,-2.205,0.0));
#4588=VERTEX_POINT('',#4589);
#4587=EDGE_CURVE('',#4588,#4578,#4592,.T.);
#4592=LINE('',#4589,#4594);
#4594=VECTOR('',#4595,0.600456);
#4595=DIRECTION('',(0.0,1.0,0.0));
#4586=ORIENTED_EDGE('',*,*,#4587,.F.);
#4597=EDGE_CURVE('',#4570,#4588,#4602,.T.);
#4602=LINE('',#4571,#4604);
#4604=VECTOR('',#4605,0.940987669281997);
#4605=DIRECTION('',(1.0,0.0,0.0));
#4596=ORIENTED_EDGE('',*,*,#4597,.F.);
#4606=STYLED_ITEM('',(#34),#4607);
#4607=ADVANCED_FACE('',(#4613),#4608,.T.);
#4608=PLANE('',#4609);
#4609=AXIS2_PLACEMENT_3D('',#4610,#4611,#4612);
#4610=CARTESIAN_POINT('',(4.201,-2.205,0.0));
#4611=DIRECTION('',(1.0,0.0,0.0));
#4612=DIRECTION('',(0.,0.,1.));
#4613=FACE_OUTER_BOUND('',#4614,.T.);
#4614=EDGE_LOOP('',(#4615,#4625,#4635,#4645));
#4615=ORIENTED_EDGE('',*,*,#4587,.T.);
#4626=EDGE_CURVE('',#4519,#4578,#4631,.T.);
#4631=LINE('',#4520,#4633);
#4633=VECTOR('',#4634,0.104775);
#4634=DIRECTION('',(0.0,0.0,-1.0));
#4625=ORIENTED_EDGE('',*,*,#4626,.F.);
#4635=ORIENTED_EDGE('',*,*,#4518,.T.);
#4646=EDGE_CURVE('',#4588,#4521,#4651,.T.);
#4651=LINE('',#4589,#4653);
#4653=VECTOR('',#4654,0.104775);
#4654=DIRECTION('',(0.0,0.0,1.0));
#4645=ORIENTED_EDGE('',*,*,#4646,.F.);
#4655=STYLED_ITEM($,(#34),#4656);
#4656=ADVANCED_FACE($,(#4662),#4657,.T.);
#4657=CYLINDRICAL_SURFACE($,#4658,0.20955);
#4658=AXIS2_PLACEMENT_3D($,#4659,#4660,#4661);
#4659=CARTESIAN_POINT('',(2.935,-1.605,0.21));
#4660=DIRECTION('',(0.0,1.0,0.0));
#4661=DIRECTION('',(0.,0.,1.));
#4662=FACE_OUTER_BOUND($,#4663,.T.);
#4663=EDGE_LOOP($,(#4675,#4685,#4696,#4664));
#4675=ORIENTED_EDGE('',*,*,#4342,.T.);
#4686=EDGE_CURVE($,#4441,#4333,#4691,.T.);
#4691=CIRCLE($,#4692,0.20955);
#4693=CARTESIAN_POINT('',(2.935,-2.205,0.21));
#4692=AXIS2_PLACEMENT_3D($,#4693,#4694,#4695);
#4694=DIRECTION('',(0.0,-1.0,0.0));
#4695=DIRECTION('',(-0.793,0.0,0.609));
#4685=ORIENTED_EDGE('',*,*,#4686,.F.);
#4696=ORIENTED_EDGE('',*,*,#4440,.T.);
#4665=EDGE_CURVE($,#4343,#4431,#4670,.T.);
#4670=CIRCLE($,#4671,0.20955);
#4672=CARTESIAN_POINT('',(2.935,-1.605,0.21));
#4671=AXIS2_PLACEMENT_3D($,#4672,#4673,#4674);
#4673=DIRECTION('',(0.0,1.0,0.0));
#4674=DIRECTION('',(0.793,0.0,-0.609));
#4664=ORIENTED_EDGE('',*,*,#4665,.F.);
#4706=STYLED_ITEM($,(#34),#4707);
#4707=ADVANCED_FACE($,(#4713),#4708,.F.);
#4708=CYLINDRICAL_SURFACE($,#4709,0.104775);
#4709=AXIS2_PLACEMENT_3D($,#4710,#4711,#4712);
#4710=CARTESIAN_POINT('',(2.935,-2.205,0.21));
#4711=DIRECTION('',(0.0,1.0,0.0));
#4712=DIRECTION('',(0.,0.,-1.));
#4713=FACE_OUTER_BOUND($,#4714,.T.);
#4714=EDGE_LOOP($,(#4726,#4736,#4747,#4715));
#4726=ORIENTED_EDGE('',*,*,#4391,.T.);
#4737=EDGE_CURVE($,#4490,#4382,#4742,.T.);
#4742=CIRCLE($,#4743,0.104775);
#4743=AXIS2_PLACEMENT_3D($,#4672,#4745,#4746);
#4745=DIRECTION('',(0.0,-1.0,0.0));
#4746=DIRECTION('',(-0.793,0.0,0.609));
#4736=ORIENTED_EDGE('',*,*,#4737,.F.);
#4747=ORIENTED_EDGE('',*,*,#4489,.T.);
#4716=EDGE_CURVE($,#4392,#4480,#4721,.T.);
#4721=CIRCLE($,#4722,0.104775);
#4722=AXIS2_PLACEMENT_3D($,#4693,#4724,#4725);
#4724=DIRECTION('',(0.0,1.0,0.0));
#4725=DIRECTION('',(0.793,0.0,-0.609));
#4715=ORIENTED_EDGE('',*,*,#4716,.F.);
#4757=STYLED_ITEM($,(#34),#4758);
#4758=ADVANCED_FACE($,(#4764),#4759,.F.);
#4759=CYLINDRICAL_SURFACE($,#4760,0.104775);
#4760=AXIS2_PLACEMENT_3D($,#4761,#4762,#4763);
#4761=CARTESIAN_POINT('',(3.26,-2.205,0.21));
#4762=DIRECTION('',(0.0,1.0,0.0));
#4763=DIRECTION('',(0.,0.,1.));
#4764=FACE_OUTER_BOUND($,#4765,.T.);
#4765=EDGE_LOOP($,(#4777,#4787,#4798,#4766));
#4777=ORIENTED_EDGE('',*,*,#4538,.T.);
#4788=EDGE_CURVE($,#4421,#4529,#4793,.T.);
#4793=CIRCLE($,#4794,0.104775);
#4795=CARTESIAN_POINT('',(3.26,-1.605,0.21));
#4794=AXIS2_PLACEMENT_3D($,#4795,#4796,#4797);
#4796=DIRECTION('',(0.0,-1.0,0.0));
#4797=DIRECTION('',(0.793,0.0,-0.609));
#4787=ORIENTED_EDGE('',*,*,#4788,.F.);
#4798=ORIENTED_EDGE('',*,*,#4420,.T.);
#4767=EDGE_CURVE($,#4539,#4423,#4772,.T.);
#4772=CIRCLE($,#4773,0.104775);
#4774=CARTESIAN_POINT('',(3.26,-2.205,0.21));
#4773=AXIS2_PLACEMENT_3D($,#4774,#4775,#4776);
#4775=DIRECTION('',(0.0,1.0,0.0));
#4776=DIRECTION('',(-0.793,0.0,0.609));
#4766=ORIENTED_EDGE('',*,*,#4767,.F.);
#4808=STYLED_ITEM($,(#34),#4809);
#4809=ADVANCED_FACE($,(#4815),#4810,.T.);
#4810=CYLINDRICAL_SURFACE($,#4811,0.20955);
#4811=AXIS2_PLACEMENT_3D($,#4812,#4813,#4814);
#4812=CARTESIAN_POINT('',(3.26,-2.205,0.21));
#4813=DIRECTION('',(0.0,1.0,0.0));
#4814=DIRECTION('',(0.,0.,-1.));
#4815=FACE_OUTER_BOUND($,#4816,.T.);
#4816=EDGE_LOOP($,(#4828,#4838,#4849,#4817));
#4828=ORIENTED_EDGE('',*,*,#4567,.T.);
#4839=EDGE_CURVE($,#4470,#4570,#4844,.T.);
#4844=CIRCLE($,#4845,0.20955);
#4845=AXIS2_PLACEMENT_3D($,#4774,#4847,#4848);
#4847=DIRECTION('',(0.0,-1.0,0.0));
#4848=DIRECTION('',(0.793,0.0,-0.609));
#4838=ORIENTED_EDGE('',*,*,#4839,.F.);
#4849=ORIENTED_EDGE('',*,*,#4469,.T.);
#4818=EDGE_CURVE($,#4568,#4472,#4823,.T.);
#4823=CIRCLE($,#4824,0.20955);
#4824=AXIS2_PLACEMENT_3D($,#4795,#4826,#4827);
#4826=DIRECTION('',(0.0,1.0,0.0));
#4827=DIRECTION('',(-0.793,0.0,0.609));
#4817=ORIENTED_EDGE('',*,*,#4818,.F.);
#4859=STYLED_ITEM('color',(#34),#4860);
#4860=ADVANCED_FACE($,(#4866),#4861,.T.);
#4861=PLANE($,#4862);
#4862=AXIS2_PLACEMENT_3D($,#4863,#4864,#4865);
#4863=CARTESIAN_POINT('',(1.994,-2.205,0.314));
#4864=DIRECTION('',(0.0,-1.0,0.0));
#4865=DIRECTION('',(1.,0.,0.));
#4866=FACE_OUTER_BOUND($,#4867,.T.);
#4867=EDGE_LOOP($,(#4870, #4880, #4890, #4953, #4964, #4900, #4911, #4921, #4931, #4941, #4974, #4984));
#4870=ORIENTED_EDGE('',*,*,#4332,.T.);
#4880=ORIENTED_EDGE('',*,*,#4283,.T.);
#4890=ORIENTED_EDGE('',*,*,#4401,.T.);
#4953=ORIENTED_EDGE('',*,*,#4716,.T.);
#4964=ORIENTED_EDGE('',*,*,#4479,.T.);
#4900=ORIENTED_EDGE('',*,*,#4839,.T.);
#4911=ORIENTED_EDGE('',*,*,#4597,.T.);
#4921=ORIENTED_EDGE('',*,*,#4646,.T.);
#4931=ORIENTED_EDGE('',*,*,#4548,.T.);
#4941=ORIENTED_EDGE('',*,*,#4767,.T.);
#4974=ORIENTED_EDGE('',*,*,#4450,.T.);
#4984=ORIENTED_EDGE('',*,*,#4686,.T.);
#4995=STYLED_ITEM('color',(#34),#4996);
#4996=ADVANCED_FACE($,(#5002),#4997,.T.);
#4997=PLANE($,#4998);
#4998=AXIS2_PLACEMENT_3D($,#4999,#5000,#5001);
#4999=CARTESIAN_POINT('',(3.26,-1.605,0.105));
#5000=DIRECTION('',(0.0,1.0,0.0));
#5001=DIRECTION('',(1.,0.,0.));
#5002=FACE_OUTER_BOUND($,#5003,.T.);
#5003=EDGE_LOOP($,(#5006, #5016, #5026, #5089, #5100, #5036, #5047, #5057, #5067, #5077, #5110, #5120));
#5006=ORIENTED_EDGE('',*,*,#4381,.T.);
#5016=ORIENTED_EDGE('',*,*,#4303,.T.);
#5026=ORIENTED_EDGE('',*,*,#4352,.T.);
#5089=ORIENTED_EDGE('',*,*,#4665,.T.);
#5100=ORIENTED_EDGE('',*,*,#4430,.T.);
#5036=ORIENTED_EDGE('',*,*,#4788,.T.);
#5047=ORIENTED_EDGE('',*,*,#4528,.T.);
#5057=ORIENTED_EDGE('',*,*,#4626,.T.);
#5067=ORIENTED_EDGE('',*,*,#4577,.T.);
#5077=ORIENTED_EDGE('',*,*,#4818,.T.);
#5110=ORIENTED_EDGE('',*,*,#4499,.T.);
#5120=ORIENTED_EDGE('',*,*,#4737,.T.);
#5131=MANIFOLD_SOLID_BREP($,#5132);
#5132=CLOSED_SHELL('',(#5134,#5183,#5232,#5281,#5330,#5379,#5428,#5477,#5526,#5577,#5628,#5679,#5730,#5866));
#5133=STYLED_ITEM('',(#34),#5134);
#5134=ADVANCED_FACE('',(#5140),#5135,.T.);
#5135=PLANE('',#5136);
#5136=AXIS2_PLACEMENT_3D('',#5137,#5138,#5139);
#5137=CARTESIAN_POINT('',(1.994,-0.335,0.314));
#5138=DIRECTION('',(-1.0,0.0,0.0));
#5139=DIRECTION('',(0.,0.,1.));
#5140=FACE_OUTER_BOUND('',#5141,.T.);
#5141=EDGE_LOOP('',(#5142,#5152,#5162,#5172));
#5145=CARTESIAN_POINT('',(1.994,-0.935,0.314));
#5144=VERTEX_POINT('',#5145);
#5147=CARTESIAN_POINT('',(1.994,-0.335,0.314));
#5146=VERTEX_POINT('',#5147);
#5143=EDGE_CURVE('',#5144,#5146,#5148,.T.);
#5148=LINE('',#5145,#5150);
#5150=VECTOR('',#5151,0.600455989829251);
#5151=DIRECTION('',(0.0,1.0,0.0));
#5142=ORIENTED_EDGE('',*,*,#5143,.F.);
#5155=CARTESIAN_POINT('',(1.994,-0.935,0.419));
#5154=VERTEX_POINT('',#5155);
#5153=EDGE_CURVE('',#5154,#5144,#5158,.T.);
#5158=LINE('',#5155,#5160);
#5160=VECTOR('',#5161,0.104775);
#5161=DIRECTION('',(0.0,0.0,-1.0));
#5152=ORIENTED_EDGE('',*,*,#5153,.F.);
#5165=CARTESIAN_POINT('',(1.994,-0.335,0.419));
#5164=VERTEX_POINT('',#5165);
#5163=EDGE_CURVE('',#5164,#5154,#5168,.T.);
#5168=LINE('',#5165,#5170);
#5170=VECTOR('',#5171,0.600455989829251);
#5171=DIRECTION('',(0.0,-1.0,0.0));
#5162=ORIENTED_EDGE('',*,*,#5163,.F.);
#5173=EDGE_CURVE('',#5146,#5164,#5178,.T.);
#5178=LINE('',#5147,#5180);
#5180=VECTOR('',#5181,0.104775);
#5181=DIRECTION('',(0.0,0.0,1.0));
#5172=ORIENTED_EDGE('',*,*,#5173,.F.);
#5182=STYLED_ITEM('',(#34),#5183);
#5183=ADVANCED_FACE('',(#5189),#5184,.T.);
#5184=PLANE('',#5185);
#5185=AXIS2_PLACEMENT_3D('',#5186,#5187,#5188);
#5186=CARTESIAN_POINT('',(1.994,-0.335,0.419));
#5187=DIRECTION('',(0.0,0.0,1.0));
#5188=DIRECTION('',(0.,1.,0.));
#5189=FACE_OUTER_BOUND('',#5190,.T.);
#5190=EDGE_LOOP('',(#5191,#5201,#5211,#5221));
#5191=ORIENTED_EDGE('',*,*,#5163,.T.);
#5204=CARTESIAN_POINT('',(2.935,-0.935,0.419));
#5203=VERTEX_POINT('',#5204);
#5202=EDGE_CURVE('',#5203,#5154,#5207,.T.);
#5207=LINE('',#5204,#5209);
#5209=VECTOR('',#5210,0.940987675246993);
#5210=DIRECTION('',(-1.0,0.0,0.0));
#5201=ORIENTED_EDGE('',*,*,#5202,.F.);
#5214=CARTESIAN_POINT('',(2.935,-0.335,0.419));
#5213=VERTEX_POINT('',#5214);
#5212=EDGE_CURVE('',#5213,#5203,#5217,.T.);
#5217=LINE('',#5214,#5219);
#5219=VECTOR('',#5220,0.600455989952337);
#5220=DIRECTION('',(0.0,-1.0,0.0));
#5211=ORIENTED_EDGE('',*,*,#5212,.F.);
#5222=EDGE_CURVE('',#5164,#5213,#5227,.T.);
#5227=LINE('',#5165,#5229);
#5229=VECTOR('',#5230,0.940987675246993);
#5230=DIRECTION('',(1.0,0.0,0.0));
#5221=ORIENTED_EDGE('',*,*,#5222,.F.);
#5231=STYLED_ITEM('',(#34),#5232);
#5232=ADVANCED_FACE('',(#5238),#5233,.T.);
#5233=PLANE('',#5234);
#5234=AXIS2_PLACEMENT_3D('',#5235,#5236,#5237);
#5235=CARTESIAN_POINT('',(1.994,-0.935,0.314));
#5236=DIRECTION('',(0.0,0.0,-1.0));
#5237=DIRECTION('',(0.,1.,0.));
#5238=FACE_OUTER_BOUND('',#5239,.T.);
#5239=EDGE_LOOP('',(#5240,#5250,#5260,#5270));
#5240=ORIENTED_EDGE('',*,*,#5143,.T.);
#5253=CARTESIAN_POINT('',(2.935,-0.335,0.314));
#5252=VERTEX_POINT('',#5253);
#5251=EDGE_CURVE('',#5252,#5146,#5256,.T.);
#5256=LINE('',#5253,#5258);
#5258=VECTOR('',#5259,0.940987675246993);
#5259=DIRECTION('',(-1.0,0.0,0.0));
#5250=ORIENTED_EDGE('',*,*,#5251,.F.);
#5263=CARTESIAN_POINT('',(2.935,-0.935,0.314));
#5262=VERTEX_POINT('',#5263);
#5261=EDGE_CURVE('',#5262,#5252,#5266,.T.);
#5266=LINE('',#5263,#5268);
#5268=VECTOR('',#5269,0.600455989952337);
#5269=DIRECTION('',(0.0,1.0,0.0));
#5260=ORIENTED_EDGE('',*,*,#5261,.F.);
#5271=EDGE_CURVE('',#5144,#5262,#5276,.T.);
#5276=LINE('',#5145,#5278);
#5278=VECTOR('',#5279,0.940987675246993);
#5279=DIRECTION('',(1.0,0.0,0.0));
#5270=ORIENTED_EDGE('',*,*,#5271,.F.);
#5280=STYLED_ITEM('',(#34),#5281);
#5281=ADVANCED_FACE('',(#5287),#5282,.T.);
#5282=PLANE('',#5283);
#5283=AXIS2_PLACEMENT_3D('',#5284,#5285,#5286);
#5284=CARTESIAN_POINT('',(3.159,-0.935,0.182));
#5285=DIRECTION('',(0.966,0.0,0.259));
#5286=DIRECTION('',(0.,0.,1.));
#5287=FACE_OUTER_BOUND('',#5288,.T.);
#5288=EDGE_LOOP('',(#5289,#5299,#5309,#5319));
#5292=CARTESIAN_POINT('',(3.159,-0.335,0.182));
#5291=VERTEX_POINT('',#5292);
#5294=CARTESIAN_POINT('',(3.159,-0.935,0.182));
#5293=VERTEX_POINT('',#5294);
#5290=EDGE_CURVE('',#5291,#5293,#5295,.T.);
#5295=LINE('',#5292,#5297);
#5297=VECTOR('',#5298,0.600455990036603);
#5298=DIRECTION('',(0.0,-1.0,0.0));
#5289=ORIENTED_EDGE('',*,*,#5290,.F.);
#5302=CARTESIAN_POINT('',(3.137,-0.335,0.264));
#5301=VERTEX_POINT('',#5302);
#5300=EDGE_CURVE('',#5301,#5291,#5305,.T.);
#5305=LINE('',#5302,#5307);
#5307=VECTOR('',#5308,0.0842220986750953);
#5308=DIRECTION('',(0.259,0.0,-0.966));
#5299=ORIENTED_EDGE('',*,*,#5300,.F.);
#5312=CARTESIAN_POINT('',(3.137,-0.935,0.264));
#5311=VERTEX_POINT('',#5312);
#5310=EDGE_CURVE('',#5311,#5301,#5315,.T.);
#5315=LINE('',#5312,#5317);
#5317=VECTOR('',#5318,0.600455990026154);
#5318=DIRECTION('',(0.0,1.0,0.0));
#5309=ORIENTED_EDGE('',*,*,#5310,.F.);
#5320=EDGE_CURVE('',#5293,#5311,#5325,.T.);
#5325=LINE('',#5294,#5327);
#5327=VECTOR('',#5328,0.0842220986750953);
#5328=DIRECTION('',(-0.259,0.0,0.966));
#5319=ORIENTED_EDGE('',*,*,#5320,.F.);
#5329=STYLED_ITEM('',(#34),#5330);
#5330=ADVANCED_FACE('',(#5336),#5331,.T.);
#5331=PLANE('',#5332);
#5332=AXIS2_PLACEMENT_3D('',#5333,#5334,#5335);
#5333=CARTESIAN_POINT('',(3.058,-0.335,0.155));
#5334=DIRECTION('',(-0.966,0.0,-0.259));
#5335=DIRECTION('',(0.,0.,1.));
#5336=FACE_OUTER_BOUND('',#5337,.T.);
#5337=EDGE_LOOP('',(#5338,#5348,#5358,#5368));
#5341=CARTESIAN_POINT('',(3.058,-0.935,0.155));
#5340=VERTEX_POINT('',#5341);
#5343=CARTESIAN_POINT('',(3.058,-0.335,0.155));
#5342=VERTEX_POINT('',#5343);
#5339=EDGE_CURVE('',#5340,#5342,#5344,.T.);
#5344=LINE('',#5341,#5346);
#5346=VECTOR('',#5347,0.600455989992746);
#5347=DIRECTION('',(0.0,1.0,0.0));
#5338=ORIENTED_EDGE('',*,*,#5339,.F.);
#5351=CARTESIAN_POINT('',(3.036,-0.935,0.237));
#5350=VERTEX_POINT('',#5351);
#5349=EDGE_CURVE('',#5350,#5340,#5354,.T.);
#5354=LINE('',#5351,#5356);
#5356=VECTOR('',#5357,0.0842220986762303);
#5357=DIRECTION('',(0.259,0.0,-0.966));
#5348=ORIENTED_EDGE('',*,*,#5349,.F.);
#5361=CARTESIAN_POINT('',(3.036,-0.335,0.237));
#5360=VERTEX_POINT('',#5361);
#5359=EDGE_CURVE('',#5360,#5350,#5364,.T.);
#5364=LINE('',#5361,#5366);
#5366=VECTOR('',#5367,0.600455989984688);
#5367=DIRECTION('',(0.0,-1.0,0.0));
#5358=ORIENTED_EDGE('',*,*,#5359,.F.);
#5369=EDGE_CURVE('',#5342,#5360,#5374,.T.);
#5374=LINE('',#5343,#5376);
#5376=VECTOR('',#5377,0.0842220986762305);
#5377=DIRECTION('',(-0.259,0.0,0.966));
#5368=ORIENTED_EDGE('',*,*,#5369,.F.);
#5378=STYLED_ITEM('',(#34),#5379);
#5379=ADVANCED_FACE('',(#5385),#5380,.T.);
#5380=PLANE('',#5381);
#5381=AXIS2_PLACEMENT_3D('',#5382,#5383,#5384);
#5382=CARTESIAN_POINT('',(4.201,-0.935,0.105));
#5383=DIRECTION('',(0.0,0.0,1.0));
#5384=DIRECTION('',(0.,1.,0.));
#5385=FACE_OUTER_BOUND('',#5386,.T.);
#5386=EDGE_LOOP('',(#5387,#5397,#5407,#5417));
#5390=CARTESIAN_POINT('',(4.201,-0.335,0.105));
#5389=VERTEX_POINT('',#5390);
#5392=CARTESIAN_POINT('',(4.201,-0.935,0.105));
#5391=VERTEX_POINT('',#5392);
#5388=EDGE_CURVE('',#5389,#5391,#5393,.T.);
#5393=LINE('',#5390,#5395);
#5395=VECTOR('',#5396,0.600456);
#5396=DIRECTION('',(0.0,-1.0,0.0));
#5387=ORIENTED_EDGE('',*,*,#5388,.F.);
#5400=CARTESIAN_POINT('',(3.26,-0.335,0.105));
#5399=VERTEX_POINT('',#5400);
#5398=EDGE_CURVE('',#5399,#5389,#5403,.T.);
#5403=LINE('',#5400,#5405);
#5405=VECTOR('',#5406,0.940987669281997);
#5406=DIRECTION('',(1.0,0.0,0.0));
#5397=ORIENTED_EDGE('',*,*,#5398,.F.);
#5410=CARTESIAN_POINT('',(3.26,-0.935,0.105));
#5409=VERTEX_POINT('',#5410);
#5408=EDGE_CURVE('',#5409,#5399,#5413,.T.);
#5413=LINE('',#5410,#5415);
#5415=VECTOR('',#5416,0.600455990094297);
#5416=DIRECTION('',(0.0,1.0,0.0));
#5407=ORIENTED_EDGE('',*,*,#5408,.F.);
#5418=EDGE_CURVE('',#5391,#5409,#5423,.T.);
#5423=LINE('',#5392,#5425);
#5425=VECTOR('',#5426,0.940987669281997);
#5426=DIRECTION('',(-1.0,0.0,0.0));
#5417=ORIENTED_EDGE('',*,*,#5418,.F.);
#5427=STYLED_ITEM('',(#34),#5428);
#5428=ADVANCED_FACE('',(#5434),#5429,.T.);
#5429=PLANE('',#5430);
#5430=AXIS2_PLACEMENT_3D('',#5431,#5432,#5433);
#5431=CARTESIAN_POINT('',(3.26,-0.935,0.0));
#5432=DIRECTION('',(0.0,0.0,-1.0));
#5433=DIRECTION('',(0.,1.,0.));
#5434=FACE_OUTER_BOUND('',#5435,.T.);
#5435=EDGE_LOOP('',(#5436,#5446,#5456,#5466));
#5439=CARTESIAN_POINT('',(3.26,-0.335,0.0));
#5438=VERTEX_POINT('',#5439);
#5441=CARTESIAN_POINT('',(3.26,-0.935,0.0));
#5440=VERTEX_POINT('',#5441);
#5437=EDGE_CURVE('',#5438,#5440,#5442,.T.);
#5442=LINE('',#5439,#5444);
#5444=VECTOR('',#5445,0.600455990094297);
#5445=DIRECTION('',(0.0,-1.0,0.0));
#5436=ORIENTED_EDGE('',*,*,#5437,.F.);
#5449=CARTESIAN_POINT('',(4.201,-0.335,0.0));
#5448=VERTEX_POINT('',#5449);
#5447=EDGE_CURVE('',#5448,#5438,#5452,.T.);
#5452=LINE('',#5449,#5454);
#5454=VECTOR('',#5455,0.940987669281997);
#5455=DIRECTION('',(-1.0,0.0,0.0));
#5446=ORIENTED_EDGE('',*,*,#5447,.F.);
#5459=CARTESIAN_POINT('',(4.201,-0.935,0.0));
#5458=VERTEX_POINT('',#5459);
#5457=EDGE_CURVE('',#5458,#5448,#5462,.T.);
#5462=LINE('',#5459,#5464);
#5464=VECTOR('',#5465,0.600456);
#5465=DIRECTION('',(0.0,1.0,0.0));
#5456=ORIENTED_EDGE('',*,*,#5457,.F.);
#5467=EDGE_CURVE('',#5440,#5458,#5472,.T.);
#5472=LINE('',#5441,#5474);
#5474=VECTOR('',#5475,0.940987669281997);
#5475=DIRECTION('',(1.0,0.0,0.0));
#5466=ORIENTED_EDGE('',*,*,#5467,.F.);
#5476=STYLED_ITEM('',(#34),#5477);
#5477=ADVANCED_FACE('',(#5483),#5478,.T.);
#5478=PLANE('',#5479);
#5479=AXIS2_PLACEMENT_3D('',#5480,#5481,#5482);
#5480=CARTESIAN_POINT('',(4.201,-0.935,0.0));
#5481=DIRECTION('',(1.0,0.0,0.0));
#5482=DIRECTION('',(0.,0.,1.));
#5483=FACE_OUTER_BOUND('',#5484,.T.);
#5484=EDGE_LOOP('',(#5485,#5495,#5505,#5515));
#5485=ORIENTED_EDGE('',*,*,#5457,.T.);
#5496=EDGE_CURVE('',#5389,#5448,#5501,.T.);
#5501=LINE('',#5390,#5503);
#5503=VECTOR('',#5504,0.104775);
#5504=DIRECTION('',(0.0,0.0,-1.0));
#5495=ORIENTED_EDGE('',*,*,#5496,.F.);
#5505=ORIENTED_EDGE('',*,*,#5388,.T.);
#5516=EDGE_CURVE('',#5458,#5391,#5521,.T.);
#5521=LINE('',#5459,#5523);
#5523=VECTOR('',#5524,0.104775);
#5524=DIRECTION('',(0.0,0.0,1.0));
#5515=ORIENTED_EDGE('',*,*,#5516,.F.);
#5525=STYLED_ITEM($,(#34),#5526);
#5526=ADVANCED_FACE($,(#5532),#5527,.T.);
#5527=CYLINDRICAL_SURFACE($,#5528,0.20955);
#5528=AXIS2_PLACEMENT_3D($,#5529,#5530,#5531);
#5529=CARTESIAN_POINT('',(2.935,-0.335,0.21));
#5530=DIRECTION('',(0.0,1.0,0.0));
#5531=DIRECTION('',(0.,0.,1.));
#5532=FACE_OUTER_BOUND($,#5533,.T.);
#5533=EDGE_LOOP($,(#5545,#5555,#5566,#5534));
#5545=ORIENTED_EDGE('',*,*,#5212,.T.);
#5556=EDGE_CURVE($,#5311,#5203,#5561,.T.);
#5561=CIRCLE($,#5562,0.20955);
#5563=CARTESIAN_POINT('',(2.935,-0.935,0.21));
#5562=AXIS2_PLACEMENT_3D($,#5563,#5564,#5565);
#5564=DIRECTION('',(0.0,-1.0,0.0));
#5565=DIRECTION('',(-0.793,0.0,0.609));
#5555=ORIENTED_EDGE('',*,*,#5556,.F.);
#5566=ORIENTED_EDGE('',*,*,#5310,.T.);
#5535=EDGE_CURVE($,#5213,#5301,#5540,.T.);
#5540=CIRCLE($,#5541,0.20955);
#5542=CARTESIAN_POINT('',(2.935,-0.335,0.21));
#5541=AXIS2_PLACEMENT_3D($,#5542,#5543,#5544);
#5543=DIRECTION('',(0.0,1.0,0.0));
#5544=DIRECTION('',(0.793,0.0,-0.609));
#5534=ORIENTED_EDGE('',*,*,#5535,.F.);
#5576=STYLED_ITEM($,(#34),#5577);
#5577=ADVANCED_FACE($,(#5583),#5578,.F.);
#5578=CYLINDRICAL_SURFACE($,#5579,0.104775);
#5579=AXIS2_PLACEMENT_3D($,#5580,#5581,#5582);
#5580=CARTESIAN_POINT('',(2.935,-0.935,0.21));
#5581=DIRECTION('',(0.0,1.0,0.0));
#5582=DIRECTION('',(0.,0.,-1.));
#5583=FACE_OUTER_BOUND($,#5584,.T.);
#5584=EDGE_LOOP($,(#5596,#5606,#5617,#5585));
#5596=ORIENTED_EDGE('',*,*,#5261,.T.);
#5607=EDGE_CURVE($,#5360,#5252,#5612,.T.);
#5612=CIRCLE($,#5613,0.104775);
#5613=AXIS2_PLACEMENT_3D($,#5542,#5615,#5616);
#5615=DIRECTION('',(0.0,-1.0,0.0));
#5616=DIRECTION('',(-0.793,0.0,0.609));
#5606=ORIENTED_EDGE('',*,*,#5607,.F.);
#5617=ORIENTED_EDGE('',*,*,#5359,.T.);
#5586=EDGE_CURVE($,#5262,#5350,#5591,.T.);
#5591=CIRCLE($,#5592,0.104775);
#5592=AXIS2_PLACEMENT_3D($,#5563,#5594,#5595);
#5594=DIRECTION('',(0.0,1.0,0.0));
#5595=DIRECTION('',(0.793,0.0,-0.609));
#5585=ORIENTED_EDGE('',*,*,#5586,.F.);
#5627=STYLED_ITEM($,(#34),#5628);
#5628=ADVANCED_FACE($,(#5634),#5629,.F.);
#5629=CYLINDRICAL_SURFACE($,#5630,0.104775);
#5630=AXIS2_PLACEMENT_3D($,#5631,#5632,#5633);
#5631=CARTESIAN_POINT('',(3.26,-0.935,0.21));
#5632=DIRECTION('',(0.0,1.0,0.0));
#5633=DIRECTION('',(0.,0.,1.));
#5634=FACE_OUTER_BOUND($,#5635,.T.);
#5635=EDGE_LOOP($,(#5647,#5657,#5668,#5636));
#5647=ORIENTED_EDGE('',*,*,#5408,.T.);
#5658=EDGE_CURVE($,#5291,#5399,#5663,.T.);
#5663=CIRCLE($,#5664,0.104775);
#5665=CARTESIAN_POINT('',(3.26,-0.335,0.21));
#5664=AXIS2_PLACEMENT_3D($,#5665,#5666,#5667);
#5666=DIRECTION('',(0.0,-1.0,0.0));
#5667=DIRECTION('',(0.793,0.0,-0.609));
#5657=ORIENTED_EDGE('',*,*,#5658,.F.);
#5668=ORIENTED_EDGE('',*,*,#5290,.T.);
#5637=EDGE_CURVE($,#5409,#5293,#5642,.T.);
#5642=CIRCLE($,#5643,0.104775);
#5644=CARTESIAN_POINT('',(3.26,-0.935,0.21));
#5643=AXIS2_PLACEMENT_3D($,#5644,#5645,#5646);
#5645=DIRECTION('',(0.0,1.0,0.0));
#5646=DIRECTION('',(-0.793,0.0,0.609));
#5636=ORIENTED_EDGE('',*,*,#5637,.F.);
#5678=STYLED_ITEM($,(#34),#5679);
#5679=ADVANCED_FACE($,(#5685),#5680,.T.);
#5680=CYLINDRICAL_SURFACE($,#5681,0.20955);
#5681=AXIS2_PLACEMENT_3D($,#5682,#5683,#5684);
#5682=CARTESIAN_POINT('',(3.26,-0.935,0.21));
#5683=DIRECTION('',(0.0,1.0,0.0));
#5684=DIRECTION('',(0.,0.,-1.));
#5685=FACE_OUTER_BOUND($,#5686,.T.);
#5686=EDGE_LOOP($,(#5698,#5708,#5719,#5687));
#5698=ORIENTED_EDGE('',*,*,#5437,.T.);
#5709=EDGE_CURVE($,#5340,#5440,#5714,.T.);
#5714=CIRCLE($,#5715,0.20955);
#5715=AXIS2_PLACEMENT_3D($,#5644,#5717,#5718);
#5717=DIRECTION('',(0.0,-1.0,0.0));
#5718=DIRECTION('',(0.793,0.0,-0.609));
#5708=ORIENTED_EDGE('',*,*,#5709,.F.);
#5719=ORIENTED_EDGE('',*,*,#5339,.T.);
#5688=EDGE_CURVE($,#5438,#5342,#5693,.T.);
#5693=CIRCLE($,#5694,0.20955);
#5694=AXIS2_PLACEMENT_3D($,#5665,#5696,#5697);
#5696=DIRECTION('',(0.0,1.0,0.0));
#5697=DIRECTION('',(-0.793,0.0,0.609));
#5687=ORIENTED_EDGE('',*,*,#5688,.F.);
#5729=STYLED_ITEM('color',(#34),#5730);
#5730=ADVANCED_FACE($,(#5736),#5731,.T.);
#5731=PLANE($,#5732);
#5732=AXIS2_PLACEMENT_3D($,#5733,#5734,#5735);
#5733=CARTESIAN_POINT('',(1.994,-0.935,0.314));
#5734=DIRECTION('',(0.0,-1.0,0.0));
#5735=DIRECTION('',(1.,0.,0.));
#5736=FACE_OUTER_BOUND($,#5737,.T.);
#5737=EDGE_LOOP($,(#5740, #5750, #5760, #5823, #5834, #5770, #5781, #5791, #5801, #5811, #5844, #5854));
#5740=ORIENTED_EDGE('',*,*,#5202,.T.);
#5750=ORIENTED_EDGE('',*,*,#5153,.T.);
#5760=ORIENTED_EDGE('',*,*,#5271,.T.);
#5823=ORIENTED_EDGE('',*,*,#5586,.T.);
#5834=ORIENTED_EDGE('',*,*,#5349,.T.);
#5770=ORIENTED_EDGE('',*,*,#5709,.T.);
#5781=ORIENTED_EDGE('',*,*,#5467,.T.);
#5791=ORIENTED_EDGE('',*,*,#5516,.T.);
#5801=ORIENTED_EDGE('',*,*,#5418,.T.);
#5811=ORIENTED_EDGE('',*,*,#5637,.T.);
#5844=ORIENTED_EDGE('',*,*,#5320,.T.);
#5854=ORIENTED_EDGE('',*,*,#5556,.T.);
#5865=STYLED_ITEM('color',(#34),#5866);
#5866=ADVANCED_FACE($,(#5872),#5867,.T.);
#5867=PLANE($,#5868);
#5868=AXIS2_PLACEMENT_3D($,#5869,#5870,#5871);
#5869=CARTESIAN_POINT('',(3.26,-0.335,0.105));
#5870=DIRECTION('',(0.0,1.0,0.0));
#5871=DIRECTION('',(1.,0.,0.));
#5872=FACE_OUTER_BOUND($,#5873,.T.);
#5873=EDGE_LOOP($,(#5876, #5886, #5896, #5959, #5970, #5906, #5917, #5927, #5937, #5947, #5980, #5990));
#5876=ORIENTED_EDGE('',*,*,#5251,.T.);
#5886=ORIENTED_EDGE('',*,*,#5173,.T.);
#5896=ORIENTED_EDGE('',*,*,#5222,.T.);
#5959=ORIENTED_EDGE('',*,*,#5535,.T.);
#5970=ORIENTED_EDGE('',*,*,#5300,.T.);
#5906=ORIENTED_EDGE('',*,*,#5658,.T.);
#5917=ORIENTED_EDGE('',*,*,#5398,.T.);
#5927=ORIENTED_EDGE('',*,*,#5496,.T.);
#5937=ORIENTED_EDGE('',*,*,#5447,.T.);
#5947=ORIENTED_EDGE('',*,*,#5688,.T.);
#5980=ORIENTED_EDGE('',*,*,#5369,.T.);
#5990=ORIENTED_EDGE('',*,*,#5607,.T.);
#6001=MANIFOLD_SOLID_BREP($,#6002);
#6002=CLOSED_SHELL('',(#6004,#6053,#6102,#6151,#6200,#6249,#6298,#6347,#6396,#6447,#6498,#6549,#6600,#6736));
#6003=STYLED_ITEM('',(#34),#6004);
#6004=ADVANCED_FACE('',(#6010),#6005,.T.);
#6005=PLANE('',#6006);
#6006=AXIS2_PLACEMENT_3D('',#6007,#6008,#6009);
#6007=CARTESIAN_POINT('',(1.994,0.935,0.314));
#6008=DIRECTION('',(-1.0,0.0,0.0));
#6009=DIRECTION('',(0.,0.,1.));
#6010=FACE_OUTER_BOUND('',#6011,.T.);
#6011=EDGE_LOOP('',(#6012,#6022,#6032,#6042));
#6015=CARTESIAN_POINT('',(1.994,0.335,0.314));
#6014=VERTEX_POINT('',#6015);
#6017=CARTESIAN_POINT('',(1.994,0.935,0.314));
#6016=VERTEX_POINT('',#6017);
#6013=EDGE_CURVE('',#6014,#6016,#6018,.T.);
#6018=LINE('',#6015,#6020);
#6020=VECTOR('',#6021,0.600455989829251);
#6021=DIRECTION('',(0.0,1.0,0.0));
#6012=ORIENTED_EDGE('',*,*,#6013,.F.);
#6025=CARTESIAN_POINT('',(1.994,0.335,0.419));
#6024=VERTEX_POINT('',#6025);
#6023=EDGE_CURVE('',#6024,#6014,#6028,.T.);
#6028=LINE('',#6025,#6030);
#6030=VECTOR('',#6031,0.104775);
#6031=DIRECTION('',(0.0,0.0,-1.0));
#6022=ORIENTED_EDGE('',*,*,#6023,.F.);
#6035=CARTESIAN_POINT('',(1.994,0.935,0.419));
#6034=VERTEX_POINT('',#6035);
#6033=EDGE_CURVE('',#6034,#6024,#6038,.T.);
#6038=LINE('',#6035,#6040);
#6040=VECTOR('',#6041,0.600455989829251);
#6041=DIRECTION('',(0.0,-1.0,0.0));
#6032=ORIENTED_EDGE('',*,*,#6033,.F.);
#6043=EDGE_CURVE('',#6016,#6034,#6048,.T.);
#6048=LINE('',#6017,#6050);
#6050=VECTOR('',#6051,0.104775);
#6051=DIRECTION('',(0.0,0.0,1.0));
#6042=ORIENTED_EDGE('',*,*,#6043,.F.);
#6052=STYLED_ITEM('',(#34),#6053);
#6053=ADVANCED_FACE('',(#6059),#6054,.T.);
#6054=PLANE('',#6055);
#6055=AXIS2_PLACEMENT_3D('',#6056,#6057,#6058);
#6056=CARTESIAN_POINT('',(1.994,0.935,0.419));
#6057=DIRECTION('',(0.0,0.0,1.0));
#6058=DIRECTION('',(0.,1.,0.));
#6059=FACE_OUTER_BOUND('',#6060,.T.);
#6060=EDGE_LOOP('',(#6061,#6071,#6081,#6091));
#6061=ORIENTED_EDGE('',*,*,#6033,.T.);
#6074=CARTESIAN_POINT('',(2.935,0.335,0.419));
#6073=VERTEX_POINT('',#6074);
#6072=EDGE_CURVE('',#6073,#6024,#6077,.T.);
#6077=LINE('',#6074,#6079);
#6079=VECTOR('',#6080,0.940987675246993);
#6080=DIRECTION('',(-1.0,0.0,0.0));
#6071=ORIENTED_EDGE('',*,*,#6072,.F.);
#6084=CARTESIAN_POINT('',(2.935,0.935,0.419));
#6083=VERTEX_POINT('',#6084);
#6082=EDGE_CURVE('',#6083,#6073,#6087,.T.);
#6087=LINE('',#6084,#6089);
#6089=VECTOR('',#6090,0.600455989952337);
#6090=DIRECTION('',(0.0,-1.0,0.0));
#6081=ORIENTED_EDGE('',*,*,#6082,.F.);
#6092=EDGE_CURVE('',#6034,#6083,#6097,.T.);
#6097=LINE('',#6035,#6099);
#6099=VECTOR('',#6100,0.940987675246993);
#6100=DIRECTION('',(1.0,0.0,0.0));
#6091=ORIENTED_EDGE('',*,*,#6092,.F.);
#6101=STYLED_ITEM('',(#34),#6102);
#6102=ADVANCED_FACE('',(#6108),#6103,.T.);
#6103=PLANE('',#6104);
#6104=AXIS2_PLACEMENT_3D('',#6105,#6106,#6107);
#6105=CARTESIAN_POINT('',(1.994,0.335,0.314));
#6106=DIRECTION('',(0.0,0.0,-1.0));
#6107=DIRECTION('',(0.,1.,0.));
#6108=FACE_OUTER_BOUND('',#6109,.T.);
#6109=EDGE_LOOP('',(#6110,#6120,#6130,#6140));
#6110=ORIENTED_EDGE('',*,*,#6013,.T.);
#6123=CARTESIAN_POINT('',(2.935,0.935,0.314));
#6122=VERTEX_POINT('',#6123);
#6121=EDGE_CURVE('',#6122,#6016,#6126,.T.);
#6126=LINE('',#6123,#6128);
#6128=VECTOR('',#6129,0.940987675246993);
#6129=DIRECTION('',(-1.0,0.0,0.0));
#6120=ORIENTED_EDGE('',*,*,#6121,.F.);
#6133=CARTESIAN_POINT('',(2.935,0.335,0.314));
#6132=VERTEX_POINT('',#6133);
#6131=EDGE_CURVE('',#6132,#6122,#6136,.T.);
#6136=LINE('',#6133,#6138);
#6138=VECTOR('',#6139,0.600455989952337);
#6139=DIRECTION('',(0.0,1.0,0.0));
#6130=ORIENTED_EDGE('',*,*,#6131,.F.);
#6141=EDGE_CURVE('',#6014,#6132,#6146,.T.);
#6146=LINE('',#6015,#6148);
#6148=VECTOR('',#6149,0.940987675246993);
#6149=DIRECTION('',(1.0,0.0,0.0));
#6140=ORIENTED_EDGE('',*,*,#6141,.F.);
#6150=STYLED_ITEM('',(#34),#6151);
#6151=ADVANCED_FACE('',(#6157),#6152,.T.);
#6152=PLANE('',#6153);
#6153=AXIS2_PLACEMENT_3D('',#6154,#6155,#6156);
#6154=CARTESIAN_POINT('',(3.159,0.335,0.182));
#6155=DIRECTION('',(0.966,0.0,0.259));
#6156=DIRECTION('',(0.,0.,1.));
#6157=FACE_OUTER_BOUND('',#6158,.T.);
#6158=EDGE_LOOP('',(#6159,#6169,#6179,#6189));
#6162=CARTESIAN_POINT('',(3.159,0.935,0.182));
#6161=VERTEX_POINT('',#6162);
#6164=CARTESIAN_POINT('',(3.159,0.335,0.182));
#6163=VERTEX_POINT('',#6164);
#6160=EDGE_CURVE('',#6161,#6163,#6165,.T.);
#6165=LINE('',#6162,#6167);
#6167=VECTOR('',#6168,0.600455990036603);
#6168=DIRECTION('',(0.0,-1.0,0.0));
#6159=ORIENTED_EDGE('',*,*,#6160,.F.);
#6172=CARTESIAN_POINT('',(3.137,0.935,0.264));
#6171=VERTEX_POINT('',#6172);
#6170=EDGE_CURVE('',#6171,#6161,#6175,.T.);
#6175=LINE('',#6172,#6177);
#6177=VECTOR('',#6178,0.0842220986750953);
#6178=DIRECTION('',(0.259,0.0,-0.966));
#6169=ORIENTED_EDGE('',*,*,#6170,.F.);
#6182=CARTESIAN_POINT('',(3.137,0.335,0.264));
#6181=VERTEX_POINT('',#6182);
#6180=EDGE_CURVE('',#6181,#6171,#6185,.T.);
#6185=LINE('',#6182,#6187);
#6187=VECTOR('',#6188,0.600455990026153);
#6188=DIRECTION('',(0.0,1.0,0.0));
#6179=ORIENTED_EDGE('',*,*,#6180,.F.);
#6190=EDGE_CURVE('',#6163,#6181,#6195,.T.);
#6195=LINE('',#6164,#6197);
#6197=VECTOR('',#6198,0.0842220986750953);
#6198=DIRECTION('',(-0.259,0.0,0.966));
#6189=ORIENTED_EDGE('',*,*,#6190,.F.);
#6199=STYLED_ITEM('',(#34),#6200);
#6200=ADVANCED_FACE('',(#6206),#6201,.T.);
#6201=PLANE('',#6202);
#6202=AXIS2_PLACEMENT_3D('',#6203,#6204,#6205);
#6203=CARTESIAN_POINT('',(3.058,0.935,0.155));
#6204=DIRECTION('',(-0.966,0.0,-0.259));
#6205=DIRECTION('',(0.,0.,1.));
#6206=FACE_OUTER_BOUND('',#6207,.T.);
#6207=EDGE_LOOP('',(#6208,#6218,#6228,#6238));
#6211=CARTESIAN_POINT('',(3.058,0.335,0.155));
#6210=VERTEX_POINT('',#6211);
#6213=CARTESIAN_POINT('',(3.058,0.935,0.155));
#6212=VERTEX_POINT('',#6213);
#6209=EDGE_CURVE('',#6210,#6212,#6214,.T.);
#6214=LINE('',#6211,#6216);
#6216=VECTOR('',#6217,0.600455989992746);
#6217=DIRECTION('',(0.0,1.0,0.0));
#6208=ORIENTED_EDGE('',*,*,#6209,.F.);
#6221=CARTESIAN_POINT('',(3.036,0.335,0.237));
#6220=VERTEX_POINT('',#6221);
#6219=EDGE_CURVE('',#6220,#6210,#6224,.T.);
#6224=LINE('',#6221,#6226);
#6226=VECTOR('',#6227,0.0842220986762303);
#6227=DIRECTION('',(0.259,0.0,-0.966));
#6218=ORIENTED_EDGE('',*,*,#6219,.F.);
#6231=CARTESIAN_POINT('',(3.036,0.935,0.237));
#6230=VERTEX_POINT('',#6231);
#6229=EDGE_CURVE('',#6230,#6220,#6234,.T.);
#6234=LINE('',#6231,#6236);
#6236=VECTOR('',#6237,0.600455989984688);
#6237=DIRECTION('',(0.0,-1.0,0.0));
#6228=ORIENTED_EDGE('',*,*,#6229,.F.);
#6239=EDGE_CURVE('',#6212,#6230,#6244,.T.);
#6244=LINE('',#6213,#6246);
#6246=VECTOR('',#6247,0.0842220986762305);
#6247=DIRECTION('',(-0.259,0.0,0.966));
#6238=ORIENTED_EDGE('',*,*,#6239,.F.);
#6248=STYLED_ITEM('',(#34),#6249);
#6249=ADVANCED_FACE('',(#6255),#6250,.T.);
#6250=PLANE('',#6251);
#6251=AXIS2_PLACEMENT_3D('',#6252,#6253,#6254);
#6252=CARTESIAN_POINT('',(4.201,0.335,0.105));
#6253=DIRECTION('',(0.0,0.0,1.0));
#6254=DIRECTION('',(0.,1.,0.));
#6255=FACE_OUTER_BOUND('',#6256,.T.);
#6256=EDGE_LOOP('',(#6257,#6267,#6277,#6287));
#6260=CARTESIAN_POINT('',(4.201,0.935,0.105));
#6259=VERTEX_POINT('',#6260);
#6262=CARTESIAN_POINT('',(4.201,0.335,0.105));
#6261=VERTEX_POINT('',#6262);
#6258=EDGE_CURVE('',#6259,#6261,#6263,.T.);
#6263=LINE('',#6260,#6265);
#6265=VECTOR('',#6266,0.600456);
#6266=DIRECTION('',(0.0,-1.0,0.0));
#6257=ORIENTED_EDGE('',*,*,#6258,.F.);
#6270=CARTESIAN_POINT('',(3.26,0.935,0.105));
#6269=VERTEX_POINT('',#6270);
#6268=EDGE_CURVE('',#6269,#6259,#6273,.T.);
#6273=LINE('',#6270,#6275);
#6275=VECTOR('',#6276,0.940987669281997);
#6276=DIRECTION('',(1.0,0.0,0.0));
#6267=ORIENTED_EDGE('',*,*,#6268,.F.);
#6280=CARTESIAN_POINT('',(3.26,0.335,0.105));
#6279=VERTEX_POINT('',#6280);
#6278=EDGE_CURVE('',#6279,#6269,#6283,.T.);
#6283=LINE('',#6280,#6285);
#6285=VECTOR('',#6286,0.600455990094297);
#6286=DIRECTION('',(0.0,1.0,0.0));
#6277=ORIENTED_EDGE('',*,*,#6278,.F.);
#6288=EDGE_CURVE('',#6261,#6279,#6293,.T.);
#6293=LINE('',#6262,#6295);
#6295=VECTOR('',#6296,0.940987669281997);
#6296=DIRECTION('',(-1.0,0.0,0.0));
#6287=ORIENTED_EDGE('',*,*,#6288,.F.);
#6297=STYLED_ITEM('',(#34),#6298);
#6298=ADVANCED_FACE('',(#6304),#6299,.T.);
#6299=PLANE('',#6300);
#6300=AXIS2_PLACEMENT_3D('',#6301,#6302,#6303);
#6301=CARTESIAN_POINT('',(3.26,0.335,0.0));
#6302=DIRECTION('',(0.0,0.0,-1.0));
#6303=DIRECTION('',(0.,1.,0.));
#6304=FACE_OUTER_BOUND('',#6305,.T.);
#6305=EDGE_LOOP('',(#6306,#6316,#6326,#6336));
#6309=CARTESIAN_POINT('',(3.26,0.935,0.0));
#6308=VERTEX_POINT('',#6309);
#6311=CARTESIAN_POINT('',(3.26,0.335,0.0));
#6310=VERTEX_POINT('',#6311);
#6307=EDGE_CURVE('',#6308,#6310,#6312,.T.);
#6312=LINE('',#6309,#6314);
#6314=VECTOR('',#6315,0.600455990094297);
#6315=DIRECTION('',(0.0,-1.0,0.0));
#6306=ORIENTED_EDGE('',*,*,#6307,.F.);
#6319=CARTESIAN_POINT('',(4.201,0.935,0.0));
#6318=VERTEX_POINT('',#6319);
#6317=EDGE_CURVE('',#6318,#6308,#6322,.T.);
#6322=LINE('',#6319,#6324);
#6324=VECTOR('',#6325,0.940987669281997);
#6325=DIRECTION('',(-1.0,0.0,0.0));
#6316=ORIENTED_EDGE('',*,*,#6317,.F.);
#6329=CARTESIAN_POINT('',(4.201,0.335,0.0));
#6328=VERTEX_POINT('',#6329);
#6327=EDGE_CURVE('',#6328,#6318,#6332,.T.);
#6332=LINE('',#6329,#6334);
#6334=VECTOR('',#6335,0.600456);
#6335=DIRECTION('',(0.0,1.0,0.0));
#6326=ORIENTED_EDGE('',*,*,#6327,.F.);
#6337=EDGE_CURVE('',#6310,#6328,#6342,.T.);
#6342=LINE('',#6311,#6344);
#6344=VECTOR('',#6345,0.940987669281997);
#6345=DIRECTION('',(1.0,0.0,0.0));
#6336=ORIENTED_EDGE('',*,*,#6337,.F.);
#6346=STYLED_ITEM('',(#34),#6347);
#6347=ADVANCED_FACE('',(#6353),#6348,.T.);
#6348=PLANE('',#6349);
#6349=AXIS2_PLACEMENT_3D('',#6350,#6351,#6352);
#6350=CARTESIAN_POINT('',(4.201,0.335,0.0));
#6351=DIRECTION('',(1.0,0.0,0.0));
#6352=DIRECTION('',(0.,0.,1.));
#6353=FACE_OUTER_BOUND('',#6354,.T.);
#6354=EDGE_LOOP('',(#6355,#6365,#6375,#6385));
#6355=ORIENTED_EDGE('',*,*,#6327,.T.);
#6366=EDGE_CURVE('',#6259,#6318,#6371,.T.);
#6371=LINE('',#6260,#6373);
#6373=VECTOR('',#6374,0.104775);
#6374=DIRECTION('',(0.0,0.0,-1.0));
#6365=ORIENTED_EDGE('',*,*,#6366,.F.);
#6375=ORIENTED_EDGE('',*,*,#6258,.T.);
#6386=EDGE_CURVE('',#6328,#6261,#6391,.T.);
#6391=LINE('',#6329,#6393);
#6393=VECTOR('',#6394,0.104775);
#6394=DIRECTION('',(0.0,0.0,1.0));
#6385=ORIENTED_EDGE('',*,*,#6386,.F.);
#6395=STYLED_ITEM($,(#34),#6396);
#6396=ADVANCED_FACE($,(#6402),#6397,.T.);
#6397=CYLINDRICAL_SURFACE($,#6398,0.20955);
#6398=AXIS2_PLACEMENT_3D($,#6399,#6400,#6401);
#6399=CARTESIAN_POINT('',(2.935,0.935,0.21));
#6400=DIRECTION('',(0.0,1.0,0.0));
#6401=DIRECTION('',(0.,0.,1.));
#6402=FACE_OUTER_BOUND($,#6403,.T.);
#6403=EDGE_LOOP($,(#6415,#6425,#6436,#6404));
#6415=ORIENTED_EDGE('',*,*,#6082,.T.);
#6426=EDGE_CURVE($,#6181,#6073,#6431,.T.);
#6431=CIRCLE($,#6432,0.20955);
#6433=CARTESIAN_POINT('',(2.935,0.335,0.21));
#6432=AXIS2_PLACEMENT_3D($,#6433,#6434,#6435);
#6434=DIRECTION('',(0.0,-1.0,0.0));
#6435=DIRECTION('',(-0.793,0.0,0.609));
#6425=ORIENTED_EDGE('',*,*,#6426,.F.);
#6436=ORIENTED_EDGE('',*,*,#6180,.T.);
#6405=EDGE_CURVE($,#6083,#6171,#6410,.T.);
#6410=CIRCLE($,#6411,0.20955);
#6412=CARTESIAN_POINT('',(2.935,0.935,0.21));
#6411=AXIS2_PLACEMENT_3D($,#6412,#6413,#6414);
#6413=DIRECTION('',(0.0,1.0,0.0));
#6414=DIRECTION('',(0.793,0.0,-0.609));
#6404=ORIENTED_EDGE('',*,*,#6405,.F.);
#6446=STYLED_ITEM($,(#34),#6447);
#6447=ADVANCED_FACE($,(#6453),#6448,.F.);
#6448=CYLINDRICAL_SURFACE($,#6449,0.104775);
#6449=AXIS2_PLACEMENT_3D($,#6450,#6451,#6452);
#6450=CARTESIAN_POINT('',(2.935,0.335,0.21));
#6451=DIRECTION('',(0.0,1.0,0.0));
#6452=DIRECTION('',(0.,0.,-1.));
#6453=FACE_OUTER_BOUND($,#6454,.T.);
#6454=EDGE_LOOP($,(#6466,#6476,#6487,#6455));
#6466=ORIENTED_EDGE('',*,*,#6131,.T.);
#6477=EDGE_CURVE($,#6230,#6122,#6482,.T.);
#6482=CIRCLE($,#6483,0.104775);
#6483=AXIS2_PLACEMENT_3D($,#6412,#6485,#6486);
#6485=DIRECTION('',(0.0,-1.0,0.0));
#6486=DIRECTION('',(-0.793,0.0,0.609));
#6476=ORIENTED_EDGE('',*,*,#6477,.F.);
#6487=ORIENTED_EDGE('',*,*,#6229,.T.);
#6456=EDGE_CURVE($,#6132,#6220,#6461,.T.);
#6461=CIRCLE($,#6462,0.104775);
#6462=AXIS2_PLACEMENT_3D($,#6433,#6464,#6465);
#6464=DIRECTION('',(0.0,1.0,0.0));
#6465=DIRECTION('',(0.793,0.0,-0.609));
#6455=ORIENTED_EDGE('',*,*,#6456,.F.);
#6497=STYLED_ITEM($,(#34),#6498);
#6498=ADVANCED_FACE($,(#6504),#6499,.F.);
#6499=CYLINDRICAL_SURFACE($,#6500,0.104775);
#6500=AXIS2_PLACEMENT_3D($,#6501,#6502,#6503);
#6501=CARTESIAN_POINT('',(3.26,0.335,0.21));
#6502=DIRECTION('',(0.0,1.0,0.0));
#6503=DIRECTION('',(0.,0.,1.));
#6504=FACE_OUTER_BOUND($,#6505,.T.);
#6505=EDGE_LOOP($,(#6517,#6527,#6538,#6506));
#6517=ORIENTED_EDGE('',*,*,#6278,.T.);
#6528=EDGE_CURVE($,#6161,#6269,#6533,.T.);
#6533=CIRCLE($,#6534,0.104775);
#6535=CARTESIAN_POINT('',(3.26,0.935,0.21));
#6534=AXIS2_PLACEMENT_3D($,#6535,#6536,#6537);
#6536=DIRECTION('',(0.0,-1.0,0.0));
#6537=DIRECTION('',(0.793,0.0,-0.609));
#6527=ORIENTED_EDGE('',*,*,#6528,.F.);
#6538=ORIENTED_EDGE('',*,*,#6160,.T.);
#6507=EDGE_CURVE($,#6279,#6163,#6512,.T.);
#6512=CIRCLE($,#6513,0.104775);
#6514=CARTESIAN_POINT('',(3.26,0.335,0.21));
#6513=AXIS2_PLACEMENT_3D($,#6514,#6515,#6516);
#6515=DIRECTION('',(0.0,1.0,0.0));
#6516=DIRECTION('',(-0.793,0.0,0.609));
#6506=ORIENTED_EDGE('',*,*,#6507,.F.);
#6548=STYLED_ITEM($,(#34),#6549);
#6549=ADVANCED_FACE($,(#6555),#6550,.T.);
#6550=CYLINDRICAL_SURFACE($,#6551,0.20955);
#6551=AXIS2_PLACEMENT_3D($,#6552,#6553,#6554);
#6552=CARTESIAN_POINT('',(3.26,0.335,0.21));
#6553=DIRECTION('',(0.0,1.0,0.0));
#6554=DIRECTION('',(0.,0.,-1.));
#6555=FACE_OUTER_BOUND($,#6556,.T.);
#6556=EDGE_LOOP($,(#6568,#6578,#6589,#6557));
#6568=ORIENTED_EDGE('',*,*,#6307,.T.);
#6579=EDGE_CURVE($,#6210,#6310,#6584,.T.);
#6584=CIRCLE($,#6585,0.20955);
#6585=AXIS2_PLACEMENT_3D($,#6514,#6587,#6588);
#6587=DIRECTION('',(0.0,-1.0,0.0));
#6588=DIRECTION('',(0.793,0.0,-0.609));
#6578=ORIENTED_EDGE('',*,*,#6579,.F.);
#6589=ORIENTED_EDGE('',*,*,#6209,.T.);
#6558=EDGE_CURVE($,#6308,#6212,#6563,.T.);
#6563=CIRCLE($,#6564,0.20955);
#6564=AXIS2_PLACEMENT_3D($,#6535,#6566,#6567);
#6566=DIRECTION('',(0.0,1.0,0.0));
#6567=DIRECTION('',(-0.793,0.0,0.609));
#6557=ORIENTED_EDGE('',*,*,#6558,.F.);
#6599=STYLED_ITEM('color',(#34),#6600);
#6600=ADVANCED_FACE($,(#6606),#6601,.T.);
#6601=PLANE($,#6602);
#6602=AXIS2_PLACEMENT_3D($,#6603,#6604,#6605);
#6603=CARTESIAN_POINT('',(1.994,0.335,0.314));
#6604=DIRECTION('',(0.0,-1.0,0.0));
#6605=DIRECTION('',(1.,0.,0.));
#6606=FACE_OUTER_BOUND($,#6607,.T.);
#6607=EDGE_LOOP($,(#6610, #6620, #6630, #6693, #6704, #6640, #6651, #6661, #6671, #6681, #6714, #6724));
#6610=ORIENTED_EDGE('',*,*,#6072,.T.);
#6620=ORIENTED_EDGE('',*,*,#6023,.T.);
#6630=ORIENTED_EDGE('',*,*,#6141,.T.);
#6693=ORIENTED_EDGE('',*,*,#6456,.T.);
#6704=ORIENTED_EDGE('',*,*,#6219,.T.);
#6640=ORIENTED_EDGE('',*,*,#6579,.T.);
#6651=ORIENTED_EDGE('',*,*,#6337,.T.);
#6661=ORIENTED_EDGE('',*,*,#6386,.T.);
#6671=ORIENTED_EDGE('',*,*,#6288,.T.);
#6681=ORIENTED_EDGE('',*,*,#6507,.T.);
#6714=ORIENTED_EDGE('',*,*,#6190,.T.);
#6724=ORIENTED_EDGE('',*,*,#6426,.T.);
#6735=STYLED_ITEM('color',(#34),#6736);
#6736=ADVANCED_FACE($,(#6742),#6737,.T.);
#6737=PLANE($,#6738);
#6738=AXIS2_PLACEMENT_3D($,#6739,#6740,#6741);
#6739=CARTESIAN_POINT('',(3.26,0.935,0.105));
#6740=DIRECTION('',(0.0,1.0,0.0));
#6741=DIRECTION('',(1.,0.,0.));
#6742=FACE_OUTER_BOUND($,#6743,.T.);
#6743=EDGE_LOOP($,(#6746, #6756, #6766, #6829, #6840, #6776, #6787, #6797, #6807, #6817, #6850, #6860));
#6746=ORIENTED_EDGE('',*,*,#6121,.T.);
#6756=ORIENTED_EDGE('',*,*,#6043,.T.);
#6766=ORIENTED_EDGE('',*,*,#6092,.T.);
#6829=ORIENTED_EDGE('',*,*,#6405,.T.);
#6840=ORIENTED_EDGE('',*,*,#6170,.T.);
#6776=ORIENTED_EDGE('',*,*,#6528,.T.);
#6787=ORIENTED_EDGE('',*,*,#6268,.T.);
#6797=ORIENTED_EDGE('',*,*,#6366,.T.);
#6807=ORIENTED_EDGE('',*,*,#6317,.T.);
#6817=ORIENTED_EDGE('',*,*,#6558,.T.);
#6850=ORIENTED_EDGE('',*,*,#6239,.T.);
#6860=ORIENTED_EDGE('',*,*,#6477,.T.);
#6871=MANIFOLD_SOLID_BREP($,#6872);
#6872=CLOSED_SHELL('',(#6874,#6923,#6972,#7021,#7070,#7119,#7168,#7217,#7266,#7317,#7368,#7419,#7470,#7606));
#6873=STYLED_ITEM('',(#34),#6874);
#6874=ADVANCED_FACE('',(#6880),#6875,.T.);
#6875=PLANE('',#6876);
#6876=AXIS2_PLACEMENT_3D('',#6877,#6878,#6879);
#6877=CARTESIAN_POINT('',(1.994,2.205,0.314));
#6878=DIRECTION('',(-1.0,0.0,0.0));
#6879=DIRECTION('',(0.,0.,1.));
#6880=FACE_OUTER_BOUND('',#6881,.T.);
#6881=EDGE_LOOP('',(#6882,#6892,#6902,#6912));
#6885=CARTESIAN_POINT('',(1.994,1.605,0.314));
#6884=VERTEX_POINT('',#6885);
#6887=CARTESIAN_POINT('',(1.994,2.205,0.314));
#6886=VERTEX_POINT('',#6887);
#6883=EDGE_CURVE('',#6884,#6886,#6888,.T.);
#6888=LINE('',#6885,#6890);
#6890=VECTOR('',#6891,0.600455989829251);
#6891=DIRECTION('',(0.0,1.0,0.0));
#6882=ORIENTED_EDGE('',*,*,#6883,.F.);
#6895=CARTESIAN_POINT('',(1.994,1.605,0.419));
#6894=VERTEX_POINT('',#6895);
#6893=EDGE_CURVE('',#6894,#6884,#6898,.T.);
#6898=LINE('',#6895,#6900);
#6900=VECTOR('',#6901,0.104775);
#6901=DIRECTION('',(0.0,0.0,-1.0));
#6892=ORIENTED_EDGE('',*,*,#6893,.F.);
#6905=CARTESIAN_POINT('',(1.994,2.205,0.419));
#6904=VERTEX_POINT('',#6905);
#6903=EDGE_CURVE('',#6904,#6894,#6908,.T.);
#6908=LINE('',#6905,#6910);
#6910=VECTOR('',#6911,0.600455989829251);
#6911=DIRECTION('',(0.0,-1.0,0.0));
#6902=ORIENTED_EDGE('',*,*,#6903,.F.);
#6913=EDGE_CURVE('',#6886,#6904,#6918,.T.);
#6918=LINE('',#6887,#6920);
#6920=VECTOR('',#6921,0.104775);
#6921=DIRECTION('',(0.0,0.0,1.0));
#6912=ORIENTED_EDGE('',*,*,#6913,.F.);
#6922=STYLED_ITEM('',(#34),#6923);
#6923=ADVANCED_FACE('',(#6929),#6924,.T.);
#6924=PLANE('',#6925);
#6925=AXIS2_PLACEMENT_3D('',#6926,#6927,#6928);
#6926=CARTESIAN_POINT('',(1.994,2.205,0.419));
#6927=DIRECTION('',(0.0,0.0,1.0));
#6928=DIRECTION('',(0.,1.,0.));
#6929=FACE_OUTER_BOUND('',#6930,.T.);
#6930=EDGE_LOOP('',(#6931,#6941,#6951,#6961));
#6931=ORIENTED_EDGE('',*,*,#6903,.T.);
#6944=CARTESIAN_POINT('',(2.935,1.605,0.419));
#6943=VERTEX_POINT('',#6944);
#6942=EDGE_CURVE('',#6943,#6894,#6947,.T.);
#6947=LINE('',#6944,#6949);
#6949=VECTOR('',#6950,0.940987675246993);
#6950=DIRECTION('',(-1.0,0.0,0.0));
#6941=ORIENTED_EDGE('',*,*,#6942,.F.);
#6954=CARTESIAN_POINT('',(2.935,2.205,0.419));
#6953=VERTEX_POINT('',#6954);
#6952=EDGE_CURVE('',#6953,#6943,#6957,.T.);
#6957=LINE('',#6954,#6959);
#6959=VECTOR('',#6960,0.600455989952337);
#6960=DIRECTION('',(0.0,-1.0,0.0));
#6951=ORIENTED_EDGE('',*,*,#6952,.F.);
#6962=EDGE_CURVE('',#6904,#6953,#6967,.T.);
#6967=LINE('',#6905,#6969);
#6969=VECTOR('',#6970,0.940987675246993);
#6970=DIRECTION('',(1.0,0.0,0.0));
#6961=ORIENTED_EDGE('',*,*,#6962,.F.);
#6971=STYLED_ITEM('',(#34),#6972);
#6972=ADVANCED_FACE('',(#6978),#6973,.T.);
#6973=PLANE('',#6974);
#6974=AXIS2_PLACEMENT_3D('',#6975,#6976,#6977);
#6975=CARTESIAN_POINT('',(1.994,1.605,0.314));
#6976=DIRECTION('',(0.0,0.0,-1.0));
#6977=DIRECTION('',(0.,1.,0.));
#6978=FACE_OUTER_BOUND('',#6979,.T.);
#6979=EDGE_LOOP('',(#6980,#6990,#7000,#7010));
#6980=ORIENTED_EDGE('',*,*,#6883,.T.);
#6993=CARTESIAN_POINT('',(2.935,2.205,0.314));
#6992=VERTEX_POINT('',#6993);
#6991=EDGE_CURVE('',#6992,#6886,#6996,.T.);
#6996=LINE('',#6993,#6998);
#6998=VECTOR('',#6999,0.940987675246993);
#6999=DIRECTION('',(-1.0,0.0,0.0));
#6990=ORIENTED_EDGE('',*,*,#6991,.F.);
#7003=CARTESIAN_POINT('',(2.935,1.605,0.314));
#7002=VERTEX_POINT('',#7003);
#7001=EDGE_CURVE('',#7002,#6992,#7006,.T.);
#7006=LINE('',#7003,#7008);
#7008=VECTOR('',#7009,0.600455989952337);
#7009=DIRECTION('',(0.0,1.0,0.0));
#7000=ORIENTED_EDGE('',*,*,#7001,.F.);
#7011=EDGE_CURVE('',#6884,#7002,#7016,.T.);
#7016=LINE('',#6885,#7018);
#7018=VECTOR('',#7019,0.940987675246993);
#7019=DIRECTION('',(1.0,0.0,0.0));
#7010=ORIENTED_EDGE('',*,*,#7011,.F.);
#7020=STYLED_ITEM('',(#34),#7021);
#7021=ADVANCED_FACE('',(#7027),#7022,.T.);
#7022=PLANE('',#7023);
#7023=AXIS2_PLACEMENT_3D('',#7024,#7025,#7026);
#7024=CARTESIAN_POINT('',(3.159,1.605,0.182));
#7025=DIRECTION('',(0.966,0.0,0.259));
#7026=DIRECTION('',(0.,0.,1.));
#7027=FACE_OUTER_BOUND('',#7028,.T.);
#7028=EDGE_LOOP('',(#7029,#7039,#7049,#7059));
#7032=CARTESIAN_POINT('',(3.159,2.205,0.182));
#7031=VERTEX_POINT('',#7032);
#7034=CARTESIAN_POINT('',(3.159,1.605,0.182));
#7033=VERTEX_POINT('',#7034);
#7030=EDGE_CURVE('',#7031,#7033,#7035,.T.);
#7035=LINE('',#7032,#7037);
#7037=VECTOR('',#7038,0.600455990036603);
#7038=DIRECTION('',(0.0,-1.0,0.0));
#7029=ORIENTED_EDGE('',*,*,#7030,.F.);
#7042=CARTESIAN_POINT('',(3.137,2.205,0.264));
#7041=VERTEX_POINT('',#7042);
#7040=EDGE_CURVE('',#7041,#7031,#7045,.T.);
#7045=LINE('',#7042,#7047);
#7047=VECTOR('',#7048,0.0842220986750953);
#7048=DIRECTION('',(0.259,0.0,-0.966));
#7039=ORIENTED_EDGE('',*,*,#7040,.F.);
#7052=CARTESIAN_POINT('',(3.137,1.605,0.264));
#7051=VERTEX_POINT('',#7052);
#7050=EDGE_CURVE('',#7051,#7041,#7055,.T.);
#7055=LINE('',#7052,#7057);
#7057=VECTOR('',#7058,0.600455990026153);
#7058=DIRECTION('',(0.0,1.0,0.0));
#7049=ORIENTED_EDGE('',*,*,#7050,.F.);
#7060=EDGE_CURVE('',#7033,#7051,#7065,.T.);
#7065=LINE('',#7034,#7067);
#7067=VECTOR('',#7068,0.0842220986750953);
#7068=DIRECTION('',(-0.259,0.0,0.966));
#7059=ORIENTED_EDGE('',*,*,#7060,.F.);
#7069=STYLED_ITEM('',(#34),#7070);
#7070=ADVANCED_FACE('',(#7076),#7071,.T.);
#7071=PLANE('',#7072);
#7072=AXIS2_PLACEMENT_3D('',#7073,#7074,#7075);
#7073=CARTESIAN_POINT('',(3.058,2.205,0.155));
#7074=DIRECTION('',(-0.966,0.0,-0.259));
#7075=DIRECTION('',(0.,0.,1.));
#7076=FACE_OUTER_BOUND('',#7077,.T.);
#7077=EDGE_LOOP('',(#7078,#7088,#7098,#7108));
#7081=CARTESIAN_POINT('',(3.058,1.605,0.155));
#7080=VERTEX_POINT('',#7081);
#7083=CARTESIAN_POINT('',(3.058,2.205,0.155));
#7082=VERTEX_POINT('',#7083);
#7079=EDGE_CURVE('',#7080,#7082,#7084,.T.);
#7084=LINE('',#7081,#7086);
#7086=VECTOR('',#7087,0.600455989992746);
#7087=DIRECTION('',(0.0,1.0,0.0));
#7078=ORIENTED_EDGE('',*,*,#7079,.F.);
#7091=CARTESIAN_POINT('',(3.036,1.605,0.237));
#7090=VERTEX_POINT('',#7091);
#7089=EDGE_CURVE('',#7090,#7080,#7094,.T.);
#7094=LINE('',#7091,#7096);
#7096=VECTOR('',#7097,0.0842220986762303);
#7097=DIRECTION('',(0.259,0.0,-0.966));
#7088=ORIENTED_EDGE('',*,*,#7089,.F.);
#7101=CARTESIAN_POINT('',(3.036,2.205,0.237));
#7100=VERTEX_POINT('',#7101);
#7099=EDGE_CURVE('',#7100,#7090,#7104,.T.);
#7104=LINE('',#7101,#7106);
#7106=VECTOR('',#7107,0.600455989984688);
#7107=DIRECTION('',(0.0,-1.0,0.0));
#7098=ORIENTED_EDGE('',*,*,#7099,.F.);
#7109=EDGE_CURVE('',#7082,#7100,#7114,.T.);
#7114=LINE('',#7083,#7116);
#7116=VECTOR('',#7117,0.0842220986762305);
#7117=DIRECTION('',(-0.259,0.0,0.966));
#7108=ORIENTED_EDGE('',*,*,#7109,.F.);
#7118=STYLED_ITEM('',(#34),#7119);
#7119=ADVANCED_FACE('',(#7125),#7120,.T.);
#7120=PLANE('',#7121);
#7121=AXIS2_PLACEMENT_3D('',#7122,#7123,#7124);
#7122=CARTESIAN_POINT('',(4.201,1.605,0.105));
#7123=DIRECTION('',(0.0,0.0,1.0));
#7124=DIRECTION('',(0.,1.,0.));
#7125=FACE_OUTER_BOUND('',#7126,.T.);
#7126=EDGE_LOOP('',(#7127,#7137,#7147,#7157));
#7130=CARTESIAN_POINT('',(4.201,2.205,0.105));
#7129=VERTEX_POINT('',#7130);
#7132=CARTESIAN_POINT('',(4.201,1.605,0.105));
#7131=VERTEX_POINT('',#7132);
#7128=EDGE_CURVE('',#7129,#7131,#7133,.T.);
#7133=LINE('',#7130,#7135);
#7135=VECTOR('',#7136,0.600456);
#7136=DIRECTION('',(0.0,-1.0,0.0));
#7127=ORIENTED_EDGE('',*,*,#7128,.F.);
#7140=CARTESIAN_POINT('',(3.26,2.205,0.105));
#7139=VERTEX_POINT('',#7140);
#7138=EDGE_CURVE('',#7139,#7129,#7143,.T.);
#7143=LINE('',#7140,#7145);
#7145=VECTOR('',#7146,0.940987669281997);
#7146=DIRECTION('',(1.0,0.0,0.0));
#7137=ORIENTED_EDGE('',*,*,#7138,.F.);
#7150=CARTESIAN_POINT('',(3.26,1.605,0.105));
#7149=VERTEX_POINT('',#7150);
#7148=EDGE_CURVE('',#7149,#7139,#7153,.T.);
#7153=LINE('',#7150,#7155);
#7155=VECTOR('',#7156,0.600455990094297);
#7156=DIRECTION('',(0.0,1.0,0.0));
#7147=ORIENTED_EDGE('',*,*,#7148,.F.);
#7158=EDGE_CURVE('',#7131,#7149,#7163,.T.);
#7163=LINE('',#7132,#7165);
#7165=VECTOR('',#7166,0.940987669281997);
#7166=DIRECTION('',(-1.0,0.0,0.0));
#7157=ORIENTED_EDGE('',*,*,#7158,.F.);
#7167=STYLED_ITEM('',(#34),#7168);
#7168=ADVANCED_FACE('',(#7174),#7169,.T.);
#7169=PLANE('',#7170);
#7170=AXIS2_PLACEMENT_3D('',#7171,#7172,#7173);
#7171=CARTESIAN_POINT('',(3.26,1.605,0.0));
#7172=DIRECTION('',(0.0,0.0,-1.0));
#7173=DIRECTION('',(0.,1.,0.));
#7174=FACE_OUTER_BOUND('',#7175,.T.);
#7175=EDGE_LOOP('',(#7176,#7186,#7196,#7206));
#7179=CARTESIAN_POINT('',(3.26,2.205,0.0));
#7178=VERTEX_POINT('',#7179);
#7181=CARTESIAN_POINT('',(3.26,1.605,0.0));
#7180=VERTEX_POINT('',#7181);
#7177=EDGE_CURVE('',#7178,#7180,#7182,.T.);
#7182=LINE('',#7179,#7184);
#7184=VECTOR('',#7185,0.600455990094297);
#7185=DIRECTION('',(0.0,-1.0,0.0));
#7176=ORIENTED_EDGE('',*,*,#7177,.F.);
#7189=CARTESIAN_POINT('',(4.201,2.205,0.0));
#7188=VERTEX_POINT('',#7189);
#7187=EDGE_CURVE('',#7188,#7178,#7192,.T.);
#7192=LINE('',#7189,#7194);
#7194=VECTOR('',#7195,0.940987669281997);
#7195=DIRECTION('',(-1.0,0.0,0.0));
#7186=ORIENTED_EDGE('',*,*,#7187,.F.);
#7199=CARTESIAN_POINT('',(4.201,1.605,0.0));
#7198=VERTEX_POINT('',#7199);
#7197=EDGE_CURVE('',#7198,#7188,#7202,.T.);
#7202=LINE('',#7199,#7204);
#7204=VECTOR('',#7205,0.600456);
#7205=DIRECTION('',(0.0,1.0,0.0));
#7196=ORIENTED_EDGE('',*,*,#7197,.F.);
#7207=EDGE_CURVE('',#7180,#7198,#7212,.T.);
#7212=LINE('',#7181,#7214);
#7214=VECTOR('',#7215,0.940987669281997);
#7215=DIRECTION('',(1.0,0.0,0.0));
#7206=ORIENTED_EDGE('',*,*,#7207,.F.);
#7216=STYLED_ITEM('',(#34),#7217);
#7217=ADVANCED_FACE('',(#7223),#7218,.T.);
#7218=PLANE('',#7219);
#7219=AXIS2_PLACEMENT_3D('',#7220,#7221,#7222);
#7220=CARTESIAN_POINT('',(4.201,1.605,0.0));
#7221=DIRECTION('',(1.0,0.0,0.0));
#7222=DIRECTION('',(0.,0.,1.));
#7223=FACE_OUTER_BOUND('',#7224,.T.);
#7224=EDGE_LOOP('',(#7225,#7235,#7245,#7255));
#7225=ORIENTED_EDGE('',*,*,#7197,.T.);
#7236=EDGE_CURVE('',#7129,#7188,#7241,.T.);
#7241=LINE('',#7130,#7243);
#7243=VECTOR('',#7244,0.104775);
#7244=DIRECTION('',(0.0,0.0,-1.0));
#7235=ORIENTED_EDGE('',*,*,#7236,.F.);
#7245=ORIENTED_EDGE('',*,*,#7128,.T.);
#7256=EDGE_CURVE('',#7198,#7131,#7261,.T.);
#7261=LINE('',#7199,#7263);
#7263=VECTOR('',#7264,0.104775);
#7264=DIRECTION('',(0.0,0.0,1.0));
#7255=ORIENTED_EDGE('',*,*,#7256,.F.);
#7265=STYLED_ITEM($,(#34),#7266);
#7266=ADVANCED_FACE($,(#7272),#7267,.T.);
#7267=CYLINDRICAL_SURFACE($,#7268,0.20955);
#7268=AXIS2_PLACEMENT_3D($,#7269,#7270,#7271);
#7269=CARTESIAN_POINT('',(2.935,2.205,0.21));
#7270=DIRECTION('',(0.0,1.0,0.0));
#7271=DIRECTION('',(0.,0.,1.));
#7272=FACE_OUTER_BOUND($,#7273,.T.);
#7273=EDGE_LOOP($,(#7285,#7295,#7306,#7274));
#7285=ORIENTED_EDGE('',*,*,#6952,.T.);
#7296=EDGE_CURVE($,#7051,#6943,#7301,.T.);
#7301=CIRCLE($,#7302,0.20955);
#7303=CARTESIAN_POINT('',(2.935,1.605,0.21));
#7302=AXIS2_PLACEMENT_3D($,#7303,#7304,#7305);
#7304=DIRECTION('',(0.0,-1.0,0.0));
#7305=DIRECTION('',(-0.793,0.0,0.609));
#7295=ORIENTED_EDGE('',*,*,#7296,.F.);
#7306=ORIENTED_EDGE('',*,*,#7050,.T.);
#7275=EDGE_CURVE($,#6953,#7041,#7280,.T.);
#7280=CIRCLE($,#7281,0.20955);
#7282=CARTESIAN_POINT('',(2.935,2.205,0.21));
#7281=AXIS2_PLACEMENT_3D($,#7282,#7283,#7284);
#7283=DIRECTION('',(0.0,1.0,0.0));
#7284=DIRECTION('',(0.793,0.0,-0.609));
#7274=ORIENTED_EDGE('',*,*,#7275,.F.);
#7316=STYLED_ITEM($,(#34),#7317);
#7317=ADVANCED_FACE($,(#7323),#7318,.F.);
#7318=CYLINDRICAL_SURFACE($,#7319,0.104775);
#7319=AXIS2_PLACEMENT_3D($,#7320,#7321,#7322);
#7320=CARTESIAN_POINT('',(2.935,1.605,0.21));
#7321=DIRECTION('',(0.0,1.0,0.0));
#7322=DIRECTION('',(0.,0.,-1.));
#7323=FACE_OUTER_BOUND($,#7324,.T.);
#7324=EDGE_LOOP($,(#7336,#7346,#7357,#7325));
#7336=ORIENTED_EDGE('',*,*,#7001,.T.);
#7347=EDGE_CURVE($,#7100,#6992,#7352,.T.);
#7352=CIRCLE($,#7353,0.104775);
#7353=AXIS2_PLACEMENT_3D($,#7282,#7355,#7356);
#7355=DIRECTION('',(0.0,-1.0,0.0));
#7356=DIRECTION('',(-0.793,0.0,0.609));
#7346=ORIENTED_EDGE('',*,*,#7347,.F.);
#7357=ORIENTED_EDGE('',*,*,#7099,.T.);
#7326=EDGE_CURVE($,#7002,#7090,#7331,.T.);
#7331=CIRCLE($,#7332,0.104775);
#7332=AXIS2_PLACEMENT_3D($,#7303,#7334,#7335);
#7334=DIRECTION('',(0.0,1.0,0.0));
#7335=DIRECTION('',(0.793,0.0,-0.609));
#7325=ORIENTED_EDGE('',*,*,#7326,.F.);
#7367=STYLED_ITEM($,(#34),#7368);
#7368=ADVANCED_FACE($,(#7374),#7369,.F.);
#7369=CYLINDRICAL_SURFACE($,#7370,0.104775);
#7370=AXIS2_PLACEMENT_3D($,#7371,#7372,#7373);
#7371=CARTESIAN_POINT('',(3.26,1.605,0.21));
#7372=DIRECTION('',(0.0,1.0,0.0));
#7373=DIRECTION('',(0.,0.,1.));
#7374=FACE_OUTER_BOUND($,#7375,.T.);
#7375=EDGE_LOOP($,(#7387,#7397,#7408,#7376));
#7387=ORIENTED_EDGE('',*,*,#7148,.T.);
#7398=EDGE_CURVE($,#7031,#7139,#7403,.T.);
#7403=CIRCLE($,#7404,0.104775);
#7405=CARTESIAN_POINT('',(3.26,2.205,0.21));
#7404=AXIS2_PLACEMENT_3D($,#7405,#7406,#7407);
#7406=DIRECTION('',(0.0,-1.0,0.0));
#7407=DIRECTION('',(0.793,0.0,-0.609));
#7397=ORIENTED_EDGE('',*,*,#7398,.F.);
#7408=ORIENTED_EDGE('',*,*,#7030,.T.);
#7377=EDGE_CURVE($,#7149,#7033,#7382,.T.);
#7382=CIRCLE($,#7383,0.104775);
#7384=CARTESIAN_POINT('',(3.26,1.605,0.21));
#7383=AXIS2_PLACEMENT_3D($,#7384,#7385,#7386);
#7385=DIRECTION('',(0.0,1.0,0.0));
#7386=DIRECTION('',(-0.793,0.0,0.609));
#7376=ORIENTED_EDGE('',*,*,#7377,.F.);
#7418=STYLED_ITEM($,(#34),#7419);
#7419=ADVANCED_FACE($,(#7425),#7420,.T.);
#7420=CYLINDRICAL_SURFACE($,#7421,0.20955);
#7421=AXIS2_PLACEMENT_3D($,#7422,#7423,#7424);
#7422=CARTESIAN_POINT('',(3.26,1.605,0.21));
#7423=DIRECTION('',(0.0,1.0,0.0));
#7424=DIRECTION('',(0.,0.,-1.));
#7425=FACE_OUTER_BOUND($,#7426,.T.);
#7426=EDGE_LOOP($,(#7438,#7448,#7459,#7427));
#7438=ORIENTED_EDGE('',*,*,#7177,.T.);
#7449=EDGE_CURVE($,#7080,#7180,#7454,.T.);
#7454=CIRCLE($,#7455,0.20955);
#7455=AXIS2_PLACEMENT_3D($,#7384,#7457,#7458);
#7457=DIRECTION('',(0.0,-1.0,0.0));
#7458=DIRECTION('',(0.793,0.0,-0.609));
#7448=ORIENTED_EDGE('',*,*,#7449,.F.);
#7459=ORIENTED_EDGE('',*,*,#7079,.T.);
#7428=EDGE_CURVE($,#7178,#7082,#7433,.T.);
#7433=CIRCLE($,#7434,0.20955);
#7434=AXIS2_PLACEMENT_3D($,#7405,#7436,#7437);
#7436=DIRECTION('',(0.0,1.0,0.0));
#7437=DIRECTION('',(-0.793,0.0,0.609));
#7427=ORIENTED_EDGE('',*,*,#7428,.F.);
#7469=STYLED_ITEM('color',(#34),#7470);
#7470=ADVANCED_FACE($,(#7476),#7471,.T.);
#7471=PLANE($,#7472);
#7472=AXIS2_PLACEMENT_3D($,#7473,#7474,#7475);
#7473=CARTESIAN_POINT('',(1.994,1.605,0.314));
#7474=DIRECTION('',(0.0,-1.0,0.0));
#7475=DIRECTION('',(1.,0.,0.));
#7476=FACE_OUTER_BOUND($,#7477,.T.);
#7477=EDGE_LOOP($,(#7480, #7490, #7500, #7563, #7574, #7510, #7521, #7531, #7541, #7551, #7584, #7594));
#7480=ORIENTED_EDGE('',*,*,#6942,.T.);
#7490=ORIENTED_EDGE('',*,*,#6893,.T.);
#7500=ORIENTED_EDGE('',*,*,#7011,.T.);
#7563=ORIENTED_EDGE('',*,*,#7326,.T.);
#7574=ORIENTED_EDGE('',*,*,#7089,.T.);
#7510=ORIENTED_EDGE('',*,*,#7449,.T.);
#7521=ORIENTED_EDGE('',*,*,#7207,.T.);
#7531=ORIENTED_EDGE('',*,*,#7256,.T.);
#7541=ORIENTED_EDGE('',*,*,#7158,.T.);
#7551=ORIENTED_EDGE('',*,*,#7377,.T.);
#7584=ORIENTED_EDGE('',*,*,#7060,.T.);
#7594=ORIENTED_EDGE('',*,*,#7296,.T.);
#7605=STYLED_ITEM('color',(#34),#7606);
#7606=ADVANCED_FACE($,(#7612),#7607,.T.);
#7607=PLANE($,#7608);
#7608=AXIS2_PLACEMENT_3D($,#7609,#7610,#7611);
#7609=CARTESIAN_POINT('',(3.26,2.205,0.105));
#7610=DIRECTION('',(0.0,1.0,0.0));
#7611=DIRECTION('',(1.,0.,0.));
#7612=FACE_OUTER_BOUND($,#7613,.T.);
#7613=EDGE_LOOP($,(#7616, #7626, #7636, #7699, #7710, #7646, #7657, #7667, #7677, #7687, #7720, #7730));
#7616=ORIENTED_EDGE('',*,*,#6991,.T.);
#7626=ORIENTED_EDGE('',*,*,#6913,.T.);
#7636=ORIENTED_EDGE('',*,*,#6962,.T.);
#7699=ORIENTED_EDGE('',*,*,#7275,.T.);
#7710=ORIENTED_EDGE('',*,*,#7040,.T.);
#7646=ORIENTED_EDGE('',*,*,#7398,.T.);
#7657=ORIENTED_EDGE('',*,*,#7138,.T.);
#7667=ORIENTED_EDGE('',*,*,#7236,.T.);
#7677=ORIENTED_EDGE('',*,*,#7187,.T.);
#7687=ORIENTED_EDGE('',*,*,#7428,.T.);
#7720=ORIENTED_EDGE('',*,*,#7109,.T.);
#7730=ORIENTED_EDGE('',*,*,#7347,.T.);
ENDSEC;
END-ISO-10303-21;
